<annotation>
	<folder>UAV_data</folder>
	<filename>:\ssss\zuizhong\201907261520024530.975.6.jpg</filename>
	<source>
		<database>The UAV autolanding</database>
		<annotation>UAV AutoLanding</annotation>
		<image>flickr</image>
		<flickrid>NULL</flickrid>
	</source>
	<owner>
		<flickrid>NULL</flickrid>
		<name>ChaojieZhu</name>
	</owner>
	<size>
		<width>1280</width>
		<height>720</height>
		<depth>3</depth>
	</size>
		<segmented>0</segmented>
	<object>
		<name>Heat Stress</name>
		<pose>Unspecified</pose>
		<truncated>1</truncated>
		<difficult>0</difficult>
		<bndbox>
			<xmin>840.8333333333334</xmin>
			<ymin>552.6666666666667</ymin>
			<xmax>915.0</xmax>
			<ymax>662.6666666666667</ymax>
		</bndbox>
	</object>
	<object>
		<name>Heat Stress</name>
		<pose>Unspecified</pose>
		<truncated>1</truncated>
		<difficult>0</difficult>
		<bndbox>
			<xmin>870.8333333333334</xmin>
			<ymin>423.5</ymin>
			<xmax>945.8333333333334</xmax>
			<ymax>569.3333333333334</ymax>
		</bndbox>
	</object>
	<object>
		<name>Heat Stress</name>
		<pose>Unspecified</pose>
		<truncated>1</truncated>
		<difficult>0</difficult>
		<bndbox>
			<xmin>845.8333333333334</xmin>
			<ymin>327.6666666666667</ymin>
			<xmax>995.8333333333334</xmax>
			<ymax>415.1666666666667</ymax>
		</bndbox>
	</object>
	<object>
		<name>Heat Stress</name>
		<pose>Unspecified</pose>
		<truncated>1</truncated>
		<difficult>0</difficult>
		<bndbox>
			<xmin>690.0</xmin>
			<ymin>400.1666666666667</ymin>
			<xmax>812.5</xmax>
			<ymax>490.1666666666667</ymax>
		</bndbox>
	</object>
	<object>
		<name>Others</name>
		<pose>Unspecified</pose>
		<truncated>1</truncated>
		<difficult>0</difficult>
		<bndbox>
			<xmin>520.0203252032521</xmin>
			<ymin>637.6666666666667</ymin>
			<xmax>672.1869918699188</xmax>
			<ymax>719.0</ymax>
		</bndbox>
	</object>
	<object>
		<name>Eating</name>
		<pose>Unspecified</pose>
		<truncated>1</truncated>
		<difficult>0</difficult>
		<bndbox>
			<xmin>412.1951219512195</xmin>
			<ymin>509.0243902439024</ymin>
			<xmax>595.0</xmax>
			<ymax>594.3333333333334</ymax>
		</bndbox>
	</object>
	<object>
		<name>Others</name>
		<pose>Unspecified</pose>
		<truncated>1</truncated>
		<difficult>0</difficult>
		<bndbox>
			<xmin>421.6666666666667</xmin>
			<ymin>405.1666666666667</ymin>
			<xmax>550.0</xmax>
			<ymax>509.33333333333337</ymax>
		</bndbox>
	</object>
	<object>
		<name>Others</name>
		<pose>Unspecified</pose>
		<truncated>1</truncated>
		<difficult>0</difficult>
		<bndbox>
			<xmin>490.83333333333337</xmin>
			<ymin>354.33333333333337</ymin>
			<xmax>646.6666666666667</xmax>
			<ymax>450.1666666666667</ymax>
		</bndbox>
	</object>
	<object>
		<name>Others</name>
		<pose>Unspecified</pose>
		<truncated>1</truncated>
		<difficult>0</difficult>
		<bndbox>
			<xmin>596.6666666666667</xmin>
			<ymin>235.16666666666669</ymin>
			<xmax>710.8333333333334</xmax>
			<ymax>373.5</ymax>
		</bndbox>
	</object>
	<object>
		<name>Others</name>
		<pose>Unspecified</pose>
		<truncated>1</truncated>
		<difficult>0</difficult>
		<bndbox>
			<xmin>354.1666666666667</xmin>
			<ymin>353.5</ymin>
			<xmax>417.5</xmax>
			<ymax>476.83333333333337</ymax>
		</bndbox>
	</object>
	<object>
		<name>Others</name>
		<pose>Unspecified</pose>
		<truncated>1</truncated>
		<difficult>0</difficult>
		<bndbox>
			<xmin>182.5</xmin>
			<ymin>440.1666666666667</ymin>
			<xmax>335.83333333333337</xmax>
			<ymax>544.3333333333334</ymax>
		</bndbox>
	</object>
	<object>
		<name>Heat Stress</name>
		<pose>Unspecified</pose>
		<truncated>1</truncated>
		<difficult>0</difficult>
		<bndbox>
			<xmin>167.5</xmin>
			<ymin>423.5</ymin>
			<xmax>240.83333333333334</xmax>
			<ymax>555.1666666666667</ymax>
		</bndbox>
	</object>
	<object>
		<name>Heat Stress</name>
		<pose>Unspecified</pose>
		<truncated>1</truncated>
		<difficult>0</difficult>
		<bndbox>
			<xmin>224.16666666666669</xmin>
			<ymin>579.3333333333334</ymin>
			<xmax>358.33333333333337</xmax>
			<ymax>671.0</ymax>
		</bndbox>
	</object>
	<object>
		<name>Others</name>
		<pose>Unspecified</pose>
		<truncated>1</truncated>
		<difficult>0</difficult>
		<bndbox>
			<xmin>256.6666666666667</xmin>
			<ymin>241.0</ymin>
			<xmax>338.33333333333337</xmax>
			<ymax>364.33333333333337</ymax>
		</bndbox>
	</object>
	<object>
		<name>Heat Stress</name>
		<pose>Unspecified</pose>
		<truncated>1</truncated>
		<difficult>0</difficult>
		<bndbox>
			<xmin>339.1666666666667</xmin>
			<ymin>253.5</ymin>
			<xmax>407.5</xmax>
			<ymax>352.6666666666667</ymax>
		</bndbox>
	</object>
	<object>
		<name>Others</name>
		<pose>Unspecified</pose>
		<truncated>1</truncated>
		<difficult>0</difficult>
		<bndbox>
			<xmin>383.33333333333337</xmin>
			<ymin>271.83333333333337</ymin>
			<xmax>472.5</xmax>
			<ymax>426.83333333333337</ymax>
		</bndbox>
	</object>
	<object>
		<name>Others</name>
		<pose>Unspecified</pose>
		<truncated>1</truncated>
		<difficult>0</difficult>
		<bndbox>
			<xmin>138.33333333333334</xmin>
			<ymin>215.16666666666669</ymin>
			<xmax>223.33333333333334</xmax>
			<ymax>336.83333333333337</ymax>
		</bndbox>
	</object>
	<object>
		<name>Heat Stress</name>
		<pose>Unspecified</pose>
		<truncated>1</truncated>
		<difficult>0</difficult>
		<bndbox>
			<xmin>120.0</xmin>
			<ymin>77.66666666666667</ymin>
			<xmax>180.0</xmax>
			<ymax>198.5</ymax>
		</bndbox>
	</object>
	<object>
		<name>Heat Stress</name>
		<pose>Unspecified</pose>
		<truncated>1</truncated>
		<difficult>0</difficult>
		<bndbox>
			<xmin>119.16666666666667</xmin>
			<ymin>120.16666666666669</ymin>
			<xmax>181.66666666666669</xmax>
			<ymax>215.16666666666669</ymax>
		</bndbox>
	</object>
	<object>
		<name>Others</name>
		<pose>Unspecified</pose>
		<truncated>1</truncated>
		<difficult>0</difficult>
		<bndbox>
			<xmin>187.5</xmin>
			<ymin>46.83333333333334</ymin>
			<xmax>291.6666666666667</xmax>
			<ymax>116.83333333333334</ymax>
		</bndbox>
	</object>
	<object>
		<name>Heat Stress</name>
		<pose>Unspecified</pose>
		<truncated>1</truncated>
		<difficult>0</difficult>
		<bndbox>
			<xmin>260.0</xmin>
			<ymin>90.16666666666667</ymin>
			<xmax>321.6666666666667</xmax>
			<ymax>192.66666666666669</ymax>
		</bndbox>
	</object>
	<object>
		<name>Heat Stress</name>
		<pose>Unspecified</pose>
		<truncated>1</truncated>
		<difficult>0</difficult>
		<bndbox>
			<xmin>250.83333333333334</xmin>
			<ymin>161.0</ymin>
			<xmax>319.1666666666667</xmax>
			<ymax>287.6666666666667</ymax>
		</bndbox>
	</object>
	<object>
		<name>Others</name>
		<pose>Unspecified</pose>
		<truncated>1</truncated>
		<difficult>0</difficult>
		<bndbox>
			<xmin>326.6666666666667</xmin>
			<ymin>85.16666666666667</ymin>
			<xmax>402.5</xmax>
			<ymax>251.0</ymax>
		</bndbox>
	</object>
	<object>
		<name>Heat Stress</name>
		<pose>Unspecified</pose>
		<truncated>1</truncated>
		<difficult>0</difficult>
		<bndbox>
			<xmin>400.83333333333337</xmin>
			<ymin>120.16666666666669</ymin>
			<xmax>585.0</xmax>
			<ymax>213.5</ymax>
		</bndbox>
	</object>
	<object>
		<name>Others</name>
		<pose>Unspecified</pose>
		<truncated>1</truncated>
		<difficult>0</difficult>
		<bndbox>
			<xmin>614.1666666666667</xmin>
			<ymin>57.66666666666667</ymin>
			<xmax>720.8333333333334</xmax>
			<ymax>204.33333333333334</ymax>
		</bndbox>
	</object>
	<object>
		<name>Heat Stress</name>
		<pose>Unspecified</pose>
		<truncated>1</truncated>
		<difficult>0</difficult>
		<bndbox>
			<xmin>715.8333333333334</xmin>
			<ymin>76.83333333333334</ymin>
			<xmax>815.8333333333334</xmax>
			<ymax>251.83333333333337</ymax>
		</bndbox>
	</object>
	<object>
		<name>Heat Stress</name>
		<pose>Unspecified</pose>
		<truncated>1</truncated>
		<difficult>0</difficult>
		<bndbox>
			<xmin>813.3333333333334</xmin>
			<ymin>151.0</ymin>
			<xmax>944.1666666666667</xmax>
			<ymax>246.0</ymax>
		</bndbox>
	</object>
	<object>
		<name>Others</name>
		<pose>Unspecified</pose>
		<truncated>1</truncated>
		<difficult>0</difficult>
		<bndbox>
			<xmin>395.83333333333337</xmin>
			<ymin>8.5</ymin>
			<xmax>463.33333333333337</xmax>
			<ymax>143.5</ymax>
		</bndbox>
	</object>
	<object>
		<name>Heat Stress</name>
		<pose>Unspecified</pose>
		<truncated>1</truncated>
		<difficult>0</difficult>
		<bndbox>
			<xmin>247.5</xmin>
			<ymin>11.833333333333336</ymin>
			<xmax>371.6666666666667</xmax>
			<ymax>74.33333333333334</ymax>
		</bndbox>
	</object>
	<object>
		<name>Others</name>
		<pose>Unspecified</pose>
		<truncated>1</truncated>
		<difficult>0</difficult>
		<bndbox>
			<xmin>499.1666666666667</xmin>
			<ymin>44.333333333333336</ymin>
			<xmax>594.1666666666667</xmax>
			<ymax>156.0</ymax>
		</bndbox>
	</object>
</annotation>