<annotation>
	<folder>UAV_data</folder>
	<filename>:\ssss\zuizhong\201907261520002131.174.9.jpg</filename>
	<source>
		<database>The UAV autolanding</database>
		<annotation>UAV AutoLanding</annotation>
		<image>flickr</image>
		<flickrid>NULL</flickrid>
	</source>
	<owner>
		<flickrid>NULL</flickrid>
		<name>ChaojieZhu</name>
	</owner>
	<size>
		<width>1280</width>
		<height>720</height>
		<depth>3</depth>
	</size>
		<segmented>0</segmented>
	<object>
		<name>Heat Stress</name>
		<pose>Unspecified</pose>
		<truncated>1</truncated>
		<difficult>0</difficult>
		<bndbox>
			<xmin>841.7682926829269</xmin>
			<ymin>557.5447154471545</ymin>
			<xmax>913.0081300813008</xmax>
			<ymax>679.9430894308944</ymax>
		</bndbox>
	</object>
	<object>
		<name>Heat Stress</name>
		<pose>Unspecified</pose>
		<truncated>1</truncated>
		<difficult>0</difficult>
		<bndbox>
			<xmin>583.3333333333334</xmin>
			<ymin>549.3333333333334</ymin>
			<xmax>758.5365853658536</xmax>
			<ymax>636.040650406504</ymax>
		</bndbox>
	</object>
	<object>
		<name>Others</name>
		<pose>Unspecified</pose>
		<truncated>1</truncated>
		<difficult>0</difficult>
		<bndbox>
			<xmin>794.8983739837399</xmin>
			<ymin>382.5243902439025</ymin>
			<xmax>886.178861788618</xmax>
			<ymax>534.4146341463414</ymax>
		</bndbox>
	</object>
	<object>
		<name>Heat Stress</name>
		<pose>Unspecified</pose>
		<truncated>1</truncated>
		<difficult>0</difficult>
		<bndbox>
			<xmin>454.1666666666667</xmin>
			<ymin>546.0</ymin>
			<xmax>541.6666666666667</xmax>
			<ymax>708.5</ymax>
		</bndbox>
	</object>
	<object>
		<name>Others</name>
		<pose>Unspecified</pose>
		<truncated>1</truncated>
		<difficult>0</difficult>
		<bndbox>
			<xmin>622.5</xmin>
			<ymin>312.6666666666667</ymin>
			<xmax>755.0</xmax>
			<ymax>437.6666666666667</ymax>
		</bndbox>
	</object>
	<object>
		<name>Others</name>
		<pose>Unspecified</pose>
		<truncated>1</truncated>
		<difficult>0</difficult>
		<bndbox>
			<xmin>794.0853658536586</xmin>
			<ymin>272.5853658536586</ymin>
			<xmax>948.780487804878</xmax>
			<ymax>375.8780487804878</ymax>
		</bndbox>
	</object>
	<object>
		<name>Others</name>
		<pose>Unspecified</pose>
		<truncated>1</truncated>
		<difficult>0</difficult>
		<bndbox>
			<xmin>533.3333333333334</xmin>
			<ymin>287.6666666666667</ymin>
			<xmax>614.1666666666667</xmax>
			<ymax>455.1666666666667</ymax>
		</bndbox>
	</object>
	<object>
		<name>Heat Stress</name>
		<pose>Unspecified</pose>
		<truncated>1</truncated>
		<difficult>0</difficult>
		<bndbox>
			<xmin>342.5</xmin>
			<ymin>330.1666666666667</ymin>
			<xmax>456.6666666666667</xmax>
			<ymax>414.33333333333337</ymax>
		</bndbox>
	</object>
	<object>
		<name>Heat Stress</name>
		<pose>Unspecified</pose>
		<truncated>1</truncated>
		<difficult>0</difficult>
		<bndbox>
			<xmin>403.33333333333337</xmin>
			<ymin>320.1666666666667</ymin>
			<xmax>503.33333333333337</xmax>
			<ymax>471.0</ymax>
		</bndbox>
	</object>
	<object>
		<name>Others</name>
		<pose>Unspecified</pose>
		<truncated>1</truncated>
		<difficult>0</difficult>
		<bndbox>
			<xmin>275.83333333333337</xmin>
			<ymin>393.5</ymin>
			<xmax>414.1666666666667</xmax>
			<ymax>502.66666666666674</ymax>
		</bndbox>
	</object>
	<object>
		<name>Others</name>
		<pose>Unspecified</pose>
		<truncated>1</truncated>
		<difficult>0</difficult>
		<bndbox>
			<xmin>156.6869918699187</xmin>
			<ymin>395.26829268292687</ymin>
			<xmax>310.8536585365854</xmax>
			<ymax>480.26829268292687</ymax>
		</bndbox>
	</object>
	<object>
		<name>Heat Stress</name>
		<pose>Unspecified</pose>
		<truncated>1</truncated>
		<difficult>0</difficult>
		<bndbox>
			<xmin>229.8780487804878</xmin>
			<ymin>583.5</ymin>
			<xmax>359.349593495935</xmax>
			<ymax>668.5609756097562</ymax>
		</bndbox>
	</object>
	<object>
		<name>Others</name>
		<pose>Unspecified</pose>
		<truncated>1</truncated>
		<difficult>0</difficult>
		<bndbox>
			<xmin>122.5</xmin>
			<ymin>548.5</ymin>
			<xmax>195.0</xmax>
			<ymax>683.5</ymax>
		</bndbox>
	</object>
	<object>
		<name>Heat Stress</name>
		<pose>Unspecified</pose>
		<truncated>1</truncated>
		<difficult>0</difficult>
		<bndbox>
			<xmin>692.5</xmin>
			<ymin>148.5</ymin>
			<xmax>776.6666666666667</xmax>
			<ymax>316.0</ymax>
		</bndbox>
	</object>
	<object>
		<name>Others</name>
		<pose>Unspecified</pose>
		<truncated>1</truncated>
		<difficult>0</difficult>
		<bndbox>
			<xmin>840.8333333333334</xmin>
			<ymin>137.66666666666669</ymin>
			<xmax>949.1666666666667</xmax>
			<ymax>231.83333333333334</ymax>
		</bndbox>
	</object>
	<object>
		<name>Others</name>
		<pose>Unspecified</pose>
		<truncated>1</truncated>
		<difficult>0</difficult>
		<bndbox>
			<xmin>841.6666666666667</xmin>
			<ymin>26.833333333333336</ymin>
			<xmax>954.1666666666667</xmax>
			<ymax>121.83333333333334</ymax>
		</bndbox>
	</object>
	<object>
		<name>Drinking</name>
		<pose>Unspecified</pose>
		<truncated>1</truncated>
		<difficult>0</difficult>
		<bndbox>
			<xmin>781.869918699187</xmin>
			<ymin>16.142276422764233</ymin>
			<xmax>862.6016260162602</xmax>
			<ymax>163.6829268292683</ymax>
		</bndbox>
	</object>
	<object>
		<name>Others</name>
		<pose>Unspecified</pose>
		<truncated>1</truncated>
		<difficult>0</difficult>
		<bndbox>
			<xmin>692.5</xmin>
			<ymin>75.16666666666667</ymin>
			<xmax>805.0</xmax>
			<ymax>177.66666666666669</ymax>
		</bndbox>
	</object>
	<object>
		<name>Others</name>
		<pose>Unspecified</pose>
		<truncated>1</truncated>
		<difficult>0</difficult>
		<bndbox>
			<xmin>593.3333333333334</xmin>
			<ymin>89.33333333333334</ymin>
			<xmax>696.6666666666667</xmax>
			<ymax>203.5</ymax>
		</bndbox>
	</object>
	<object>
		<name>Drinking</name>
		<pose>Unspecified</pose>
		<truncated>1</truncated>
		<difficult>0</difficult>
		<bndbox>
			<xmin>545.0</xmin>
			<ymin>76.14227642276424</ymin>
			<xmax>616.6666666666667</xmax>
			<ymax>261.9756097560976</ymax>
		</bndbox>
	</object>
	<object>
		<name>Drinking</name>
		<pose>Unspecified</pose>
		<truncated>1</truncated>
		<difficult>0</difficult>
		<bndbox>
			<xmin>429.1463414634147</xmin>
			<ymin>69.08943089430895</ymin>
			<xmax>582.1138211382114</xmax>
			<ymax>183.1951219512195</ymax>
		</bndbox>
	</object>
	<object>
		<name>Drinking</name>
		<pose>Unspecified</pose>
		<truncated>1</truncated>
		<difficult>0</difficult>
		<bndbox>
			<xmin>414.1666666666667</xmin>
			<ymin>3.5</ymin>
			<xmax>490.83333333333337</xmax>
			<ymax>148.5</ymax>
		</bndbox>
	</object>
	<object>
		<name>Drinking</name>
		<pose>Unspecified</pose>
		<truncated>1</truncated>
		<difficult>0</difficult>
		<bndbox>
			<xmin>367.5</xmin>
			<ymin>76.83333333333334</ymin>
			<xmax>437.5</xmax>
			<ymax>214.33333333333334</ymax>
		</bndbox>
	</object>
	<object>
		<name>Others</name>
		<pose>Unspecified</pose>
		<truncated>1</truncated>
		<difficult>0</difficult>
		<bndbox>
			<xmin>424.1666666666667</xmin>
			<ymin>194.33333333333334</ymin>
			<xmax>541.6666666666667</xmax>
			<ymax>320.1666666666667</ymax>
		</bndbox>
	</object>
	<object>
		<name>Heat Stress</name>
		<pose>Unspecified</pose>
		<truncated>1</truncated>
		<difficult>0</difficult>
		<bndbox>
			<xmin>216.66666666666669</xmin>
			<ymin>252.66666666666669</ymin>
			<xmax>348.33333333333337</xmax>
			<ymax>327.6666666666667</ymax>
		</bndbox>
	</object>
	<object>
		<name>Others</name>
		<pose>Unspecified</pose>
		<truncated>1</truncated>
		<difficult>0</difficult>
		<bndbox>
			<xmin>87.5</xmin>
			<ymin>300.1666666666667</ymin>
			<xmax>207.5</xmax>
			<ymax>377.6666666666667</ymax>
		</bndbox>
	</object>
	<object>
		<name>Others</name>
		<pose>Unspecified</pose>
		<truncated>1</truncated>
		<difficult>0</difficult>
		<bndbox>
			<xmin>221.66666666666669</xmin>
			<ymin>111.83333333333334</ymin>
			<xmax>278.33333333333337</xmax>
			<ymax>260.1666666666667</ymax>
		</bndbox>
	</object>
	<object>
		<name>Others</name>
		<pose>Unspecified</pose>
		<truncated>1</truncated>
		<difficult>0</difficult>
		<bndbox>
			<xmin>282.5</xmin>
			<ymin>1.8333333333333357</ymin>
			<xmax>348.33333333333337</xmax>
			<ymax>135.16666666666669</ymax>
		</bndbox>
	</object>
	<object>
		<name>Others</name>
		<pose>Unspecified</pose>
		<truncated>1</truncated>
		<difficult>0</difficult>
		<bndbox>
			<xmin>194.16666666666669</xmin>
			<ymin>1.0</ymin>
			<xmax>311.6666666666667</xmax>
			<ymax>93.5</ymax>
		</bndbox>
	</object>
	<object>
		<name>Others</name>
		<pose>Unspecified</pose>
		<truncated>1</truncated>
		<difficult>0</difficult>
		<bndbox>
			<xmin>125.0</xmin>
			<ymin>91.83333333333334</ymin>
			<xmax>234.16666666666669</xmax>
			<ymax>205.16666666666669</ymax>
		</bndbox>
	</object>
	<object>
		<name>Others</name>
		<pose>Unspecified</pose>
		<truncated>1</truncated>
		<difficult>0</difficult>
		<bndbox>
			<xmin>91.66666666666667</xmin>
			<ymin>128.5</ymin>
			<xmax>158.33333333333334</xmax>
			<ymax>245.16666666666669</ymax>
		</bndbox>
	</object>
	<object>
		<name>Others</name>
		<pose>Unspecified</pose>
		<truncated>1</truncated>
		<difficult>0</difficult>
		<bndbox>
			<xmin>114.16666666666667</xmin>
			<ymin>40.16666666666667</ymin>
			<xmax>207.5</xmax>
			<ymax>128.5</ymax>
		</bndbox>
	</object>
</annotation>