<annotation>
	<folder>UAV_data</folder>
	<filename>:\ssss\zuizhong\201907250700000130.582.9.jpg</filename>
	<source>
		<database>The UAV autolanding</database>
		<annotation>UAV AutoLanding</annotation>
		<image>flickr</image>
		<flickrid>NULL</flickrid>
	</source>
	<owner>
		<flickrid>NULL</flickrid>
		<name>ChaojieZhu</name>
	</owner>
	<size>
		<width>1280</width>
		<height>720</height>
		<depth>3</depth>
	</size>
		<segmented>0</segmented>
	<object>
		<name>Others</name>
		<pose>Unspecified</pose>
		<truncated>1</truncated>
		<difficult>0</difficult>
		<bndbox>
			<xmin>500.5</xmin>
			<ymin>330.0</ymin>
			<xmax>591.3333333333334</xmax>
			<ymax>501.66666666666674</ymax>
		</bndbox>
	</object>
	<object>
		<name>Eating</name>
		<pose>Unspecified</pose>
		<truncated>1</truncated>
		<difficult>0</difficult>
		<bndbox>
			<xmin>834.6666666666667</xmin>
			<ymin>510.83333333333337</ymin>
			<xmax>928.8333333333334</xmax>
			<ymax>622.5</ymax>
		</bndbox>
	</object>
	<object>
		<name>Drinking</name>
		<pose>Unspecified</pose>
		<truncated>1</truncated>
		<difficult>0</difficult>
		<bndbox>
			<xmin>463.4146341463415</xmin>
			<ymin>72.6260162601626</ymin>
			<xmax>552.1666666666667</xmax>
			<ymax>236.66666666666669</ymax>
		</bndbox>
	</object>
	<object>
		<name>Others</name>
		<pose>Unspecified</pose>
		<truncated>1</truncated>
		<difficult>0</difficult>
		<bndbox>
			<xmin>193.0</xmin>
			<ymin>254.16666666666669</ymin>
			<xmax>276.33333333333337</xmax>
			<ymax>390.83333333333337</ymax>
		</bndbox>
	</object>
	<object>
		<name>Others</name>
		<pose>Unspecified</pose>
		<truncated>1</truncated>
		<difficult>0</difficult>
		<bndbox>
			<xmin>601.3333333333334</xmin>
			<ymin>556.6666666666667</ymin>
			<xmax>716.3333333333334</xmax>
			<ymax>677.5</ymax>
		</bndbox>
	</object>
	<object>
		<name>Others</name>
		<pose>Unspecified</pose>
		<truncated>1</truncated>
		<difficult>0</difficult>
		<bndbox>
			<xmin>476.35365853658544</xmin>
			<ymin>539.1666666666667</ymin>
			<xmax>561.3536585365855</xmax>
			<ymax>675.8333333333334</ymax>
		</bndbox>
	</object>
	<object>
		<name>Others</name>
		<pose>Unspecified</pose>
		<truncated>1</truncated>
		<difficult>0</difficult>
		<bndbox>
			<xmin>161.33333333333334</xmin>
			<ymin>394.1666666666667</ymin>
			<xmax>250.5</xmax>
			<ymax>475.0</ymax>
		</bndbox>
	</object>
	<object>
		<name>Heat Stress</name>
		<pose>Unspecified</pose>
		<truncated>1</truncated>
		<difficult>0</difficult>
		<bndbox>
			<xmin>98.83333333333334</xmin>
			<ymin>297.5</ymin>
			<xmax>165.5</xmax>
			<ymax>427.5</ymax>
		</bndbox>
	</object>
	<object>
		<name>Others</name>
		<pose>Unspecified</pose>
		<truncated>1</truncated>
		<difficult>0</difficult>
		<bndbox>
			<xmin>598.0</xmin>
			<ymin>385.0</ymin>
			<xmax>698.8333333333334</xmax>
			<ymax>521.6666666666667</ymax>
		</bndbox>
	</object>
	<object>
		<name>Others</name>
		<pose>Unspecified</pose>
		<truncated>1</truncated>
		<difficult>0</difficult>
		<bndbox>
			<xmin>715.5</xmin>
			<ymin>281.6666666666667</ymin>
			<xmax>840.5</xmax>
			<ymax>437.5</ymax>
		</bndbox>
	</object>
	<object>
		<name>Others</name>
		<pose>Unspecified</pose>
		<truncated>1</truncated>
		<difficult>0</difficult>
		<bndbox>
			<xmin>123.83333333333334</xmin>
			<ymin>465.0</ymin>
			<xmax>189.66666666666669</xmax>
			<ymax>588.3333333333334</ymax>
		</bndbox>
	</object>
	<object>
		<name>Eating</name>
		<pose>Unspecified</pose>
		<truncated>1</truncated>
		<difficult>0</difficult>
		<bndbox>
			<xmin>271.33333333333337</xmin>
			<ymin>583.3333333333334</ymin>
			<xmax>407.1666666666667</xmax>
			<ymax>651.6666666666667</ymax>
		</bndbox>
	</object>
	<object>
		<name>Heat Stress</name>
		<pose>Unspecified</pose>
		<truncated>1</truncated>
		<difficult>0</difficult>
		<bndbox>
			<xmin>777.1666666666667</xmin>
			<ymin>140.0</ymin>
			<xmax>859.6666666666667</xmax>
			<ymax>292.5</ymax>
		</bndbox>
	</object>
	<object>
		<name>Others</name>
		<pose>Unspecified</pose>
		<truncated>1</truncated>
		<difficult>0</difficult>
		<bndbox>
			<xmin>583.8333333333334</xmin>
			<ymin>131.64634146341464</ymin>
			<xmax>687.1666666666667</xmax>
			<ymax>291.6463414634147</ymax>
		</bndbox>
	</object>
	<object>
		<name>Others</name>
		<pose>Unspecified</pose>
		<truncated>1</truncated>
		<difficult>0</difficult>
		<bndbox>
			<xmin>693.0</xmin>
			<ymin>83.33333333333334</ymin>
			<xmax>763.8333333333334</xmax>
			<ymax>250.0</ymax>
		</bndbox>
	</object>
	<object>
		<name>Others</name>
		<pose>Unspecified</pose>
		<truncated>1</truncated>
		<difficult>0</difficult>
		<bndbox>
			<xmin>350.5</xmin>
			<ymin>120.83333333333334</ymin>
			<xmax>428.0</xmax>
			<ymax>295.0</ymax>
		</bndbox>
	</object>
	<object>
		<name>Others</name>
		<pose>Unspecified</pose>
		<truncated>1</truncated>
		<difficult>0</difficult>
		<bndbox>
			<xmin>338.9349593495935</xmin>
			<ymin>74.20731707317074</ymin>
			<xmax>454.4715447154472</xmax>
			<ymax>219.78048780487805</ymax>
		</bndbox>
	</object>
	<object>
		<name>Others</name>
		<pose>Unspecified</pose>
		<truncated>1</truncated>
		<difficult>0</difficult>
		<bndbox>
			<xmin>681.1097560975611</xmin>
			<ymin>14.939024390243887</ymin>
			<xmax>792.6829268292684</xmax>
			<ymax>88.88617886178862</ymax>
		</bndbox>
	</object>
	<object>
		<name>Drinking</name>
		<pose>Unspecified</pose>
		<truncated>1</truncated>
		<difficult>0</difficult>
		<bndbox>
			<xmin>354.6666666666667</xmin>
			<ymin>6.666666666666668</ymin>
			<xmax>503.0</xmax>
			<ymax>58.33333333333334</ymax>
		</bndbox>
	</object>
	<object>
		<name>Heat Stress</name>
		<pose>Unspecified</pose>
		<truncated>1</truncated>
		<difficult>0</difficult>
		<bndbox>
			<xmin>418.89430894308947</xmin>
			<ymin>178.35365853658539</ymin>
			<xmax>504.7276422764228</xmax>
			<ymax>323.3536585365854</ymax>
		</bndbox>
	</object>
	<object>
		<name>Others</name>
		<pose>Unspecified</pose>
		<truncated>1</truncated>
		<difficult>0</difficult>
		<bndbox>
			<xmin>226.33333333333334</xmin>
			<ymin>119.16666666666669</ymin>
			<xmax>323.0</xmax>
			<ymax>231.66666666666669</ymax>
		</bndbox>
	</object>
	<object>
		<name>Heat Stress</name>
		<pose>Unspecified</pose>
		<truncated>1</truncated>
		<difficult>0</difficult>
		<bndbox>
			<xmin>112.16666666666667</xmin>
			<ymin>51.66666666666667</ymin>
			<xmax>188.83333333333334</xmax>
			<ymax>147.5</ymax>
		</bndbox>
	</object>
	<object>
		<name>Others</name>
		<pose>Unspecified</pose>
		<truncated>1</truncated>
		<difficult>0</difficult>
		<bndbox>
			<xmin>135.5</xmin>
			<ymin>138.33333333333334</ymin>
			<xmax>223.83333333333334</xmax>
			<ymax>220.0</ymax>
		</bndbox>
	</object>
	<object>
		<name>Others</name>
		<pose>Unspecified</pose>
		<truncated>1</truncated>
		<difficult>0</difficult>
		<bndbox>
			<xmin>127.16666666666669</xmin>
			<ymin>213.33333333333334</ymin>
			<xmax>234.66666666666669</xmax>
			<ymax>284.1666666666667</ymax>
		</bndbox>
	</object>
	<object>
		<name>Others</name>
		<pose>Unspecified</pose>
		<truncated>1</truncated>
		<difficult>0</difficult>
		<bndbox>
			<xmin>87.16666666666667</xmin>
			<ymin>146.66666666666669</ymin>
			<xmax>152.16666666666669</xmax>
			<ymax>241.66666666666669</ymax>
		</bndbox>
	</object>
	<object>
		<name>Others</name>
		<pose>Unspecified</pose>
		<truncated>1</truncated>
		<difficult>0</difficult>
		<bndbox>
			<xmin>214.66666666666669</xmin>
			<ymin>0.0</ymin>
			<xmax>301.33333333333337</xmax>
			<ymax>111.66666666666669</ymax>
		</bndbox>
	</object>
	<object>
		<name>Others</name>
		<pose>Unspecified</pose>
		<truncated>1</truncated>
		<difficult>0</difficult>
		<bndbox>
			<xmin>277.1666666666667</xmin>
			<ymin>40.0</ymin>
			<xmax>401.33333333333337</xmax>
			<ymax>120.0</ymax>
		</bndbox>
	</object>
	<object>
		<name>Others</name>
		<pose>Unspecified</pose>
		<truncated>1</truncated>
		<difficult>0</difficult>
		<bndbox>
			<xmin>513.0</xmin>
			<ymin>52.5</ymin>
			<xmax>656.3333333333334</xmax>
			<ymax>106.66666666666669</ymax>
		</bndbox>
	</object>
	<object>
		<name>Others</name>
		<pose>Unspecified</pose>
		<truncated>1</truncated>
		<difficult>0</difficult>
		<bndbox>
			<xmin>200.5</xmin>
			<ymin>38.333333333333336</ymin>
			<xmax>264.6666666666667</xmax>
			<ymax>158.33333333333334</ymax>
		</bndbox>
	</object>
	<object>
		<name>Others</name>
		<pose>Unspecified</pose>
		<truncated>1</truncated>
		<difficult>0</difficult>
		<bndbox>
			<xmin>144.66666666666669</xmin>
			<ymin>14.166666666666671</ymin>
			<xmax>258.83333333333337</xmax>
			<ymax>60.83333333333334</ymax>
		</bndbox>
	</object>
	<object>
		<name>Others</name>
		<pose>Unspecified</pose>
		<truncated>1</truncated>
		<difficult>0</difficult>
		<bndbox>
			<xmin>533.0</xmin>
			<ymin>98.33333333333334</ymin>
			<xmax>681.3333333333334</xmax>
			<ymax>185.83333333333334</ymax>
		</bndbox>
	</object>
	<object>
		<name>Others</name>
		<pose>Unspecified</pose>
		<truncated>1</truncated>
		<difficult>0</difficult>
		<bndbox>
			<xmin>104.16666666666667</xmin>
			<ymin>594.3333333333334</ymin>
			<xmax>232.5</xmax>
			<ymax>666.0</ymax>
		</bndbox>
	</object>
	<object>
		<name>Others</name>
		<pose>Unspecified</pose>
		<truncated>1</truncated>
		<difficult>0</difficult>
		<bndbox>
			<xmin>159.16666666666669</xmin>
			<ymin>576.0</ymin>
			<xmax>272.5</xmax>
			<ymax>649.3333333333334</ymax>
		</bndbox>
	</object>
</annotation>