<annotation>
	<folder>UAV_data</folder>
	<filename>:\ssss\zuizhong\201907261520015530.976.4.jpg</filename>
	<source>
		<database>The UAV autolanding</database>
		<annotation>UAV AutoLanding</annotation>
		<image>flickr</image>
		<flickrid>NULL</flickrid>
	</source>
	<owner>
		<flickrid>NULL</flickrid>
		<name>ChaojieZhu</name>
	</owner>
	<size>
		<width>1280</width>
		<height>720</height>
		<depth>3</depth>
	</size>
		<segmented>0</segmented>
	<object>
		<name>Heat Stress</name>
		<pose>Unspecified</pose>
		<truncated>1</truncated>
		<difficult>0</difficult>
		<bndbox>
			<xmin>845.0</xmin>
			<ymin>559.3333333333334</ymin>
			<xmax>912.5</xmax>
			<ymax>670.1666666666667</ymax>
		</bndbox>
	</object>
	<object>
		<name>Others</name>
		<pose>Unspecified</pose>
		<truncated>1</truncated>
		<difficult>0</difficult>
		<bndbox>
			<xmin>635.8333333333334</xmin>
			<ymin>568.5</ymin>
			<xmax>716.6666666666667</xmax>
			<ymax>703.5</ymax>
		</bndbox>
	</object>
	<object>
		<name>Heat Stress</name>
		<pose>Unspecified</pose>
		<truncated>1</truncated>
		<difficult>0</difficult>
		<bndbox>
			<xmin>490.83333333333337</xmin>
			<ymin>414.33333333333337</ymin>
			<xmax>601.6666666666667</xmax>
			<ymax>547.6666666666667</ymax>
		</bndbox>
	</object>
	<object>
		<name>Heat Stress</name>
		<pose>Unspecified</pose>
		<truncated>1</truncated>
		<difficult>0</difficult>
		<bndbox>
			<xmin>851.6666666666667</xmin>
			<ymin>382.6666666666667</ymin>
			<xmax>925.8333333333334</xmax>
			<ymax>526.8333333333334</ymax>
		</bndbox>
	</object>
	<object>
		<name>Heat Stress</name>
		<pose>Unspecified</pose>
		<truncated>1</truncated>
		<difficult>0</difficult>
		<bndbox>
			<xmin>251.66666666666669</xmin>
			<ymin>383.5</ymin>
			<xmax>342.5</xmax>
			<ymax>558.5</ymax>
		</bndbox>
	</object>
	<object>
		<name>Heat Stress</name>
		<pose>Unspecified</pose>
		<truncated>1</truncated>
		<difficult>0</difficult>
		<bndbox>
			<xmin>226.66666666666669</xmin>
			<ymin>579.3333333333334</ymin>
			<xmax>361.6666666666667</xmax>
			<ymax>670.1666666666667</ymax>
		</bndbox>
	</object>
	<object>
		<name>Others</name>
		<pose>Unspecified</pose>
		<truncated>1</truncated>
		<difficult>0</difficult>
		<bndbox>
			<xmin>165.83333333333334</xmin>
			<ymin>357.6666666666667</ymin>
			<xmax>253.33333333333334</xmax>
			<ymax>552.6666666666667</ymax>
		</bndbox>
	</object>
	<object>
		<name>Others</name>
		<pose>Unspecified</pose>
		<truncated>1</truncated>
		<difficult>0</difficult>
		<bndbox>
			<xmin>612.5</xmin>
			<ymin>286.0</ymin>
			<xmax>760.0</xmax>
			<ymax>406.0</ymax>
		</bndbox>
	</object>
	<object>
		<name>Heat Stress</name>
		<pose>Unspecified</pose>
		<truncated>1</truncated>
		<difficult>0</difficult>
		<bndbox>
			<xmin>755.0</xmin>
			<ymin>263.5</ymin>
			<xmax>853.3333333333334</xmax>
			<ymax>408.5</ymax>
		</bndbox>
	</object>
	<object>
		<name>Others</name>
		<pose>Unspecified</pose>
		<truncated>1</truncated>
		<difficult>0</difficult>
		<bndbox>
			<xmin>480.0</xmin>
			<ymin>287.6666666666667</ymin>
			<xmax>631.6666666666667</xmax>
			<ymax>410.1666666666667</ymax>
		</bndbox>
	</object>
	<object>
		<name>Heat Stress</name>
		<pose>Unspecified</pose>
		<truncated>1</truncated>
		<difficult>0</difficult>
		<bndbox>
			<xmin>554.1666666666667</xmin>
			<ymin>246.83333333333337</ymin>
			<xmax>661.6666666666667</xmax>
			<ymax>323.5</ymax>
		</bndbox>
	</object>
	<object>
		<name>Heat Stress</name>
		<pose>Unspecified</pose>
		<truncated>1</truncated>
		<difficult>0</difficult>
		<bndbox>
			<xmin>469.1666666666667</xmin>
			<ymin>165.16666666666669</ymin>
			<xmax>624.1666666666667</xmax>
			<ymax>271.83333333333337</ymax>
		</bndbox>
	</object>
	<object>
		<name>Others</name>
		<pose>Unspecified</pose>
		<truncated>1</truncated>
		<difficult>0</difficult>
		<bndbox>
			<xmin>832.5</xmin>
			<ymin>142.66666666666669</ymin>
			<xmax>950.0</xmax>
			<ymax>246.0</ymax>
		</bndbox>
	</object>
	<object>
		<name>Heat Stress</name>
		<pose>Unspecified</pose>
		<truncated>1</truncated>
		<difficult>0</difficult>
		<bndbox>
			<xmin>715.8333333333334</xmin>
			<ymin>74.35365853658537</ymin>
			<xmax>820.0</xmax>
			<ymax>249.35365853658539</ymax>
		</bndbox>
	</object>
	<object>
		<name>Drinking</name>
		<pose>Unspecified</pose>
		<truncated>1</truncated>
		<difficult>0</difficult>
		<bndbox>
			<xmin>600.0</xmin>
			<ymin>76.0</ymin>
			<xmax>723.3333333333334</xmax>
			<ymax>218.5</ymax>
		</bndbox>
	</object>
	<object>
		<name>Others</name>
		<pose>Unspecified</pose>
		<truncated>1</truncated>
		<difficult>0</difficult>
		<bndbox>
			<xmin>859.1666666666667</xmin>
			<ymin>4.333333333333336</ymin>
			<xmax>931.6666666666667</xmax>
			<ymax>145.16666666666669</ymax>
		</bndbox>
	</object>
	<object>
		<name>Drinking</name>
		<pose>Unspecified</pose>
		<truncated>1</truncated>
		<difficult>0</difficult>
		<bndbox>
			<xmin>696.7886178861789</xmin>
			<ymin>16.833333333333343</ymin>
			<xmax>826.0162601626016</xmax>
			<ymax>96.82926829268293</ymax>
		</bndbox>
	</object>
	<object>
		<name>Heat Stress</name>
		<pose>Unspecified</pose>
		<truncated>1</truncated>
		<difficult>0</difficult>
		<bndbox>
			<xmin>424.1666666666667</xmin>
			<ymin>105.16666666666667</ymin>
			<xmax>575.0</xmax>
			<ymax>188.5</ymax>
		</bndbox>
	</object>
	<object>
		<name>Others</name>
		<pose>Unspecified</pose>
		<truncated>1</truncated>
		<difficult>0</difficult>
		<bndbox>
			<xmin>376.6666666666667</xmin>
			<ymin>76.0</ymin>
			<xmax>474.1666666666667</xmax>
			<ymax>195.16666666666669</ymax>
		</bndbox>
	</object>
	<object>
		<name>Drinking</name>
		<pose>Unspecified</pose>
		<truncated>1</truncated>
		<difficult>0</difficult>
		<bndbox>
			<xmin>372.5</xmin>
			<ymin>13.5</ymin>
			<xmax>532.5</xmax>
			<ymax>87.66666666666667</ymax>
		</bndbox>
	</object>
	<object>
		<name>Others</name>
		<pose>Unspecified</pose>
		<truncated>1</truncated>
		<difficult>0</difficult>
		<bndbox>
			<xmin>289.1666666666667</xmin>
			<ymin>1.8333333333333357</ymin>
			<xmax>352.5</xmax>
			<ymax>126.83333333333334</ymax>
		</bndbox>
	</object>
	<object>
		<name>Others</name>
		<pose>Unspecified</pose>
		<truncated>1</truncated>
		<difficult>0</difficult>
		<bndbox>
			<xmin>175.83333333333334</xmin>
			<ymin>5.166666666666668</ymin>
			<xmax>272.5</xmax>
			<ymax>131.83333333333334</ymax>
		</bndbox>
	</object>
	<object>
		<name>Heat Stress</name>
		<pose>Unspecified</pose>
		<truncated>1</truncated>
		<difficult>0</difficult>
		<bndbox>
			<xmin>245.0</xmin>
			<ymin>163.5</ymin>
			<xmax>322.5</xmax>
			<ymax>284.33333333333337</ymax>
		</bndbox>
	</object>
	<object>
		<name>Heat Stress</name>
		<pose>Unspecified</pose>
		<truncated>1</truncated>
		<difficult>0</difficult>
		<bndbox>
			<xmin>253.33333333333334</xmin>
			<ymin>93.5</ymin>
			<xmax>325.83333333333337</xmax>
			<ymax>180.16666666666669</ymax>
		</bndbox>
	</object>
	<object>
		<name>Heat Stress</name>
		<pose>Unspecified</pose>
		<truncated>1</truncated>
		<difficult>0</difficult>
		<bndbox>
			<xmin>175.0</xmin>
			<ymin>251.0</ymin>
			<xmax>281.6666666666667</xmax>
			<ymax>331.83333333333337</ymax>
		</bndbox>
	</object>
	<object>
		<name>Others</name>
		<pose>Unspecified</pose>
		<truncated>1</truncated>
		<difficult>0</difficult>
		<bndbox>
			<xmin>294.1463414634147</xmin>
			<ymin>247.66666666666669</ymin>
			<xmax>378.3130081300813</xmax>
			<ymax>352.6666666666667</ymax>
		</bndbox>
	</object>
	<object>
		<name>Others</name>
		<pose>Unspecified</pose>
		<truncated>1</truncated>
		<difficult>0</difficult>
		<bndbox>
			<xmin>319.1666666666667</xmin>
			<ymin>246.83333333333337</ymin>
			<xmax>488.33333333333337</xmax>
			<ymax>334.33333333333337</ymax>
		</bndbox>
	</object>
	<object>
		<name>Heat Stress</name>
		<pose>Unspecified</pose>
		<truncated>1</truncated>
		<difficult>0</difficult>
		<bndbox>
			<xmin>119.16666666666667</xmin>
			<ymin>76.0</ymin>
			<xmax>177.5</xmax>
			<ymax>182.66666666666669</ymax>
		</bndbox>
	</object>
	<object>
		<name>Heat Stress</name>
		<pose>Unspecified</pose>
		<truncated>1</truncated>
		<difficult>0</difficult>
		<bndbox>
			<xmin>120.0</xmin>
			<ymin>126.83333333333334</ymin>
			<xmax>186.66666666666669</xmax>
			<ymax>223.5</ymax>
		</bndbox>
	</object>
	<object>
		<name>Others</name>
		<pose>Unspecified</pose>
		<truncated>1</truncated>
		<difficult>0</difficult>
		<bndbox>
			<xmin>77.5</xmin>
			<ymin>222.66666666666669</ymin>
			<xmax>197.5</xmax>
			<ymax>286.83333333333337</ymax>
		</bndbox>
	</object>
	<object>
		<name>Heat Stress</name>
		<pose>Unspecified</pose>
		<truncated>1</truncated>
		<difficult>0</difficult>
		<bndbox>
			<xmin>348.33333333333337</xmin>
			<ymin>320.1666666666667</ymin>
			<xmax>504.1666666666667</xmax>
			<ymax>415.1666666666667</ymax>
		</bndbox>
	</object>
</annotation>