<annotation>
	<folder>UAV_data</folder>
	<filename>:\ssss\zuizhong\201907250700003830.582.8.jpg</filename>
	<source>
		<database>The UAV autolanding</database>
		<annotation>UAV AutoLanding</annotation>
		<image>flickr</image>
		<flickrid>NULL</flickrid>
	</source>
	<owner>
		<flickrid>NULL</flickrid>
		<name>ChaojieZhu</name>
	</owner>
	<size>
		<width>1280</width>
		<height>720</height>
		<depth>3</depth>
	</size>
		<segmented>0</segmented>
	<object>
		<name>Eating</name>
		<pose>Unspecified</pose>
		<truncated>1</truncated>
		<difficult>0</difficult>
		<bndbox>
			<xmin>830.8333333333334</xmin>
			<ymin>510.16666666666674</ymin>
			<xmax>930.0</xmax>
			<ymax>626.8333333333334</ymax>
		</bndbox>
	</object>
	<object>
		<name>Eating</name>
		<pose>Unspecified</pose>
		<truncated>1</truncated>
		<difficult>0</difficult>
		<bndbox>
			<xmin>563.3333333333334</xmin>
			<ymin>490.1666666666667</ymin>
			<xmax>756.6666666666667</xmax>
			<ymax>561.0</ymax>
		</bndbox>
	</object>
	<object>
		<name>Eating</name>
		<pose>Unspecified</pose>
		<truncated>1</truncated>
		<difficult>0</difficult>
		<bndbox>
			<xmin>278.33333333333337</xmin>
			<ymin>591.0</ymin>
			<xmax>400.83333333333337</xmax>
			<ymax>658.5</ymax>
		</bndbox>
	</object>
	<object>
		<name>Others</name>
		<pose>Unspecified</pose>
		<truncated>1</truncated>
		<difficult>0</difficult>
		<bndbox>
			<xmin>595.0</xmin>
			<ymin>379.33333333333337</ymin>
			<xmax>700.0</xmax>
			<ymax>516.0</ymax>
		</bndbox>
	</object>
	<object>
		<name>Others</name>
		<pose>Unspecified</pose>
		<truncated>1</truncated>
		<difficult>0</difficult>
		<bndbox>
			<xmin>575.8333333333334</xmin>
			<ymin>555.1666666666667</ymin>
			<xmax>720.8333333333334</xmax>
			<ymax>642.6666666666667</ymax>
		</bndbox>
	</object>
	<object>
		<name>Heat Stress</name>
		<pose>Unspecified</pose>
		<truncated>1</truncated>
		<difficult>0</difficult>
		<bndbox>
			<xmin>316.6666666666667</xmin>
			<ymin>336.0</ymin>
			<xmax>431.6666666666667</xmax>
			<ymax>442.6666666666667</ymax>
		</bndbox>
	</object>
	<object>
		<name>Others</name>
		<pose>Unspecified</pose>
		<truncated>1</truncated>
		<difficult>0</difficult>
		<bndbox>
			<xmin>156.66666666666669</xmin>
			<ymin>393.5</ymin>
			<xmax>240.0</xmax>
			<ymax>471.0</ymax>
		</bndbox>
	</object>
	<object>
		<name>Others</name>
		<pose>Unspecified</pose>
		<truncated>1</truncated>
		<difficult>0</difficult>
		<bndbox>
			<xmin>230.83333333333334</xmin>
			<ymin>496.0</ymin>
			<xmax>303.33333333333337</xmax>
			<ymax>621.8333333333334</ymax>
		</bndbox>
	</object>
	<object>
		<name>Others</name>
		<pose>Unspecified</pose>
		<truncated>1</truncated>
		<difficult>0</difficult>
		<bndbox>
			<xmin>131.66666666666669</xmin>
			<ymin>458.5</ymin>
			<xmax>189.16666666666669</xmax>
			<ymax>591.0</ymax>
		</bndbox>
	</object>
	<object>
		<name>Others</name>
		<pose>Unspecified</pose>
		<truncated>1</truncated>
		<difficult>0</difficult>
		<bndbox>
			<xmin>140.83333333333334</xmin>
			<ymin>580.1666666666667</ymin>
			<xmax>255.83333333333334</xmax>
			<ymax>650.1666666666667</ymax>
		</bndbox>
	</object>
	<object>
		<name>Others</name>
		<pose>Unspecified</pose>
		<truncated>1</truncated>
		<difficult>0</difficult>
		<bndbox>
			<xmin>105.0</xmin>
			<ymin>560.1666666666667</ymin>
			<xmax>201.66666666666669</xmax>
			<ymax>664.3333333333334</ymax>
		</bndbox>
	</object>
	<object>
		<name>Others</name>
		<pose>Unspecified</pose>
		<truncated>1</truncated>
		<difficult>0</difficult>
		<bndbox>
			<xmin>713.3333333333334</xmin>
			<ymin>277.6666666666667</ymin>
			<xmax>828.3333333333334</xmax>
			<ymax>406.0</ymax>
		</bndbox>
	</object>
	<object>
		<name>Heat Stress</name>
		<pose>Unspecified</pose>
		<truncated>1</truncated>
		<difficult>0</difficult>
		<bndbox>
			<xmin>781.6666666666667</xmin>
			<ymin>149.33333333333334</ymin>
			<xmax>862.5</xmax>
			<ymax>292.6666666666667</ymax>
		</bndbox>
	</object>
	<object>
		<name>Others</name>
		<pose>Unspecified</pose>
		<truncated>1</truncated>
		<difficult>0</difficult>
		<bndbox>
			<xmin>597.5</xmin>
			<ymin>151.83333333333334</ymin>
			<xmax>670.8333333333334</xmax>
			<ymax>293.5</ymax>
		</bndbox>
	</object>
	<object>
		<name>Others</name>
		<pose>Unspecified</pose>
		<truncated>1</truncated>
		<difficult>0</difficult>
		<bndbox>
			<xmin>525.0</xmin>
			<ymin>170.16666666666669</ymin>
			<xmax>609.1666666666667</xmax>
			<ymax>332.6666666666667</ymax>
		</bndbox>
	</object>
	<object>
		<name>Others</name>
		<pose>Unspecified</pose>
		<truncated>1</truncated>
		<difficult>0</difficult>
		<bndbox>
			<xmin>704.1666666666667</xmin>
			<ymin>86.83333333333334</ymin>
			<xmax>775.8333333333334</xmax>
			<ymax>226.83333333333334</ymax>
		</bndbox>
	</object>
	<object>
		<name>Others</name>
		<pose>Unspecified</pose>
		<truncated>1</truncated>
		<difficult>0</difficult>
		<bndbox>
			<xmin>545.0</xmin>
			<ymin>105.16666666666667</ymin>
			<xmax>700.0</xmax>
			<ymax>161.83333333333334</ymax>
		</bndbox>
	</object>
	<object>
		<name>Others</name>
		<pose>Unspecified</pose>
		<truncated>1</truncated>
		<difficult>0</difficult>
		<bndbox>
			<xmin>675.8333333333334</xmin>
			<ymin>11.0</ymin>
			<xmax>790.2439024390244</xmax>
			<ymax>82.38211382113822</ymax>
		</bndbox>
	</object>
	<object>
		<name>Drinking</name>
		<pose>Unspecified</pose>
		<truncated>1</truncated>
		<difficult>0</difficult>
		<bndbox>
			<xmin>400.2439024390244</xmin>
			<ymin>68.80487804878048</ymin>
			<xmax>483.739837398374</xmax>
			<ymax>223.03252032520325</ymax>
		</bndbox>
	</object>
	<object>
		<name>Others</name>
		<pose>Unspecified</pose>
		<truncated>1</truncated>
		<difficult>0</difficult>
		<bndbox>
			<xmin>467.5406504065041</xmin>
			<ymin>82.42276422764228</ymin>
			<xmax>548.780487804878</xmax>
			<ymax>247.4227642276423</ymax>
		</bndbox>
	</object>
	<object>
		<name>Others</name>
		<pose>Unspecified</pose>
		<truncated>1</truncated>
		<difficult>0</difficult>
		<bndbox>
			<xmin>357.5</xmin>
			<ymin>9.333333333333336</ymin>
			<xmax>515.8333333333334</xmax>
			<ymax>62.66666666666667</ymax>
		</bndbox>
	</object>
	<object>
		<name>Heat Stress</name>
		<pose>Unspecified</pose>
		<truncated>1</truncated>
		<difficult>0</difficult>
		<bndbox>
			<xmin>343.1707317073171</xmin>
			<ymin>50.02439024390244</ymin>
			<xmax>434.1463414634146</xmax>
			<ymax>220.59349593495935</ymax>
		</bndbox>
	</object>
	<object>
		<name>Others</name>
		<pose>Unspecified</pose>
		<truncated>1</truncated>
		<difficult>0</difficult>
		<bndbox>
			<xmin>265.83333333333337</xmin>
			<ymin>55.16666666666667</ymin>
			<xmax>389.1666666666667</xmax>
			<ymax>120.16666666666669</ymax>
		</bndbox>
	</object>
	<object>
		<name>Others</name>
		<pose>Unspecified</pose>
		<truncated>1</truncated>
		<difficult>0</difficult>
		<bndbox>
			<xmin>134.16666666666669</xmin>
			<ymin>256.83333333333337</ymin>
			<xmax>275.0</xmax>
			<ymax>360.1666666666667</ymax>
		</bndbox>
	</object>
	<object>
		<name>Others</name>
		<pose>Unspecified</pose>
		<truncated>1</truncated>
		<difficult>0</difficult>
		<bndbox>
			<xmin>220.83333333333334</xmin>
			<ymin>127.66666666666669</ymin>
			<xmax>325.83333333333337</xmax>
			<ymax>225.16666666666669</ymax>
		</bndbox>
	</object>
	<object>
		<name>Others</name>
		<pose>Unspecified</pose>
		<truncated>1</truncated>
		<difficult>0</difficult>
		<bndbox>
			<xmin>138.33333333333334</xmin>
			<ymin>144.33333333333334</ymin>
			<xmax>221.66666666666669</xmax>
			<ymax>225.16666666666669</ymax>
		</bndbox>
	</object>
	<object>
		<name>Others</name>
		<pose>Unspecified</pose>
		<truncated>1</truncated>
		<difficult>0</difficult>
		<bndbox>
			<xmin>101.66666666666667</xmin>
			<ymin>216.0</ymin>
			<xmax>248.33333333333334</xmax>
			<ymax>276.83333333333337</ymax>
		</bndbox>
	</object>
	<object>
		<name>Others</name>
		<pose>Unspecified</pose>
		<truncated>1</truncated>
		<difficult>0</difficult>
		<bndbox>
			<xmin>225.0</xmin>
			<ymin>1.8333333333333357</ymin>
			<xmax>322.5</xmax>
			<ymax>107.66666666666667</ymax>
		</bndbox>
	</object>
	<object>
		<name>Others</name>
		<pose>Unspecified</pose>
		<truncated>1</truncated>
		<difficult>0</difficult>
		<bndbox>
			<xmin>138.33333333333334</xmin>
			<ymin>21.0</ymin>
			<xmax>222.5</xmax>
			<ymax>99.33333333333334</ymax>
		</bndbox>
	</object>
	<object>
		<name>Heat Stress</name>
		<pose>Unspecified</pose>
		<truncated>1</truncated>
		<difficult>0</difficult>
		<bndbox>
			<xmin>121.66666666666667</xmin>
			<ymin>86.83333333333334</ymin>
			<xmax>185.83333333333334</xmax>
			<ymax>146.83333333333334</ymax>
		</bndbox>
	</object>
	<object>
		<name>Heat Stress</name>
		<pose>Unspecified</pose>
		<truncated>1</truncated>
		<difficult>0</difficult>
		<bndbox>
			<xmin>203.47560975609755</xmin>
			<ymin>34.35365853658537</ymin>
			<xmax>259.3089430894309</xmax>
			<ymax>156.02032520325204</ymax>
		</bndbox>
	</object>
</annotation>