<annotation>
	<folder>UAV_data</folder>
	<filename>:\ssss\zuizhong\201907261520008331.175.7.jpg</filename>
	<source>
		<database>The UAV autolanding</database>
		<annotation>UAV AutoLanding</annotation>
		<image>flickr</image>
		<flickrid>NULL</flickrid>
	</source>
	<owner>
		<flickrid>NULL</flickrid>
		<name>ChaojieZhu</name>
	</owner>
	<size>
		<width>1280</width>
		<height>720</height>
		<depth>3</depth>
	</size>
		<segmented>0</segmented>
	<object>
		<name>Heat Stress</name>
		<pose>Unspecified</pose>
		<truncated>1</truncated>
		<difficult>0</difficult>
		<bndbox>
			<xmin>840.8333333333334</xmin>
			<ymin>553.5</ymin>
			<xmax>910.0</xmax>
			<ymax>679.3333333333334</ymax>
		</bndbox>
	</object>
	<object>
		<name>Heat Stress</name>
		<pose>Unspecified</pose>
		<truncated>1</truncated>
		<difficult>0</difficult>
		<bndbox>
			<xmin>657.5</xmin>
			<ymin>386.0</ymin>
			<xmax>746.6666666666667</xmax>
			<ymax>535.1666666666667</ymax>
		</bndbox>
	</object>
	<object>
		<name>Heat Stress</name>
		<pose>Unspecified</pose>
		<truncated>1</truncated>
		<difficult>0</difficult>
		<bndbox>
			<xmin>762.5</xmin>
			<ymin>355.1666666666667</ymin>
			<xmax>855.0</xmax>
			<ymax>492.6666666666667</ymax>
		</bndbox>
	</object>
	<object>
		<name>Others</name>
		<pose>Unspecified</pose>
		<truncated>1</truncated>
		<difficult>0</difficult>
		<bndbox>
			<xmin>321.6666666666667</xmin>
			<ymin>621.8333333333334</ymin>
			<xmax>459.1666666666667</xmax>
			<ymax>706.8333333333334</ymax>
		</bndbox>
	</object>
	<object>
		<name>Heat Stress</name>
		<pose>Unspecified</pose>
		<truncated>1</truncated>
		<difficult>0</difficult>
		<bndbox>
			<xmin>220.0</xmin>
			<ymin>582.6666666666667</ymin>
			<xmax>341.6666666666667</xmax>
			<ymax>671.0</ymax>
		</bndbox>
	</object>
	<object>
		<name>Eating</name>
		<pose>Unspecified</pose>
		<truncated>1</truncated>
		<difficult>0</difficult>
		<bndbox>
			<xmin>283.33333333333337</xmin>
			<ymin>359.33333333333337</ymin>
			<xmax>396.6666666666667</xmax>
			<ymax>506.83333333333337</ymax>
		</bndbox>
	</object>
	<object>
		<name>Others</name>
		<pose>Unspecified</pose>
		<truncated>1</truncated>
		<difficult>0</difficult>
		<bndbox>
			<xmin>610.8333333333334</xmin>
			<ymin>262.6666666666667</ymin>
			<xmax>698.3333333333334</xmax>
			<ymax>406.0</ymax>
		</bndbox>
	</object>
	<object>
		<name>Heat Stress</name>
		<pose>Unspecified</pose>
		<truncated>1</truncated>
		<difficult>0</difficult>
		<bndbox>
			<xmin>785.8333333333334</xmin>
			<ymin>261.83333333333337</ymin>
			<xmax>906.6666666666667</xmax>
			<ymax>354.33333333333337</ymax>
		</bndbox>
	</object>
	<object>
		<name>Heat Stress</name>
		<pose>Unspecified</pose>
		<truncated>1</truncated>
		<difficult>0</difficult>
		<bndbox>
			<xmin>340.0</xmin>
			<ymin>322.6666666666667</ymin>
			<xmax>500.83333333333337</xmax>
			<ymax>406.83333333333337</ymax>
		</bndbox>
	</object>
	<object>
		<name>Others</name>
		<pose>Unspecified</pose>
		<truncated>1</truncated>
		<difficult>0</difficult>
		<bndbox>
			<xmin>499.1666666666667</xmin>
			<ymin>255.16666666666669</ymin>
			<xmax>569.1666666666667</xmax>
			<ymax>383.5</ymax>
		</bndbox>
	</object>
	<object>
		<name>Others</name>
		<pose>Unspecified</pose>
		<truncated>1</truncated>
		<difficult>0</difficult>
		<bndbox>
			<xmin>347.5</xmin>
			<ymin>247.66666666666669</ymin>
			<xmax>495.0</xmax>
			<ymax>350.1666666666667</ymax>
		</bndbox>
	</object>
	<object>
		<name>Others</name>
		<pose>Unspecified</pose>
		<truncated>1</truncated>
		<difficult>0</difficult>
		<bndbox>
			<xmin>249.16666666666669</xmin>
			<ymin>239.33333333333337</ymin>
			<xmax>353.33333333333337</xmax>
			<ymax>371.0</ymax>
		</bndbox>
	</object>
	<object>
		<name>Heat Stress</name>
		<pose>Unspecified</pose>
		<truncated>1</truncated>
		<difficult>0</difficult>
		<bndbox>
			<xmin>414.1666666666667</xmin>
			<ymin>171.83333333333334</ymin>
			<xmax>526.6666666666667</xmax>
			<ymax>309.33333333333337</ymax>
		</bndbox>
	</object>
	<object>
		<name>Others</name>
		<pose>Unspecified</pose>
		<truncated>1</truncated>
		<difficult>0</difficult>
		<bndbox>
			<xmin>691.6666666666667</xmin>
			<ymin>161.83333333333334</ymin>
			<xmax>793.3333333333334</xmax>
			<ymax>291.0</ymax>
		</bndbox>
	</object>
	<object>
		<name>Others</name>
		<pose>Unspecified</pose>
		<truncated>1</truncated>
		<difficult>0</difficult>
		<bndbox>
			<xmin>815.8130081300812</xmin>
			<ymin>122.76829268292687</ymin>
			<xmax>926.6463414634146</xmax>
			<ymax>242.7682926829269</ymax>
		</bndbox>
	</object>
	<object>
		<name>Others</name>
		<pose>Unspecified</pose>
		<truncated>1</truncated>
		<difficult>0</difficult>
		<bndbox>
			<xmin>669.9796747967481</xmin>
			<ymin>80.97967479674797</ymin>
			<xmax>812.1951219512196</xmax>
			<ymax>178.3170731707317</ymax>
		</bndbox>
	</object>
	<object>
		<name>Others</name>
		<pose>Unspecified</pose>
		<truncated>1</truncated>
		<difficult>0</difficult>
		<bndbox>
			<xmin>619.1666666666667</xmin>
			<ymin>96.0</ymin>
			<xmax>694.1666666666667</xmax>
			<ymax>247.66666666666669</ymax>
		</bndbox>
	</object>
	<object>
		<name>Others</name>
		<pose>Unspecified</pose>
		<truncated>1</truncated>
		<difficult>0</difficult>
		<bndbox>
			<xmin>545.0</xmin>
			<ymin>91.0</ymin>
			<xmax>619.1666666666667</xmax>
			<ymax>269.33333333333337</ymax>
		</bndbox>
	</object>
	<object>
		<name>Others</name>
		<pose>Unspecified</pose>
		<truncated>1</truncated>
		<difficult>0</difficult>
		<bndbox>
			<xmin>856.6666666666667</xmin>
			<ymin>1.0</ymin>
			<xmax>930.8333333333334</xmax>
			<ymax>145.16666666666669</ymax>
		</bndbox>
	</object>
	<object>
		<name>Others</name>
		<pose>Unspecified</pose>
		<truncated>1</truncated>
		<difficult>0</difficult>
		<bndbox>
			<xmin>680.8333333333334</xmin>
			<ymin>17.66666666666667</ymin>
			<xmax>830.8333333333334</xmax>
			<ymax>92.66666666666667</ymax>
		</bndbox>
	</object>
	<object>
		<name>Others</name>
		<pose>Unspecified</pose>
		<truncated>1</truncated>
		<difficult>0</difficult>
		<bndbox>
			<xmin>358.33333333333337</xmin>
			<ymin>81.83333333333334</ymin>
			<xmax>445.83333333333337</xmax>
			<ymax>221.83333333333334</ymax>
		</bndbox>
	</object>
	<object>
		<name>Drinking</name>
		<pose>Unspecified</pose>
		<truncated>1</truncated>
		<difficult>0</difficult>
		<bndbox>
			<xmin>385.83333333333337</xmin>
			<ymin>16.833333333333336</ymin>
			<xmax>533.3333333333334</xmax>
			<ymax>83.5</ymax>
		</bndbox>
	</object>
	<object>
		<name>Others</name>
		<pose>Unspecified</pose>
		<truncated>1</truncated>
		<difficult>0</difficult>
		<bndbox>
			<xmin>340.83333333333337</xmin>
			<ymin>17.66666666666667</ymin>
			<xmax>408.33333333333337</xmax>
			<ymax>122.66666666666669</ymax>
		</bndbox>
	</object>
	<object>
		<name>Heat Stress</name>
		<pose>Unspecified</pose>
		<truncated>1</truncated>
		<difficult>0</difficult>
		<bndbox>
			<xmin>172.5</xmin>
			<ymin>165.16666666666669</ymin>
			<xmax>290.83333333333337</xmax>
			<ymax>256.0</ymax>
		</bndbox>
	</object>
	<object>
		<name>Heat Stress</name>
		<pose>Unspecified</pose>
		<truncated>1</truncated>
		<difficult>0</difficult>
		<bndbox>
			<xmin>165.83333333333334</xmin>
			<ymin>252.66666666666669</ymin>
			<xmax>275.83333333333337</xmax>
			<ymax>332.6666666666667</ymax>
		</bndbox>
	</object>
	<object>
		<name>Others</name>
		<pose>Unspecified</pose>
		<truncated>1</truncated>
		<difficult>0</difficult>
		<bndbox>
			<xmin>86.66666666666667</xmin>
			<ymin>313.5</ymin>
			<xmax>180.83333333333334</xmax>
			<ymax>403.5</ymax>
		</bndbox>
	</object>
	<object>
		<name>Others</name>
		<pose>Unspecified</pose>
		<truncated>1</truncated>
		<difficult>0</difficult>
		<bndbox>
			<xmin>85.83333333333334</xmin>
			<ymin>222.66666666666669</ymin>
			<xmax>185.83333333333334</xmax>
			<ymax>287.6666666666667</ymax>
		</bndbox>
	</object>
	<object>
		<name>Heat Stress</name>
		<pose>Unspecified</pose>
		<truncated>1</truncated>
		<difficult>0</difficult>
		<bndbox>
			<xmin>235.83333333333334</xmin>
			<ymin>115.16666666666669</ymin>
			<xmax>350.0</xmax>
			<ymax>181.0</ymax>
		</bndbox>
	</object>
	<object>
		<name>Others</name>
		<pose>Unspecified</pose>
		<truncated>1</truncated>
		<difficult>0</difficult>
		<bndbox>
			<xmin>288.33333333333337</xmin>
			<ymin>3.5</ymin>
			<xmax>342.5</xmax>
			<ymax>131.0</ymax>
		</bndbox>
	</object>
	<object>
		<name>Others</name>
		<pose>Unspecified</pose>
		<truncated>1</truncated>
		<difficult>0</difficult>
		<bndbox>
			<xmin>172.5</xmin>
			<ymin>9.333333333333336</ymin>
			<xmax>279.1666666666667</xmax>
			<ymax>120.16666666666669</ymax>
		</bndbox>
	</object>
	<object>
		<name>Heat Stress</name>
		<pose>Unspecified</pose>
		<truncated>1</truncated>
		<difficult>0</difficult>
		<bndbox>
			<xmin>122.5</xmin>
			<ymin>71.83333333333334</ymin>
			<xmax>180.83333333333334</xmax>
			<ymax>188.5</ymax>
		</bndbox>
	</object>
	<object>
		<name>Heat Stress</name>
		<pose>Unspecified</pose>
		<truncated>1</truncated>
		<difficult>0</difficult>
		<bndbox>
			<xmin>117.5</xmin>
			<ymin>121.0</ymin>
			<xmax>186.66666666666669</xmax>
			<ymax>230.16666666666669</ymax>
		</bndbox>
	</object>
	<object>
		<name>Others</name>
		<pose>Unspecified</pose>
		<truncated>1</truncated>
		<difficult>0</difficult>
		<bndbox>
			<xmin>116.66666666666667</xmin>
			<ymin>543.5</ymin>
			<xmax>197.5</xmax>
			<ymax>671.0</ymax>
		</bndbox>
	</object>
</annotation>