<annotation>
	<folder>UAV_data</folder>
	<filename>:\ssss\zuizhong\201907261520018730.975.8.jpg</filename>
	<source>
		<database>The UAV autolanding</database>
		<annotation>UAV AutoLanding</annotation>
		<image>flickr</image>
		<flickrid>NULL</flickrid>
	</source>
	<owner>
		<flickrid>NULL</flickrid>
		<name>ChaojieZhu</name>
	</owner>
	<size>
		<width>1280</width>
		<height>720</height>
		<depth>3</depth>
	</size>
		<segmented>0</segmented>
	<object>
		<name>Heat Stress</name>
		<pose>Unspecified</pose>
		<truncated>1</truncated>
		<difficult>0</difficult>
		<bndbox>
			<xmin>841.6666666666667</xmin>
			<ymin>554.3333333333334</ymin>
			<xmax>913.3333333333334</xmax>
			<ymax>672.6666666666667</ymax>
		</bndbox>
	</object>
	<object>
		<name>Heat Stress</name>
		<pose>Unspecified</pose>
		<truncated>1</truncated>
		<difficult>0</difficult>
		<bndbox>
			<xmin>619.1666666666667</xmin>
			<ymin>581.8333333333334</ymin>
			<xmax>713.3333333333334</xmax>
			<ymax>692.6666666666667</ymax>
		</bndbox>
	</object>
	<object>
		<name>Others</name>
		<pose>Unspecified</pose>
		<truncated>1</truncated>
		<difficult>0</difficult>
		<bndbox>
			<xmin>708.3333333333334</xmin>
			<ymin>387.6666666666667</ymin>
			<xmax>830.0</xmax>
			<ymax>486.83333333333337</ymax>
		</bndbox>
	</object>
	<object>
		<name>Heat Stress</name>
		<pose>Unspecified</pose>
		<truncated>1</truncated>
		<difficult>0</difficult>
		<bndbox>
			<xmin>847.5</xmin>
			<ymin>390.1666666666667</ymin>
			<xmax>924.1666666666667</xmax>
			<ymax>539.3333333333334</ymax>
		</bndbox>
	</object>
	<object>
		<name>Heat Stress</name>
		<pose>Unspecified</pose>
		<truncated>1</truncated>
		<difficult>0</difficult>
		<bndbox>
			<xmin>493.33333333333337</xmin>
			<ymin>424.33333333333337</ymin>
			<xmax>640.0</xmax>
			<ymax>546.8333333333334</ymax>
		</bndbox>
	</object>
	<object>
		<name>Others</name>
		<pose>Unspecified</pose>
		<truncated>1</truncated>
		<difficult>0</difficult>
		<bndbox>
			<xmin>844.1666666666667</xmin>
			<ymin>143.5</ymin>
			<xmax>961.6666666666667</xmax>
			<ymax>244.33333333333337</ymax>
		</bndbox>
	</object>
	<object>
		<name>Drinking</name>
		<pose>Unspecified</pose>
		<truncated>1</truncated>
		<difficult>0</difficult>
		<bndbox>
			<xmin>723.3333333333334</xmin>
			<ymin>84.33333333333334</ymin>
			<xmax>818.3333333333334</xmax>
			<ymax>252.66666666666669</ymax>
		</bndbox>
	</object>
	<object>
		<name>Others</name>
		<pose>Unspecified</pose>
		<truncated>1</truncated>
		<difficult>0</difficult>
		<bndbox>
			<xmin>607.5</xmin>
			<ymin>74.33333333333334</ymin>
			<xmax>721.6666666666667</xmax>
			<ymax>205.16666666666669</ymax>
		</bndbox>
	</object>
	<object>
		<name>Heat Stress</name>
		<pose>Unspecified</pose>
		<truncated>1</truncated>
		<difficult>0</difficult>
		<bndbox>
			<xmin>509.1666666666667</xmin>
			<ymin>146.0</ymin>
			<xmax>646.6666666666667</xmax>
			<ymax>254.33333333333337</ymax>
		</bndbox>
	</object>
	<object>
		<name>Others</name>
		<pose>Unspecified</pose>
		<truncated>1</truncated>
		<difficult>0</difficult>
		<bndbox>
			<xmin>536.6666666666667</xmin>
			<ymin>240.16666666666669</ymin>
			<xmax>688.3333333333334</xmax>
			<ymax>318.5</ymax>
		</bndbox>
	</object>
	<object>
		<name>Others</name>
		<pose>Unspecified</pose>
		<truncated>1</truncated>
		<difficult>0</difficult>
		<bndbox>
			<xmin>595.8333333333334</xmin>
			<ymin>259.33333333333337</ymin>
			<xmax>689.1666666666667</xmax>
			<ymax>459.33333333333337</ymax>
		</bndbox>
	</object>
	<object>
		<name>Others</name>
		<pose>Unspecified</pose>
		<truncated>1</truncated>
		<difficult>0</difficult>
		<bndbox>
			<xmin>379.1666666666667</xmin>
			<ymin>272.6666666666667</ymin>
			<xmax>460.83333333333337</xmax>
			<ymax>392.6666666666667</ymax>
		</bndbox>
	</object>
	<object>
		<name>Others</name>
		<pose>Unspecified</pose>
		<truncated>1</truncated>
		<difficult>0</difficult>
		<bndbox>
			<xmin>352.5</xmin>
			<ymin>333.5</ymin>
			<xmax>503.33333333333337</xmax>
			<ymax>411.0</ymax>
		</bndbox>
	</object>
	<object>
		<name>Others</name>
		<pose>Unspecified</pose>
		<truncated>1</truncated>
		<difficult>0</difficult>
		<bndbox>
			<xmin>137.5</xmin>
			<ymin>402.6666666666667</ymin>
			<xmax>278.33333333333337</xmax>
			<ymax>521.0</ymax>
		</bndbox>
	</object>
	<object>
		<name>Others</name>
		<pose>Unspecified</pose>
		<truncated>1</truncated>
		<difficult>0</difficult>
		<bndbox>
			<xmin>663.3333333333334</xmin>
			<ymin>1.8333333333333357</ymin>
			<xmax>816.6666666666667</xmax>
			<ymax>58.5</ymax>
		</bndbox>
	</object>
	<object>
		<name>Others</name>
		<pose>Unspecified</pose>
		<truncated>1</truncated>
		<difficult>0</difficult>
		<bndbox>
			<xmin>437.5</xmin>
			<ymin>110.16666666666669</ymin>
			<xmax>571.6666666666667</xmax>
			<ymax>186.83333333333334</ymax>
		</bndbox>
	</object>
	<object>
		<name>Others</name>
		<pose>Unspecified</pose>
		<truncated>1</truncated>
		<difficult>0</difficult>
		<bndbox>
			<xmin>385.83333333333337</xmin>
			<ymin>86.0</ymin>
			<xmax>499.1666666666667</xmax>
			<ymax>177.66666666666669</ymax>
		</bndbox>
	</object>
	<object>
		<name>Others</name>
		<pose>Unspecified</pose>
		<truncated>1</truncated>
		<difficult>0</difficult>
		<bndbox>
			<xmin>270.83333333333337</xmin>
			<ymin>247.66666666666669</ymin>
			<xmax>380.83333333333337</xmax>
			<ymax>355.1666666666667</ymax>
		</bndbox>
	</object>
	<object>
		<name>Drinking</name>
		<pose>Unspecified</pose>
		<truncated>1</truncated>
		<difficult>0</difficult>
		<bndbox>
			<xmin>335.83333333333337</xmin>
			<ymin>99.33333333333334</ymin>
			<xmax>412.5</xmax>
			<ymax>261.83333333333337</ymax>
		</bndbox>
	</object>
	<object>
		<name>Others</name>
		<pose>Unspecified</pose>
		<truncated>1</truncated>
		<difficult>0</difficult>
		<bndbox>
			<xmin>269.1666666666667</xmin>
			<ymin>0.16666666666666785</ymin>
			<xmax>376.6666666666667</xmax>
			<ymax>59.33333333333334</ymax>
		</bndbox>
	</object>
	<object>
		<name>Others</name>
		<pose>Unspecified</pose>
		<truncated>1</truncated>
		<difficult>0</difficult>
		<bndbox>
			<xmin>168.33333333333334</xmin>
			<ymin>44.333333333333336</ymin>
			<xmax>287.5</xmax>
			<ymax>122.66666666666669</ymax>
		</bndbox>
	</object>
	<object>
		<name>Others</name>
		<pose>Unspecified</pose>
		<truncated>1</truncated>
		<difficult>0</difficult>
		<bndbox>
			<xmin>300.83333333333337</xmin>
			<ymin>115.16666666666669</ymin>
			<xmax>368.33333333333337</xmax>
			<ymax>260.1666666666667</ymax>
		</bndbox>
	</object>
	<object>
		<name>Heat Stress</name>
		<pose>Unspecified</pose>
		<truncated>1</truncated>
		<difficult>0</difficult>
		<bndbox>
			<xmin>247.5</xmin>
			<ymin>156.0</ymin>
			<xmax>310.0</xmax>
			<ymax>286.0</ymax>
		</bndbox>
	</object>
	<object>
		<name>Heat Stress</name>
		<pose>Unspecified</pose>
		<truncated>1</truncated>
		<difficult>0</difficult>
		<bndbox>
			<xmin>125.0</xmin>
			<ymin>75.16666666666667</ymin>
			<xmax>179.16666666666669</xmax>
			<ymax>173.5</ymax>
		</bndbox>
	</object>
	<object>
		<name>Others</name>
		<pose>Unspecified</pose>
		<truncated>1</truncated>
		<difficult>0</difficult>
		<bndbox>
			<xmin>148.33333333333334</xmin>
			<ymin>208.5</ymin>
			<xmax>238.33333333333334</xmax>
			<ymax>366.0</ymax>
		</bndbox>
	</object>
	<object>
		<name>Heat Stress</name>
		<pose>Unspecified</pose>
		<truncated>1</truncated>
		<difficult>0</difficult>
		<bndbox>
			<xmin>214.16666666666669</xmin>
			<ymin>577.6666666666667</ymin>
			<xmax>359.1666666666667</xmax>
			<ymax>670.1666666666667</ymax>
		</bndbox>
	</object>
	<object>
		<name>Heat Stress</name>
		<pose>Unspecified</pose>
		<truncated>1</truncated>
		<difficult>0</difficult>
		<bndbox>
			<xmin>120.0</xmin>
			<ymin>123.5</ymin>
			<xmax>192.5</xmax>
			<ymax>238.5</ymax>
		</bndbox>
	</object>
</annotation>