<annotation>
	<folder>UAV_data</folder>
	<filename>:\ssss\zuizhong\201907250700003430.582.8.jpg</filename>
	<source>
		<database>The UAV autolanding</database>
		<annotation>UAV AutoLanding</annotation>
		<image>flickr</image>
		<flickrid>NULL</flickrid>
	</source>
	<owner>
		<flickrid>NULL</flickrid>
		<name>ChaojieZhu</name>
	</owner>
	<size>
		<width>1280</width>
		<height>720</height>
		<depth>3</depth>
	</size>
		<segmented>0</segmented>
	<object>
		<name>Eating</name>
		<pose>Unspecified</pose>
		<truncated>1</truncated>
		<difficult>0</difficult>
		<bndbox>
			<xmin>830.8333333333334</xmin>
			<ymin>511.83333333333337</ymin>
			<xmax>927.5</xmax>
			<ymax>621.8333333333334</ymax>
		</bndbox>
	</object>
	<object>
		<name>Eating</name>
		<pose>Unspecified</pose>
		<truncated>1</truncated>
		<difficult>0</difficult>
		<bndbox>
			<xmin>562.5</xmin>
			<ymin>491.0</ymin>
			<xmax>750.0</xmax>
			<ymax>563.5</ymax>
		</bndbox>
	</object>
	<object>
		<name>Heat Stress</name>
		<pose>Unspecified</pose>
		<truncated>1</truncated>
		<difficult>0</difficult>
		<bndbox>
			<xmin>320.7926829268293</xmin>
			<ymin>338.6626016260163</ymin>
			<xmax>405.6910569105691</xmax>
			<ymax>478.3170731707317</ymax>
		</bndbox>
	</object>
	<object>
		<name>Eating</name>
		<pose>Unspecified</pose>
		<truncated>1</truncated>
		<difficult>0</difficult>
		<bndbox>
			<xmin>273.1707317073171</xmin>
			<ymin>584.8211382113822</ymin>
			<xmax>400.0</xmax>
			<ymax>652.6666666666667</ymax>
		</bndbox>
	</object>
	<object>
		<name>Others</name>
		<pose>Unspecified</pose>
		<truncated>1</truncated>
		<difficult>0</difficult>
		<bndbox>
			<xmin>600.8333333333334</xmin>
			<ymin>387.6666666666667</ymin>
			<xmax>693.3333333333334</xmax>
			<ymax>512.6666666666667</ymax>
		</bndbox>
	</object>
	<object>
		<name>Others</name>
		<pose>Unspecified</pose>
		<truncated>1</truncated>
		<difficult>0</difficult>
		<bndbox>
			<xmin>576.6666666666667</xmin>
			<ymin>550.1666666666667</ymin>
			<xmax>707.5</xmax>
			<ymax>661.8333333333334</ymax>
		</bndbox>
	</object>
	<object>
		<name>Others</name>
		<pose>Unspecified</pose>
		<truncated>1</truncated>
		<difficult>0</difficult>
		<bndbox>
			<xmin>158.33333333333334</xmin>
			<ymin>395.1666666666667</ymin>
			<xmax>240.0</xmax>
			<ymax>471.83333333333337</ymax>
		</bndbox>
	</object>
	<object>
		<name>Others</name>
		<pose>Unspecified</pose>
		<truncated>1</truncated>
		<difficult>0</difficult>
		<bndbox>
			<xmin>204.95934959349594</xmin>
			<ymin>472.0365853658537</ymin>
			<xmax>300.7926829268293</xmax>
			<ymax>577.869918699187</ymax>
		</bndbox>
	</object>
	<object>
		<name>Others</name>
		<pose>Unspecified</pose>
		<truncated>1</truncated>
		<difficult>0</difficult>
		<bndbox>
			<xmin>119.16666666666667</xmin>
			<ymin>454.33333333333337</ymin>
			<xmax>194.16666666666669</xmax>
			<ymax>591.0</ymax>
		</bndbox>
	</object>
	<object>
		<name>Others</name>
		<pose>Unspecified</pose>
		<truncated>1</truncated>
		<difficult>0</difficult>
		<bndbox>
			<xmin>140.0</xmin>
			<ymin>586.8333333333334</ymin>
			<xmax>258.33333333333337</xmax>
			<ymax>651.8333333333334</ymax>
		</bndbox>
	</object>
	<object>
		<name>Others</name>
		<pose>Unspecified</pose>
		<truncated>1</truncated>
		<difficult>0</difficult>
		<bndbox>
			<xmin>105.83333333333334</xmin>
			<ymin>566.0</ymin>
			<xmax>197.5</xmax>
			<ymax>659.3333333333334</ymax>
		</bndbox>
	</object>
	<object>
		<name>Others</name>
		<pose>Unspecified</pose>
		<truncated>1</truncated>
		<difficult>0</difficult>
		<bndbox>
			<xmin>719.1666666666667</xmin>
			<ymin>280.1666666666667</ymin>
			<xmax>832.5</xmax>
			<ymax>405.1666666666667</ymax>
		</bndbox>
	</object>
	<object>
		<name>Heat Stress</name>
		<pose>Unspecified</pose>
		<truncated>1</truncated>
		<difficult>0</difficult>
		<bndbox>
			<xmin>780.8333333333334</xmin>
			<ymin>156.0</ymin>
			<xmax>862.5</xmax>
			<ymax>285.1666666666667</ymax>
		</bndbox>
	</object>
	<object>
		<name>Others</name>
		<pose>Unspecified</pose>
		<truncated>1</truncated>
		<difficult>0</difficult>
		<bndbox>
			<xmin>695.0813008130082</xmin>
			<ymin>87.48373983739837</ymin>
			<xmax>776.4227642276422</xmax>
			<ymax>236.04065040650408</ymax>
		</bndbox>
	</object>
	<object>
		<name>Drinking</name>
		<pose>Unspecified</pose>
		<truncated>1</truncated>
		<difficult>0</difficult>
		<bndbox>
			<xmin>535.020325203252</xmin>
			<ymin>80.39024390243904</ymin>
			<xmax>700.0</xmax>
			<ymax>159.6178861788618</ymax>
		</bndbox>
	</object>
	<object>
		<name>Others</name>
		<pose>Unspecified</pose>
		<truncated>1</truncated>
		<difficult>0</difficult>
		<bndbox>
			<xmin>681.7682926829269</xmin>
			<ymin>7.666666666666668</ymin>
			<xmax>786.9918699186993</xmax>
			<ymax>92.13821138211382</ymax>
		</bndbox>
	</object>
	<object>
		<name>Drinking</name>
		<pose>Unspecified</pose>
		<truncated>1</truncated>
		<difficult>0</difficult>
		<bndbox>
			<xmin>366.6666666666667</xmin>
			<ymin>11.650406504065039</ymin>
			<xmax>509.1666666666667</xmax>
			<ymax>61.0</ymax>
		</bndbox>
	</object>
	<object>
		<name>Drinking</name>
		<pose>Unspecified</pose>
		<truncated>1</truncated>
		<difficult>0</difficult>
		<bndbox>
			<xmin>469.1666666666667</xmin>
			<ymin>71.83333333333334</ymin>
			<xmax>546.6666666666667</xmax>
			<ymax>251.0</ymax>
		</bndbox>
	</object>
	<object>
		<name>Drinking</name>
		<pose>Unspecified</pose>
		<truncated>1</truncated>
		<difficult>0</difficult>
		<bndbox>
			<xmin>401.70731707317077</xmin>
			<ymin>72.03658536585367</ymin>
			<xmax>484.5528455284553</xmax>
			<ymax>219.78048780487805</ymax>
		</bndbox>
	</object>
	<object>
		<name>Others</name>
		<pose>Unspecified</pose>
		<truncated>1</truncated>
		<difficult>0</difficult>
		<bndbox>
			<xmin>523.3333333333334</xmin>
			<ymin>175.16666666666669</ymin>
			<xmax>610.8333333333334</xmax>
			<ymax>333.5</ymax>
		</bndbox>
	</object>
	<object>
		<name>Others</name>
		<pose>Unspecified</pose>
		<truncated>1</truncated>
		<difficult>0</difficult>
		<bndbox>
			<xmin>598.3333333333334</xmin>
			<ymin>126.0</ymin>
			<xmax>687.5</xmax>
			<ymax>306.83333333333337</ymax>
		</bndbox>
	</object>
	<object>
		<name>Heat Stress</name>
		<pose>Unspecified</pose>
		<truncated>1</truncated>
		<difficult>0</difficult>
		<bndbox>
			<xmin>338.33333333333337</xmin>
			<ymin>51.0</ymin>
			<xmax>429.1666666666667</xmax>
			<ymax>219.33333333333334</ymax>
		</bndbox>
	</object>
	<object>
		<name>Others</name>
		<pose>Unspecified</pose>
		<truncated>1</truncated>
		<difficult>0</difficult>
		<bndbox>
			<xmin>271.6666666666667</xmin>
			<ymin>61.0</ymin>
			<xmax>380.83333333333337</xmax>
			<ymax>117.66666666666669</ymax>
		</bndbox>
	</object>
	<object>
		<name>Others</name>
		<pose>Unspecified</pose>
		<truncated>1</truncated>
		<difficult>0</difficult>
		<bndbox>
			<xmin>220.83333333333334</xmin>
			<ymin>126.0</ymin>
			<xmax>320.83333333333337</xmax>
			<ymax>231.83333333333334</ymax>
		</bndbox>
	</object>
	<object>
		<name>Others</name>
		<pose>Unspecified</pose>
		<truncated>1</truncated>
		<difficult>0</difficult>
		<bndbox>
			<xmin>193.33333333333334</xmin>
			<ymin>227.66666666666669</ymin>
			<xmax>320.0</xmax>
			<ymax>326.0</ymax>
		</bndbox>
	</object>
	<object>
		<name>Others</name>
		<pose>Unspecified</pose>
		<truncated>1</truncated>
		<difficult>0</difficult>
		<bndbox>
			<xmin>138.33333333333334</xmin>
			<ymin>147.66666666666669</ymin>
			<xmax>220.83333333333334</xmax>
			<ymax>222.66666666666669</ymax>
		</bndbox>
	</object>
	<object>
		<name>Others</name>
		<pose>Unspecified</pose>
		<truncated>1</truncated>
		<difficult>0</difficult>
		<bndbox>
			<xmin>114.16666666666667</xmin>
			<ymin>221.83333333333334</ymin>
			<xmax>217.5</xmax>
			<ymax>284.33333333333337</ymax>
		</bndbox>
	</object>
	<object>
		<name>Others</name>
		<pose>Unspecified</pose>
		<truncated>1</truncated>
		<difficult>0</difficult>
		<bndbox>
			<xmin>228.33333333333334</xmin>
			<ymin>2.666666666666668</ymin>
			<xmax>301.6666666666667</xmax>
			<ymax>100.16666666666667</ymax>
		</bndbox>
	</object>
	<object>
		<name>Others</name>
		<pose>Unspecified</pose>
		<truncated>1</truncated>
		<difficult>0</difficult>
		<bndbox>
			<xmin>129.16666666666669</xmin>
			<ymin>18.5</ymin>
			<xmax>221.66666666666669</xmax>
			<ymax>95.16666666666667</ymax>
		</bndbox>
	</object>
	<object>
		<name>Heat Stress</name>
		<pose>Unspecified</pose>
		<truncated>1</truncated>
		<difficult>0</difficult>
		<bndbox>
			<xmin>122.5</xmin>
			<ymin>94.33333333333334</ymin>
			<xmax>185.0</xmax>
			<ymax>150.16666666666669</ymax>
		</bndbox>
	</object>
	<object>
		<name>Heat Stress</name>
		<pose>Unspecified</pose>
		<truncated>1</truncated>
		<difficult>0</difficult>
		<bndbox>
			<xmin>208.33333333333334</xmin>
			<ymin>43.5</ymin>
			<xmax>254.16666666666669</xmax>
			<ymax>159.33333333333334</ymax>
		</bndbox>
	</object>
</annotation>