<annotation>
	<folder>UAV_data</folder>
	<filename>:\ssss\zuizhong\201907261520006631.175.1.jpg</filename>
	<source>
		<database>The UAV autolanding</database>
		<annotation>UAV AutoLanding</annotation>
		<image>flickr</image>
		<flickrid>NULL</flickrid>
	</source>
	<owner>
		<flickrid>NULL</flickrid>
		<name>ChaojieZhu</name>
	</owner>
	<size>
		<width>1280</width>
		<height>720</height>
		<depth>3</depth>
	</size>
		<segmented>0</segmented>
	<object>
		<name>Heat Stress</name>
		<pose>Unspecified</pose>
		<truncated>1</truncated>
		<difficult>0</difficult>
		<bndbox>
			<xmin>848.3333333333334</xmin>
			<ymin>552.6666666666667</ymin>
			<xmax>918.3333333333334</xmax>
			<ymax>681.8333333333334</ymax>
		</bndbox>
	</object>
	<object>
		<name>Heat Stress</name>
		<pose>Unspecified</pose>
		<truncated>1</truncated>
		<difficult>0</difficult>
		<bndbox>
			<xmin>661.6666666666667</xmin>
			<ymin>383.5</ymin>
			<xmax>746.6666666666667</xmax>
			<ymax>542.6666666666667</ymax>
		</bndbox>
	</object>
	<object>
		<name>Others</name>
		<pose>Unspecified</pose>
		<truncated>1</truncated>
		<difficult>0</difficult>
		<bndbox>
			<xmin>619.1666666666667</xmin>
			<ymin>270.1666666666667</ymin>
			<xmax>705.0</xmax>
			<ymax>435.1666666666667</ymax>
		</bndbox>
	</object>
	<object>
		<name>Heat Stress</name>
		<pose>Unspecified</pose>
		<truncated>1</truncated>
		<difficult>0</difficult>
		<bndbox>
			<xmin>784.1666666666667</xmin>
			<ymin>259.33333333333337</ymin>
			<xmax>911.6666666666667</xmax>
			<ymax>356.0</ymax>
		</bndbox>
	</object>
	<object>
		<name>Others</name>
		<pose>Unspecified</pose>
		<truncated>1</truncated>
		<difficult>0</difficult>
		<bndbox>
			<xmin>820.0</xmin>
			<ymin>114.33333333333334</ymin>
			<xmax>965.0</xmax>
			<ymax>231.0</ymax>
		</bndbox>
	</object>
	<object>
		<name>Heat Stress</name>
		<pose>Unspecified</pose>
		<truncated>1</truncated>
		<difficult>0</difficult>
		<bndbox>
			<xmin>860.0</xmin>
			<ymin>1.8333333333333357</ymin>
			<xmax>930.8333333333334</xmax>
			<ymax>143.5</ymax>
		</bndbox>
	</object>
	<object>
		<name>Eating</name>
		<pose>Unspecified</pose>
		<truncated>1</truncated>
		<difficult>0</difficult>
		<bndbox>
			<xmin>769.1666666666667</xmin>
			<ymin>346.83333333333337</ymin>
			<xmax>858.3333333333334</xmax>
			<ymax>507.66666666666674</ymax>
		</bndbox>
	</object>
	<object>
		<name>Heat Stress</name>
		<pose>Unspecified</pose>
		<truncated>1</truncated>
		<difficult>0</difficult>
		<bndbox>
			<xmin>696.6666666666667</xmin>
			<ymin>151.83333333333334</ymin>
			<xmax>794.1666666666667</xmax>
			<ymax>302.6666666666667</ymax>
		</bndbox>
	</object>
	<object>
		<name>Others</name>
		<pose>Unspecified</pose>
		<truncated>1</truncated>
		<difficult>0</difficult>
		<bndbox>
			<xmin>686.6260162601626</xmin>
			<ymin>89.1910569105691</ymin>
			<xmax>808.9430894308944</xmax>
			<ymax>176.6910569105691</ymax>
		</bndbox>
	</object>
	<object>
		<name>Others</name>
		<pose>Unspecified</pose>
		<truncated>1</truncated>
		<difficult>0</difficult>
		<bndbox>
			<xmin>705.8333333333334</xmin>
			<ymin>14.333333333333336</ymin>
			<xmax>836.6666666666667</xmax>
			<ymax>98.5</ymax>
		</bndbox>
	</object>
	<object>
		<name>Others</name>
		<pose>Unspecified</pose>
		<truncated>1</truncated>
		<difficult>0</difficult>
		<bndbox>
			<xmin>618.3333333333334</xmin>
			<ymin>96.0</ymin>
			<xmax>693.3333333333334</xmax>
			<ymax>240.16666666666669</ymax>
		</bndbox>
	</object>
	<object>
		<name>Others</name>
		<pose>Unspecified</pose>
		<truncated>1</truncated>
		<difficult>0</difficult>
		<bndbox>
			<xmin>543.3536585365855</xmin>
			<ymin>90.89837398373984</ymin>
			<xmax>621.1382113821138</xmax>
			<ymax>265.3089430894309</ymax>
		</bndbox>
	</object>
	<object>
		<name>Drinking</name>
		<pose>Unspecified</pose>
		<truncated>1</truncated>
		<difficult>0</difficult>
		<bndbox>
			<xmin>391.6666666666667</xmin>
			<ymin>12.666666666666668</ymin>
			<xmax>565.0</xmax>
			<ymax>88.5</ymax>
		</bndbox>
	</object>
	<object>
		<name>Drinking</name>
		<pose>Unspecified</pose>
		<truncated>1</truncated>
		<difficult>0</difficult>
		<bndbox>
			<xmin>344.8983739837399</xmin>
			<ymin>74.3739837398374</ymin>
			<xmax>501.5650406504065</xmax>
			<ymax>191.8739837398374</ymax>
		</bndbox>
	</object>
	<object>
		<name>Others</name>
		<pose>Unspecified</pose>
		<truncated>1</truncated>
		<difficult>0</difficult>
		<bndbox>
			<xmin>344.1666666666667</xmin>
			<ymin>36.833333333333336</ymin>
			<xmax>459.1666666666667</xmax>
			<ymax>96.0</ymax>
		</bndbox>
	</object>
	<object>
		<name>Heat Stress</name>
		<pose>Unspecified</pose>
		<truncated>1</truncated>
		<difficult>0</difficult>
		<bndbox>
			<xmin>417.5</xmin>
			<ymin>162.66666666666669</ymin>
			<xmax>516.6666666666667</xmax>
			<ymax>319.33333333333337</ymax>
		</bndbox>
	</object>
	<object>
		<name>Others</name>
		<pose>Unspecified</pose>
		<truncated>1</truncated>
		<difficult>0</difficult>
		<bndbox>
			<xmin>487.5</xmin>
			<ymin>269.33333333333337</ymin>
			<xmax>579.1666666666667</xmax>
			<ymax>391.83333333333337</ymax>
		</bndbox>
	</object>
	<object>
		<name>Others</name>
		<pose>Unspecified</pose>
		<truncated>1</truncated>
		<difficult>0</difficult>
		<bndbox>
			<xmin>335.0</xmin>
			<ymin>246.83333333333337</ymin>
			<xmax>505.83333333333337</xmax>
			<ymax>357.6666666666667</ymax>
		</bndbox>
	</object>
	<object>
		<name>Others</name>
		<pose>Unspecified</pose>
		<truncated>1</truncated>
		<difficult>0</difficult>
		<bndbox>
			<xmin>358.33333333333337</xmin>
			<ymin>326.0</ymin>
			<xmax>501.6666666666667</xmax>
			<ymax>412.6666666666667</ymax>
		</bndbox>
	</object>
	<object>
		<name>Others</name>
		<pose>Unspecified</pose>
		<truncated>1</truncated>
		<difficult>0</difficult>
		<bndbox>
			<xmin>280.83333333333337</xmin>
			<ymin>356.83333333333337</ymin>
			<xmax>381.6666666666667</xmax>
			<ymax>496.0</ymax>
		</bndbox>
	</object>
	<object>
		<name>Others</name>
		<pose>Unspecified</pose>
		<truncated>1</truncated>
		<difficult>0</difficult>
		<bndbox>
			<xmin>315.0</xmin>
			<ymin>609.3333333333334</ymin>
			<xmax>440.83333333333337</xmax>
			<ymax>698.5</ymax>
		</bndbox>
	</object>
	<object>
		<name>Heat Stress</name>
		<pose>Unspecified</pose>
		<truncated>1</truncated>
		<difficult>0</difficult>
		<bndbox>
			<xmin>209.16666666666669</xmin>
			<ymin>571.8333333333334</ymin>
			<xmax>335.83333333333337</xmax>
			<ymax>672.6666666666667</ymax>
		</bndbox>
	</object>
	<object>
		<name>Others</name>
		<pose>Unspecified</pose>
		<truncated>1</truncated>
		<difficult>0</difficult>
		<bndbox>
			<xmin>105.83333333333334</xmin>
			<ymin>533.5</ymin>
			<xmax>198.33333333333334</xmax>
			<ymax>673.5</ymax>
		</bndbox>
	</object>
	<object>
		<name>Others</name>
		<pose>Unspecified</pose>
		<truncated>1</truncated>
		<difficult>0</difficult>
		<bndbox>
			<xmin>147.5</xmin>
			<ymin>351.0</ymin>
			<xmax>225.83333333333334</xmax>
			<ymax>472.6666666666667</ymax>
		</bndbox>
	</object>
	<object>
		<name>Others</name>
		<pose>Unspecified</pose>
		<truncated>1</truncated>
		<difficult>0</difficult>
		<bndbox>
			<xmin>94.16666666666667</xmin>
			<ymin>317.6666666666667</ymin>
			<xmax>176.66666666666669</xmax>
			<ymax>417.6666666666667</ymax>
		</bndbox>
	</object>
	<object>
		<name>Heat Stress</name>
		<pose>Unspecified</pose>
		<truncated>1</truncated>
		<difficult>0</difficult>
		<bndbox>
			<xmin>242.5</xmin>
			<ymin>206.83333333333334</ymin>
			<xmax>324.1666666666667</xmax>
			<ymax>341.0</ymax>
		</bndbox>
	</object>
	<object>
		<name>Heat Stress</name>
		<pose>Unspecified</pose>
		<truncated>1</truncated>
		<difficult>0</difficult>
		<bndbox>
			<xmin>308.33333333333337</xmin>
			<ymin>178.5</ymin>
			<xmax>400.0</xmax>
			<ymax>301.0</ymax>
		</bndbox>
	</object>
	<object>
		<name>Others</name>
		<pose>Unspecified</pose>
		<truncated>1</truncated>
		<difficult>0</difficult>
		<bndbox>
			<xmin>175.83333333333334</xmin>
			<ymin>154.33333333333334</ymin>
			<xmax>285.83333333333337</xmax>
			<ymax>254.33333333333337</ymax>
		</bndbox>
	</object>
	<object>
		<name>Heat Stress</name>
		<pose>Unspecified</pose>
		<truncated>1</truncated>
		<difficult>0</difficult>
		<bndbox>
			<xmin>236.66666666666669</xmin>
			<ymin>109.33333333333334</ymin>
			<xmax>335.83333333333337</xmax>
			<ymax>179.33333333333334</ymax>
		</bndbox>
	</object>
	<object>
		<name>Others</name>
		<pose>Unspecified</pose>
		<truncated>1</truncated>
		<difficult>0</difficult>
		<bndbox>
			<xmin>294.1666666666667</xmin>
			<ymin>6.0</ymin>
			<xmax>340.83333333333337</xmax>
			<ymax>131.83333333333334</ymax>
		</bndbox>
	</object>
	<object>
		<name>Others</name>
		<pose>Unspecified</pose>
		<truncated>1</truncated>
		<difficult>0</difficult>
		<bndbox>
			<xmin>148.33333333333334</xmin>
			<ymin>7.666666666666668</ymin>
			<xmax>281.6666666666667</xmax>
			<ymax>110.16666666666669</ymax>
		</bndbox>
	</object>
	<object>
		<name>Others</name>
		<pose>Unspecified</pose>
		<truncated>1</truncated>
		<difficult>0</difficult>
		<bndbox>
			<xmin>92.5</xmin>
			<ymin>221.0</ymin>
			<xmax>193.33333333333334</xmax>
			<ymax>289.33333333333337</ymax>
		</bndbox>
	</object>
	<object>
		<name>Heat Stress</name>
		<pose>Unspecified</pose>
		<truncated>1</truncated>
		<difficult>0</difficult>
		<bndbox>
			<xmin>120.0</xmin>
			<ymin>129.33333333333334</ymin>
			<xmax>179.16666666666669</xmax>
			<ymax>227.66666666666669</ymax>
		</bndbox>
	</object>
	<object>
		<name>Heat Stress</name>
		<pose>Unspecified</pose>
		<truncated>1</truncated>
		<difficult>0</difficult>
		<bndbox>
			<xmin>126.66666666666667</xmin>
			<ymin>72.66666666666667</ymin>
			<xmax>177.5</xmax>
			<ymax>186.0</ymax>
		</bndbox>
	</object>
</annotation>