<annotation>
	<folder>UAV_data</folder>
	<filename>:\ssss\zuizhong\201907250700004630.582.8.jpg</filename>
	<source>
		<database>The UAV autolanding</database>
		<annotation>UAV AutoLanding</annotation>
		<image>flickr</image>
		<flickrid>NULL</flickrid>
	</source>
	<owner>
		<flickrid>NULL</flickrid>
		<name>ChaojieZhu</name>
	</owner>
	<size>
		<width>1280</width>
		<height>720</height>
		<depth>3</depth>
	</size>
		<segmented>0</segmented>
	<object>
		<name>Eating</name>
		<pose>Unspecified</pose>
		<truncated>1</truncated>
		<difficult>0</difficult>
		<bndbox>
			<xmin>828.4756097560976</xmin>
			<ymin>510.0853658536586</ymin>
			<xmax>921.8089430894308</xmax>
			<ymax>625.0853658536586</ymax>
		</bndbox>
	</object>
	<object>
		<name>Others</name>
		<pose>Unspecified</pose>
		<truncated>1</truncated>
		<difficult>0</difficult>
		<bndbox>
			<xmin>595.7520325203252</xmin>
			<ymin>380.0243902439025</ymin>
			<xmax>704.0853658536586</xmax>
			<ymax>525.0243902439024</ymax>
		</bndbox>
	</object>
	<object>
		<name>Eating</name>
		<pose>Unspecified</pose>
		<truncated>1</truncated>
		<difficult>0</difficult>
		<bndbox>
			<xmin>570.0</xmin>
			<ymin>494.33333333333337</ymin>
			<xmax>767.479674796748</xmax>
			<ymax>564.4959349593496</ymax>
		</bndbox>
	</object>
	<object>
		<name>Others</name>
		<pose>Unspecified</pose>
		<truncated>1</truncated>
		<difficult>0</difficult>
		<bndbox>
			<xmin>576.6666666666667</xmin>
			<ymin>550.1666666666667</ymin>
			<xmax>719.1666666666667</xmax>
			<ymax>666.0</ymax>
		</bndbox>
	</object>
	<object>
		<name>Eating</name>
		<pose>Unspecified</pose>
		<truncated>1</truncated>
		<difficult>0</difficult>
		<bndbox>
			<xmin>274.979674796748</xmin>
			<ymin>583.6626016260163</ymin>
			<xmax>397.479674796748</xmax>
			<ymax>651.9959349593496</ymax>
		</bndbox>
	</object>
	<object>
		<name>Others</name>
		<pose>Unspecified</pose>
		<truncated>1</truncated>
		<difficult>0</difficult>
		<bndbox>
			<xmin>225.83333333333334</xmin>
			<ymin>492.6666666666667</ymin>
			<xmax>308.33333333333337</xmax>
			<ymax>611.0</ymax>
		</bndbox>
	</object>
	<object>
		<name>Heat Stress</name>
		<pose>Unspecified</pose>
		<truncated>1</truncated>
		<difficult>0</difficult>
		<bndbox>
			<xmin>313.0284552845529</xmin>
			<ymin>180.9186991869919</ymin>
			<xmax>417.8861788617886</xmax>
			<ymax>345.7967479674797</ymax>
		</bndbox>
	</object>
	<object>
		<name>Heat Stress</name>
		<pose>Unspecified</pose>
		<truncated>1</truncated>
		<difficult>0</difficult>
		<bndbox>
			<xmin>781.6666666666667</xmin>
			<ymin>161.0</ymin>
			<xmax>864.1666666666667</xmax>
			<ymax>291.0</ymax>
		</bndbox>
	</object>
	<object>
		<name>Heat Stress</name>
		<pose>Unspecified</pose>
		<truncated>1</truncated>
		<difficult>0</difficult>
		<bndbox>
			<xmin>215.0</xmin>
			<ymin>31.0</ymin>
			<xmax>305.83333333333337</xmax>
			<ymax>151.0</ymax>
		</bndbox>
	</object>
	<object>
		<name>Others</name>
		<pose>Unspecified</pose>
		<truncated>1</truncated>
		<difficult>0</difficult>
		<bndbox>
			<xmin>520.8333333333334</xmin>
			<ymin>176.0</ymin>
			<xmax>603.3333333333334</xmax>
			<ymax>343.5</ymax>
		</bndbox>
	</object>
	<object>
		<name>Others</name>
		<pose>Unspecified</pose>
		<truncated>1</truncated>
		<difficult>0</difficult>
		<bndbox>
			<xmin>590.8333333333334</xmin>
			<ymin>142.66666666666669</ymin>
			<xmax>681.6666666666667</xmax>
			<ymax>309.33333333333337</ymax>
		</bndbox>
	</object>
	<object>
		<name>Others</name>
		<pose>Unspecified</pose>
		<truncated>1</truncated>
		<difficult>0</difficult>
		<bndbox>
			<xmin>555.0</xmin>
			<ymin>100.16666666666667</ymin>
			<xmax>705.0</xmax>
			<ymax>171.83333333333334</ymax>
		</bndbox>
	</object>
	<object>
		<name>Others</name>
		<pose>Unspecified</pose>
		<truncated>1</truncated>
		<difficult>0</difficult>
		<bndbox>
			<xmin>693.4349593495934</xmin>
			<ymin>105.77642276422765</ymin>
			<xmax>857.7235772357724</xmax>
			<ymax>177.5040650406504</ymax>
		</bndbox>
	</object>
	<object>
		<name>Others</name>
		<pose>Unspecified</pose>
		<truncated>1</truncated>
		<difficult>0</difficult>
		<bndbox>
			<xmin>715.0</xmin>
			<ymin>277.6666666666667</ymin>
			<xmax>840.0</xmax>
			<ymax>408.5</ymax>
		</bndbox>
	</object>
	<object>
		<name>Drinking</name>
		<pose>Unspecified</pose>
		<truncated>1</truncated>
		<difficult>0</difficult>
		<bndbox>
			<xmin>472.5</xmin>
			<ymin>79.33333333333334</ymin>
			<xmax>591.6666666666667</xmax>
			<ymax>217.66666666666669</ymax>
		</bndbox>
	</object>
	<object>
		<name>Drinking</name>
		<pose>Unspecified</pose>
		<truncated>1</truncated>
		<difficult>0</difficult>
		<bndbox>
			<xmin>405.83333333333337</xmin>
			<ymin>74.33333333333334</ymin>
			<xmax>485.83333333333337</xmax>
			<ymax>209.33333333333334</ymax>
		</bndbox>
	</object>
	<object>
		<name>Others</name>
		<pose>Unspecified</pose>
		<truncated>1</truncated>
		<difficult>0</difficult>
		<bndbox>
			<xmin>343.33333333333337</xmin>
			<ymin>78.5</ymin>
			<xmax>432.5</xmax>
			<ymax>221.83333333333334</ymax>
		</bndbox>
	</object>
	<object>
		<name>Others</name>
		<pose>Unspecified</pose>
		<truncated>1</truncated>
		<difficult>0</difficult>
		<bndbox>
			<xmin>679.1666666666667</xmin>
			<ymin>8.5</ymin>
			<xmax>783.739837398374</xmax>
			<ymax>77.5040650406504</ymax>
		</bndbox>
	</object>
	<object>
		<name>Others</name>
		<pose>Unspecified</pose>
		<truncated>1</truncated>
		<difficult>0</difficult>
		<bndbox>
			<xmin>361.6666666666667</xmin>
			<ymin>12.666666666666668</ymin>
			<xmax>505.83333333333337</xmax>
			<ymax>63.5</ymax>
		</bndbox>
	</object>
	<object>
		<name>Others</name>
		<pose>Unspecified</pose>
		<truncated>1</truncated>
		<difficult>0</difficult>
		<bndbox>
			<xmin>268.33333333333337</xmin>
			<ymin>50.16666666666667</ymin>
			<xmax>400.0</xmax>
			<ymax>118.5</ymax>
		</bndbox>
	</object>
	<object>
		<name>Others</name>
		<pose>Unspecified</pose>
		<truncated>1</truncated>
		<difficult>0</difficult>
		<bndbox>
			<xmin>175.83333333333334</xmin>
			<ymin>129.33333333333334</ymin>
			<xmax>325.0</xmax>
			<ymax>211.0</ymax>
		</bndbox>
	</object>
	<object>
		<name>Others</name>
		<pose>Unspecified</pose>
		<truncated>1</truncated>
		<difficult>0</difficult>
		<bndbox>
			<xmin>135.83333333333334</xmin>
			<ymin>21.0</ymin>
			<xmax>215.83333333333334</xmax>
			<ymax>101.83333333333334</ymax>
		</bndbox>
	</object>
	<object>
		<name>Others</name>
		<pose>Unspecified</pose>
		<truncated>1</truncated>
		<difficult>0</difficult>
		<bndbox>
			<xmin>123.33333333333334</xmin>
			<ymin>151.0</ymin>
			<xmax>244.16666666666669</xmax>
			<ymax>230.16666666666669</ymax>
		</bndbox>
	</object>
	<object>
		<name>Others</name>
		<pose>Unspecified</pose>
		<truncated>1</truncated>
		<difficult>0</difficult>
		<bndbox>
			<xmin>115.83333333333334</xmin>
			<ymin>215.16666666666669</ymin>
			<xmax>250.0</xmax>
			<ymax>286.0</ymax>
		</bndbox>
	</object>
	<object>
		<name>Others</name>
		<pose>Unspecified</pose>
		<truncated>1</truncated>
		<difficult>0</difficult>
		<bndbox>
			<xmin>87.5</xmin>
			<ymin>311.83333333333337</ymin>
			<xmax>218.33333333333334</xmax>
			<ymax>406.83333333333337</ymax>
		</bndbox>
	</object>
	<object>
		<name>Others</name>
		<pose>Unspecified</pose>
		<truncated>1</truncated>
		<difficult>0</difficult>
		<bndbox>
			<xmin>156.66666666666669</xmin>
			<ymin>393.5</ymin>
			<xmax>234.16666666666669</xmax>
			<ymax>478.5</ymax>
		</bndbox>
	</object>
	<object>
		<name>Others</name>
		<pose>Unspecified</pose>
		<truncated>1</truncated>
		<difficult>0</difficult>
		<bndbox>
			<xmin>122.5</xmin>
			<ymin>456.0</ymin>
			<xmax>192.5</xmax>
			<ymax>596.8333333333334</ymax>
		</bndbox>
	</object>
	<object>
		<name>Others</name>
		<pose>Unspecified</pose>
		<truncated>1</truncated>
		<difficult>0</difficult>
		<bndbox>
			<xmin>151.66666666666669</xmin>
			<ymin>582.6666666666667</ymin>
			<xmax>257.5</xmax>
			<ymax>644.3333333333334</ymax>
		</bndbox>
	</object>
	<object>
		<name>Others</name>
		<pose>Unspecified</pose>
		<truncated>1</truncated>
		<difficult>0</difficult>
		<bndbox>
			<xmin>103.33333333333334</xmin>
			<ymin>561.8333333333334</ymin>
			<xmax>195.0</xmax>
			<ymax>653.5</ymax>
		</bndbox>
	</object>
</annotation>