<annotation>
	<folder>UAV_data</folder>
	<filename>:\ssss\zuizhong\201907261520019130.975.8.jpg</filename>
	<source>
		<database>The UAV autolanding</database>
		<annotation>UAV AutoLanding</annotation>
		<image>flickr</image>
		<flickrid>NULL</flickrid>
	</source>
	<owner>
		<flickrid>NULL</flickrid>
		<name>ChaojieZhu</name>
	</owner>
	<size>
		<width>1280</width>
		<height>720</height>
		<depth>3</depth>
	</size>
		<segmented>0</segmented>
	<object>
		<name>Heat Stress</name>
		<pose>Unspecified</pose>
		<truncated>1</truncated>
		<difficult>0</difficult>
		<bndbox>
			<xmin>840.8333333333334</xmin>
			<ymin>555.1666666666667</ymin>
			<xmax>915.8333333333334</xmax>
			<ymax>690.1666666666667</ymax>
		</bndbox>
	</object>
	<object>
		<name>Heat Stress</name>
		<pose>Unspecified</pose>
		<truncated>1</truncated>
		<difficult>0</difficult>
		<bndbox>
			<xmin>845.8333333333334</xmin>
			<ymin>393.5</ymin>
			<xmax>926.6666666666667</xmax>
			<ymax>536.8333333333334</ymax>
		</bndbox>
	</object>
	<object>
		<name>Others</name>
		<pose>Unspecified</pose>
		<truncated>1</truncated>
		<difficult>0</difficult>
		<bndbox>
			<xmin>695.0</xmin>
			<ymin>386.0</ymin>
			<xmax>830.0</xmax>
			<ymax>482.6666666666667</ymax>
		</bndbox>
	</object>
	<object>
		<name>Heat Stress</name>
		<pose>Unspecified</pose>
		<truncated>1</truncated>
		<difficult>0</difficult>
		<bndbox>
			<xmin>490.0</xmin>
			<ymin>429.33333333333337</ymin>
			<xmax>643.3333333333334</xmax>
			<ymax>548.5</ymax>
		</bndbox>
	</object>
	<object>
		<name>Others</name>
		<pose>Unspecified</pose>
		<truncated>1</truncated>
		<difficult>0</difficult>
		<bndbox>
			<xmin>542.5</xmin>
			<ymin>336.83333333333337</ymin>
			<xmax>704.1666666666667</xmax>
			<ymax>447.6666666666667</ymax>
		</bndbox>
	</object>
	<object>
		<name>Heat Stress</name>
		<pose>Unspecified</pose>
		<truncated>1</truncated>
		<difficult>0</difficult>
		<bndbox>
			<xmin>627.5</xmin>
			<ymin>583.5</ymin>
			<xmax>715.0</xmax>
			<ymax>693.5</ymax>
		</bndbox>
	</object>
	<object>
		<name>Others</name>
		<pose>Unspecified</pose>
		<truncated>1</truncated>
		<difficult>0</difficult>
		<bndbox>
			<xmin>384.1666666666667</xmin>
			<ymin>267.6666666666667</ymin>
			<xmax>458.33333333333337</xmax>
			<ymax>395.1666666666667</ymax>
		</bndbox>
	</object>
	<object>
		<name>Others</name>
		<pose>Unspecified</pose>
		<truncated>1</truncated>
		<difficult>0</difficult>
		<bndbox>
			<xmin>355.83333333333337</xmin>
			<ymin>330.1666666666667</ymin>
			<xmax>502.5</xmax>
			<ymax>411.83333333333337</ymax>
		</bndbox>
	</object>
	<object>
		<name>Others</name>
		<pose>Unspecified</pose>
		<truncated>1</truncated>
		<difficult>0</difficult>
		<bndbox>
			<xmin>150.0</xmin>
			<ymin>410.1666666666667</ymin>
			<xmax>279.1666666666667</xmax>
			<ymax>521.8333333333334</ymax>
		</bndbox>
	</object>
	<object>
		<name>Heat Stress</name>
		<pose>Unspecified</pose>
		<truncated>1</truncated>
		<difficult>0</difficult>
		<bndbox>
			<xmin>212.5</xmin>
			<ymin>584.3333333333334</ymin>
			<xmax>358.33333333333337</xmax>
			<ymax>669.3333333333334</ymax>
		</bndbox>
	</object>
	<object>
		<name>Others</name>
		<pose>Unspecified</pose>
		<truncated>1</truncated>
		<difficult>0</difficult>
		<bndbox>
			<xmin>284.1666666666667</xmin>
			<ymin>242.6869918699187</ymin>
			<xmax>369.1666666666667</xmax>
			<ymax>360.1869918699187</ymax>
		</bndbox>
	</object>
	<object>
		<name>Others</name>
		<pose>Unspecified</pose>
		<truncated>1</truncated>
		<difficult>0</difficult>
		<bndbox>
			<xmin>358.2723577235773</xmin>
			<ymin>196.0</ymin>
			<xmax>415.7723577235773</xmax>
			<ymax>360.1666666666667</ymax>
		</bndbox>
	</object>
	<object>
		<name>Heat Stress</name>
		<pose>Unspecified</pose>
		<truncated>1</truncated>
		<difficult>0</difficult>
		<bndbox>
			<xmin>508.33333333333337</xmin>
			<ymin>156.0</ymin>
			<xmax>647.5</xmax>
			<ymax>266.0</ymax>
		</bndbox>
	</object>
	<object>
		<name>Others</name>
		<pose>Unspecified</pose>
		<truncated>1</truncated>
		<difficult>0</difficult>
		<bndbox>
			<xmin>620.8333333333334</xmin>
			<ymin>188.5</ymin>
			<xmax>691.6666666666667</xmax>
			<ymax>314.33333333333337</ymax>
		</bndbox>
	</object>
	<object>
		<name>Others</name>
		<pose>Unspecified</pose>
		<truncated>1</truncated>
		<difficult>0</difficult>
		<bndbox>
			<xmin>840.0</xmin>
			<ymin>150.16666666666669</ymin>
			<xmax>970.0</xmax>
			<ymax>245.16666666666669</ymax>
		</bndbox>
	</object>
	<object>
		<name>Heat Stress</name>
		<pose>Unspecified</pose>
		<truncated>1</truncated>
		<difficult>0</difficult>
		<bndbox>
			<xmin>727.520325203252</xmin>
			<ymin>96.71138211382114</ymin>
			<xmax>814.1869918699186</xmax>
			<ymax>254.21138211382117</ymax>
		</bndbox>
	</object>
	<object>
		<name>Drinking</name>
		<pose>Unspecified</pose>
		<truncated>1</truncated>
		<difficult>0</difficult>
		<bndbox>
			<xmin>668.3333333333334</xmin>
			<ymin>4.333333333333336</ymin>
			<xmax>804.1666666666667</xmax>
			<ymax>64.33333333333334</ymax>
		</bndbox>
	</object>
	<object>
		<name>Others</name>
		<pose>Unspecified</pose>
		<truncated>1</truncated>
		<difficult>0</difficult>
		<bndbox>
			<xmin>606.6666666666667</xmin>
			<ymin>67.66666666666667</ymin>
			<xmax>725.0</xmax>
			<ymax>194.33333333333334</ymax>
		</bndbox>
	</object>
	<object>
		<name>Others</name>
		<pose>Unspecified</pose>
		<truncated>1</truncated>
		<difficult>0</difficult>
		<bndbox>
			<xmin>460.83333333333337</xmin>
			<ymin>78.5</ymin>
			<xmax>575.0</xmax>
			<ymax>142.66666666666669</ymax>
		</bndbox>
	</object>
	<object>
		<name>Others</name>
		<pose>Unspecified</pose>
		<truncated>1</truncated>
		<difficult>0</difficult>
		<bndbox>
			<xmin>424.1666666666667</xmin>
			<ymin>101.83333333333334</ymin>
			<xmax>558.3333333333334</xmax>
			<ymax>185.16666666666669</ymax>
		</bndbox>
	</object>
	<object>
		<name>Others</name>
		<pose>Unspecified</pose>
		<truncated>1</truncated>
		<difficult>0</difficult>
		<bndbox>
			<xmin>318.33333333333337</xmin>
			<ymin>118.5</ymin>
			<xmax>408.33333333333337</xmax>
			<ymax>209.33333333333334</ymax>
		</bndbox>
	</object>
	<object>
		<name>Others</name>
		<pose>Unspecified</pose>
		<truncated>1</truncated>
		<difficult>0</difficult>
		<bndbox>
			<xmin>288.2317073170732</xmin>
			<ymin>1.0203252032520354</ymin>
			<xmax>393.2317073170732</xmax>
			<ymax>39.353658536585364</ymax>
		</bndbox>
	</object>
	<object>
		<name>Others</name>
		<pose>Unspecified</pose>
		<truncated>1</truncated>
		<difficult>0</difficult>
		<bndbox>
			<xmin>168.33333333333334</xmin>
			<ymin>50.16666666666667</ymin>
			<xmax>290.0</xmax>
			<ymax>120.16666666666669</ymax>
		</bndbox>
	</object>
	<object>
		<name>Heat Stress</name>
		<pose>Unspecified</pose>
		<truncated>1</truncated>
		<difficult>0</difficult>
		<bndbox>
			<xmin>249.16666666666669</xmin>
			<ymin>152.66666666666669</ymin>
			<xmax>320.83333333333337</xmax>
			<ymax>291.0</ymax>
		</bndbox>
	</object>
	<object>
		<name>Heat Stress</name>
		<pose>Unspecified</pose>
		<truncated>1</truncated>
		<difficult>0</difficult>
		<bndbox>
			<xmin>125.83333333333334</xmin>
			<ymin>76.83333333333334</ymin>
			<xmax>180.83333333333334</xmax>
			<ymax>158.5</ymax>
		</bndbox>
	</object>
	<object>
		<name>Heat Stress</name>
		<pose>Unspecified</pose>
		<truncated>1</truncated>
		<difficult>0</difficult>
		<bndbox>
			<xmin>114.16666666666667</xmin>
			<ymin>116.0</ymin>
			<xmax>192.5</xmax>
			<ymax>249.33333333333337</ymax>
		</bndbox>
	</object>
	<object>
		<name>Others</name>
		<pose>Unspecified</pose>
		<truncated>1</truncated>
		<difficult>0</difficult>
		<bndbox>
			<xmin>143.33333333333334</xmin>
			<ymin>203.5</ymin>
			<xmax>220.83333333333334</xmax>
			<ymax>370.1666666666667</ymax>
		</bndbox>
	</object>
</annotation>