<annotation>
	<folder>UAV_data</folder>
	<filename>:\ssss\zuizhong\201907261520023530.975.8.jpg</filename>
	<source>
		<database>The UAV autolanding</database>
		<annotation>UAV AutoLanding</annotation>
		<image>flickr</image>
		<flickrid>NULL</flickrid>
	</source>
	<owner>
		<flickrid>NULL</flickrid>
		<name>ChaojieZhu</name>
	</owner>
	<size>
		<width>1280</width>
		<height>720</height>
		<depth>3</depth>
	</size>
		<segmented>0</segmented>
	<object>
		<name>Heat Stress</name>
		<pose>Unspecified</pose>
		<truncated>1</truncated>
		<difficult>0</difficult>
		<bndbox>
			<xmin>843.8333333333334</xmin>
			<ymin>553.3333333333334</ymin>
			<xmax>913.8333333333334</xmax>
			<ymax>662.5</ymax>
		</bndbox>
	</object>
	<object>
		<name>Heat Stress</name>
		<pose>Unspecified</pose>
		<truncated>1</truncated>
		<difficult>0</difficult>
		<bndbox>
			<xmin>711.3333333333334</xmin>
			<ymin>390.0</ymin>
			<xmax>828.8333333333334</xmax>
			<ymax>477.5</ymax>
		</bndbox>
	</object>
	<object>
		<name>Heat Stress</name>
		<pose>Unspecified</pose>
		<truncated>1</truncated>
		<difficult>0</difficult>
		<bndbox>
			<xmin>873.0</xmin>
			<ymin>418.33333333333337</ymin>
			<xmax>947.1666666666667</xmax>
			<ymax>561.6666666666667</ymax>
		</bndbox>
	</object>
	<object>
		<name>Others</name>
		<pose>Unspecified</pose>
		<truncated>1</truncated>
		<difficult>0</difficult>
		<bndbox>
			<xmin>773.8333333333334</xmin>
			<ymin>298.33333333333337</ymin>
			<xmax>874.6666666666667</xmax>
			<ymax>431.6666666666667</ymax>
		</bndbox>
	</object>
	<object>
		<name>Others</name>
		<pose>Unspecified</pose>
		<truncated>1</truncated>
		<difficult>0</difficult>
		<bndbox>
			<xmin>523.8333333333334</xmin>
			<ymin>634.1666666666667</ymin>
			<xmax>676.0</xmax>
			<ymax>719.0</ymax>
		</bndbox>
	</object>
	<object>
		<name>Heat Stress</name>
		<pose>Unspecified</pose>
		<truncated>1</truncated>
		<difficult>0</difficult>
		<bndbox>
			<xmin>430.5</xmin>
			<ymin>517.5</ymin>
			<xmax>588.0</xmax>
			<ymax>610.0</ymax>
		</bndbox>
	</object>
	<object>
		<name>Others</name>
		<pose>Unspecified</pose>
		<truncated>1</truncated>
		<difficult>0</difficult>
		<bndbox>
			<xmin>408.8130081300813</xmin>
			<ymin>398.33333333333337</ymin>
			<xmax>551.3130081300812</xmax>
			<ymax>509.16666666666674</ymax>
		</bndbox>
	</object>
	<object>
		<name>Others</name>
		<pose>Unspecified</pose>
		<truncated>1</truncated>
		<difficult>0</difficult>
		<bndbox>
			<xmin>518.0</xmin>
			<ymin>324.1666666666667</ymin>
			<xmax>647.1666666666667</xmax>
			<ymax>452.5</ymax>
		</bndbox>
	</object>
	<object>
		<name>Others</name>
		<pose>Unspecified</pose>
		<truncated>1</truncated>
		<difficult>0</difficult>
		<bndbox>
			<xmin>467.1666666666667</xmin>
			<ymin>276.6666666666667</ymin>
			<xmax>530.5</xmax>
			<ymax>415.0</ymax>
		</bndbox>
	</object>
	<object>
		<name>Others</name>
		<pose>Unspecified</pose>
		<truncated>1</truncated>
		<difficult>0</difficult>
		<bndbox>
			<xmin>379.6666666666667</xmin>
			<ymin>268.33333333333337</ymin>
			<xmax>466.33333333333337</xmax>
			<ymax>424.1666666666667</ymax>
		</bndbox>
	</object>
	<object>
		<name>Others</name>
		<pose>Unspecified</pose>
		<truncated>1</truncated>
		<difficult>0</difficult>
		<bndbox>
			<xmin>257.1463414634147</xmin>
			<ymin>244.16666666666669</ymin>
			<xmax>333.8130081300813</xmax>
			<ymax>367.5</ymax>
		</bndbox>
	</object>
	<object>
		<name>Heat Stress</name>
		<pose>Unspecified</pose>
		<truncated>1</truncated>
		<difficult>0</difficult>
		<bndbox>
			<xmin>251.33333333333334</xmin>
			<ymin>163.33333333333334</ymin>
			<xmax>319.6666666666667</xmax>
			<ymax>289.1666666666667</ymax>
		</bndbox>
	</object>
	<object>
		<name>Heat Stress</name>
		<pose>Unspecified</pose>
		<truncated>1</truncated>
		<difficult>0</difficult>
		<bndbox>
			<xmin>251.33333333333334</xmin>
			<ymin>97.5</ymin>
			<xmax>323.83333333333337</xmax>
			<ymax>202.5</ymax>
		</bndbox>
	</object>
	<object>
		<name>Others</name>
		<pose>Unspecified</pose>
		<truncated>1</truncated>
		<difficult>0</difficult>
		<bndbox>
			<xmin>315.5</xmin>
			<ymin>120.0</ymin>
			<xmax>418.83333333333337</xmax>
			<ymax>240.83333333333337</ymax>
		</bndbox>
	</object>
	<object>
		<name>Heat Stress</name>
		<pose>Unspecified</pose>
		<truncated>1</truncated>
		<difficult>0</difficult>
		<bndbox>
			<xmin>398.0</xmin>
			<ymin>110.0</ymin>
			<xmax>585.5</xmax>
			<ymax>213.33333333333334</ymax>
		</bndbox>
	</object>
	<object>
		<name>Others</name>
		<pose>Unspecified</pose>
		<truncated>1</truncated>
		<difficult>0</difficult>
		<bndbox>
			<xmin>498.0</xmin>
			<ymin>218.33333333333334</ymin>
			<xmax>680.5</xmax>
			<ymax>307.5</ymax>
		</bndbox>
	</object>
	<object>
		<name>Others</name>
		<pose>Unspecified</pose>
		<truncated>1</truncated>
		<difficult>0</difficult>
		<bndbox>
			<xmin>613.0</xmin>
			<ymin>69.16666666666667</ymin>
			<xmax>722.1666666666667</xmax>
			<ymax>204.16666666666669</ymax>
		</bndbox>
	</object>
	<object>
		<name>Heat Stress</name>
		<pose>Unspecified</pose>
		<truncated>1</truncated>
		<difficult>0</difficult>
		<bndbox>
			<xmin>728.8333333333334</xmin>
			<ymin>80.83333333333334</ymin>
			<xmax>817.1666666666667</xmax>
			<ymax>253.33333333333337</ymax>
		</bndbox>
	</object>
	<object>
		<name>Others</name>
		<pose>Unspecified</pose>
		<truncated>1</truncated>
		<difficult>0</difficult>
		<bndbox>
			<xmin>837.1666666666667</xmin>
			<ymin>139.16666666666669</ymin>
			<xmax>966.3333333333334</xmax>
			<ymax>248.33333333333337</ymax>
		</bndbox>
	</object>
	<object>
		<name>Others</name>
		<pose>Unspecified</pose>
		<truncated>1</truncated>
		<difficult>0</difficult>
		<bndbox>
			<xmin>489.6666666666667</xmin>
			<ymin>23.333333333333336</ymin>
			<xmax>606.3333333333334</xmax>
			<ymax>138.33333333333334</ymax>
		</bndbox>
	</object>
	<object>
		<name>Others</name>
		<pose>Unspecified</pose>
		<truncated>1</truncated>
		<difficult>0</difficult>
		<bndbox>
			<xmin>395.5</xmin>
			<ymin>8.333333333333336</ymin>
			<xmax>464.6666666666667</xmax>
			<ymax>164.16666666666669</ymax>
		</bndbox>
	</object>
	<object>
		<name>Heat Stress</name>
		<pose>Unspecified</pose>
		<truncated>1</truncated>
		<difficult>0</difficult>
		<bndbox>
			<xmin>243.83333333333334</xmin>
			<ymin>15.833333333333336</ymin>
			<xmax>381.33333333333337</xmax>
			<ymax>76.66666666666667</ymax>
		</bndbox>
	</object>
	<object>
		<name>Others</name>
		<pose>Unspecified</pose>
		<truncated>1</truncated>
		<difficult>0</difficult>
		<bndbox>
			<xmin>188.83333333333334</xmin>
			<ymin>435.83333333333337</ymin>
			<xmax>327.1666666666667</xmax>
			<ymax>558.3333333333334</ymax>
		</bndbox>
	</object>
	<object>
		<name>Heat Stress</name>
		<pose>Unspecified</pose>
		<truncated>1</truncated>
		<difficult>0</difficult>
		<bndbox>
			<xmin>172.16666666666669</xmin>
			<ymin>421.6666666666667</ymin>
			<xmax>238.0</xmax>
			<ymax>553.3333333333334</ymax>
		</bndbox>
	</object>
	<object>
		<name>Heat Stress</name>
		<pose>Unspecified</pose>
		<truncated>1</truncated>
		<difficult>0</difficult>
		<bndbox>
			<xmin>213.0</xmin>
			<ymin>581.6666666666667</ymin>
			<xmax>358.83333333333337</xmax>
			<ymax>670.8333333333334</ymax>
		</bndbox>
	</object>
	<object>
		<name>Others</name>
		<pose>Unspecified</pose>
		<truncated>1</truncated>
		<difficult>0</difficult>
		<bndbox>
			<xmin>158.0</xmin>
			<ymin>193.33333333333334</ymin>
			<xmax>222.16666666666669</xmax>
			<ymax>348.33333333333337</ymax>
		</bndbox>
	</object>
	<object>
		<name>Heat Stress</name>
		<pose>Unspecified</pose>
		<truncated>1</truncated>
		<difficult>0</difficult>
		<bndbox>
			<xmin>109.66666666666667</xmin>
			<ymin>210.0</ymin>
			<xmax>167.16666666666669</xmax>
			<ymax>290.83333333333337</ymax>
		</bndbox>
	</object>
	<object>
		<name>Heat Stress</name>
		<pose>Unspecified</pose>
		<truncated>1</truncated>
		<difficult>0</difficult>
		<bndbox>
			<xmin>120.5</xmin>
			<ymin>129.16666666666669</ymin>
			<xmax>184.66666666666669</xmax>
			<ymax>224.16666666666669</ymax>
		</bndbox>
	</object>
	<object>
		<name>Others</name>
		<pose>Unspecified</pose>
		<truncated>1</truncated>
		<difficult>0</difficult>
		<bndbox>
			<xmin>151.33333333333334</xmin>
			<ymin>26.66666666666667</ymin>
			<xmax>217.16666666666669</xmax>
			<ymax>127.5</ymax>
		</bndbox>
	</object>
	<object>
		<name>Others</name>
		<pose>Unspecified</pose>
		<truncated>1</truncated>
		<difficult>0</difficult>
		<bndbox>
			<xmin>175.5</xmin>
			<ymin>47.5</ymin>
			<xmax>301.33333333333337</xmax>
			<ymax>117.5</ymax>
		</bndbox>
	</object>
</annotation>