<annotation>
	<folder>UAV_data</folder>
	<filename>:\ssss\zuizhong\201907271156001032.780.8.jpg</filename>
	<source>
		<database>The UAV autolanding</database>
		<annotation>UAV AutoLanding</annotation>
		<image>flickr</image>
		<flickrid>NULL</flickrid>
	</source>
	<owner>
		<flickrid>NULL</flickrid>
		<name>ChaojieZhu</name>
	</owner>
	<size>
		<width>1280</width>
		<height>720</height>
		<depth>3</depth>
	</size>
		<segmented>0</segmented>
	<object>
		<name>Heat Stress</name>
		<pose>Unspecified</pose>
		<truncated>1</truncated>
		<difficult>0</difficult>
		<bndbox>
			<xmin>911.6666666666667</xmin>
			<ymin>338.5</ymin>
			<xmax>986.6666666666667</xmax>
			<ymax>468.5</ymax>
		</bndbox>
	</object>
	<object>
		<name>Heat Stress</name>
		<pose>Unspecified</pose>
		<truncated>1</truncated>
		<difficult>0</difficult>
		<bndbox>
			<xmin>935.0</xmin>
			<ymin>187.66666666666669</ymin>
			<xmax>1020.0</xmax>
			<ymax>271.0</ymax>
		</bndbox>
	</object>
	<object>
		<name>Others</name>
		<pose>Unspecified</pose>
		<truncated>1</truncated>
		<difficult>0</difficult>
		<bndbox>
			<xmin>1015.8333333333334</xmin>
			<ymin>201.83333333333334</ymin>
			<xmax>1080.8333333333335</xmax>
			<ymax>311.0</ymax>
		</bndbox>
	</object>
	<object>
		<name>Heat Stress</name>
		<pose>Unspecified</pose>
		<truncated>1</truncated>
		<difficult>0</difficult>
		<bndbox>
			<xmin>611.6666666666667</xmin>
			<ymin>148.5</ymin>
			<xmax>711.6666666666667</xmax>
			<ymax>317.6666666666667</ymax>
		</bndbox>
	</object>
	<object>
		<name>Others</name>
		<pose>Unspecified</pose>
		<truncated>1</truncated>
		<difficult>0</difficult>
		<bndbox>
			<xmin>923.3333333333334</xmin>
			<ymin>17.66666666666667</ymin>
			<xmax>985.8333333333334</xmax>
			<ymax>165.16666666666669</ymax>
		</bndbox>
	</object>
	<object>
		<name>Others</name>
		<pose>Unspecified</pose>
		<truncated>1</truncated>
		<difficult>0</difficult>
		<bndbox>
			<xmin>765.8333333333334</xmin>
			<ymin>71.0</ymin>
			<xmax>860.8333333333334</xmax>
			<ymax>239.33333333333337</ymax>
		</bndbox>
	</object>
	<object>
		<name>Others</name>
		<pose>Unspecified</pose>
		<truncated>1</truncated>
		<difficult>0</difficult>
		<bndbox>
			<xmin>777.5</xmin>
			<ymin>28.5</ymin>
			<xmax>912.5</xmax>
			<ymax>107.66666666666667</ymax>
		</bndbox>
	</object>
	<object>
		<name>Others</name>
		<pose>Unspecified</pose>
		<truncated>1</truncated>
		<difficult>0</difficult>
		<bndbox>
			<xmin>685.0</xmin>
			<ymin>17.66666666666667</ymin>
			<xmax>770.0</xmax>
			<ymax>159.33333333333334</ymax>
		</bndbox>
	</object>
	<object>
		<name>Others</name>
		<pose>Unspecified</pose>
		<truncated>1</truncated>
		<difficult>0</difficult>
		<bndbox>
			<xmin>602.5</xmin>
			<ymin>55.16666666666667</ymin>
			<xmax>746.6666666666667</xmax>
			<ymax>171.83333333333334</ymax>
		</bndbox>
	</object>
	<object>
		<name>Others</name>
		<pose>Unspecified</pose>
		<truncated>1</truncated>
		<difficult>0</difficult>
		<bndbox>
			<xmin>491.6666666666667</xmin>
			<ymin>72.66666666666667</ymin>
			<xmax>621.6666666666667</xmax>
			<ymax>190.16666666666669</ymax>
		</bndbox>
	</object>
	<object>
		<name>Heat Stress</name>
		<pose>Unspecified</pose>
		<truncated>1</truncated>
		<difficult>0</difficult>
		<bndbox>
			<xmin>407.5</xmin>
			<ymin>51.83333333333334</ymin>
			<xmax>510.0</xmax>
			<ymax>211.83333333333334</ymax>
		</bndbox>
	</object>
	<object>
		<name>Others</name>
		<pose>Unspecified</pose>
		<truncated>1</truncated>
		<difficult>0</difficult>
		<bndbox>
			<xmin>405.83333333333337</xmin>
			<ymin>2.666666666666668</ymin>
			<xmax>545.8333333333334</xmax>
			<ymax>66.0</ymax>
		</bndbox>
	</object>
	<object>
		<name>Others</name>
		<pose>Unspecified</pose>
		<truncated>1</truncated>
		<difficult>0</difficult>
		<bndbox>
			<xmin>210.83333333333334</xmin>
			<ymin>27.66666666666667</ymin>
			<xmax>311.6666666666667</xmax>
			<ymax>149.33333333333334</ymax>
		</bndbox>
	</object>
	<object>
		<name>Heat Stress</name>
		<pose>Unspecified</pose>
		<truncated>1</truncated>
		<difficult>0</difficult>
		<bndbox>
			<xmin>294.979674796748</xmin>
			<ymin>60.39024390243904</ymin>
			<xmax>391.6463414634147</xmax>
			<ymax>159.5569105691057</ymax>
		</bndbox>
	</object>
	<object>
		<name>Others</name>
		<pose>Unspecified</pose>
		<truncated>1</truncated>
		<difficult>0</difficult>
		<bndbox>
			<xmin>290.0</xmin>
			<ymin>155.16666666666669</ymin>
			<xmax>395.0</xmax>
			<ymax>274.33333333333337</ymax>
		</bndbox>
	</object>
	<object>
		<name>Heat Stress</name>
		<pose>Unspecified</pose>
		<truncated>1</truncated>
		<difficult>0</difficult>
		<bndbox>
			<xmin>194.16666666666669</xmin>
			<ymin>267.6666666666667</ymin>
			<xmax>319.1666666666667</xmax>
			<ymax>373.5</ymax>
		</bndbox>
	</object>
	<object>
		<name>Heat Stress</name>
		<pose>Unspecified</pose>
		<truncated>1</truncated>
		<difficult>0</difficult>
		<bndbox>
			<xmin>312.5</xmin>
			<ymin>317.6666666666667</ymin>
			<xmax>412.5</xmax>
			<ymax>450.1666666666667</ymax>
		</bndbox>
	</object>
	<object>
		<name>Eating</name>
		<pose>Unspecified</pose>
		<truncated>1</truncated>
		<difficult>0</difficult>
		<bndbox>
			<xmin>396.7479674796748</xmin>
			<ymin>570.8130081300814</ymin>
			<xmax>595.8333333333334</xmax>
			<ymax>656.0</ymax>
		</bndbox>
	</object>
	<object>
		<name>Others</name>
		<pose>Unspecified</pose>
		<truncated>1</truncated>
		<difficult>0</difficult>
		<bndbox>
			<xmin>187.5</xmin>
			<ymin>488.5</ymin>
			<xmax>318.33333333333337</xmax>
			<ymax>559.3333333333334</ymax>
		</bndbox>
	</object>
	<object>
		<name>Others</name>
		<pose>Unspecified</pose>
		<truncated>1</truncated>
		<difficult>0</difficult>
		<bndbox>
			<xmin>220.0</xmin>
			<ymin>583.5</ymin>
			<xmax>286.6666666666667</xmax>
			<ymax>677.6666666666667</ymax>
		</bndbox>
	</object>
	<object>
		<name>Heat Stress</name>
		<pose>Unspecified</pose>
		<truncated>1</truncated>
		<difficult>0</difficult>
		<bndbox>
			<xmin>129.16666666666669</xmin>
			<ymin>581.0</ymin>
			<xmax>222.5</xmax>
			<ymax>681.8333333333334</ymax>
		</bndbox>
	</object>
	<object>
		<name>Heat Stress</name>
		<pose>Unspecified</pose>
		<truncated>1</truncated>
		<difficult>0</difficult>
		<bndbox>
			<xmin>80.83333333333334</xmin>
			<ymin>435.1666666666667</ymin>
			<xmax>182.5</xmax>
			<ymax>521.8333333333334</ymax>
		</bndbox>
	</object>
	<object>
		<name>Others</name>
		<pose>Unspecified</pose>
		<truncated>1</truncated>
		<difficult>0</difficult>
		<bndbox>
			<xmin>95.0</xmin>
			<ymin>341.83333333333337</ymin>
			<xmax>228.33333333333334</xmax>
			<ymax>418.5</ymax>
		</bndbox>
	</object>
	<object>
		<name>Others</name>
		<pose>Unspecified</pose>
		<truncated>1</truncated>
		<difficult>0</difficult>
		<bndbox>
			<xmin>95.0</xmin>
			<ymin>267.6666666666667</ymin>
			<xmax>155.83333333333334</xmax>
			<ymax>365.1666666666667</ymax>
		</bndbox>
	</object>
	<object>
		<name>Others</name>
		<pose>Unspecified</pose>
		<truncated>1</truncated>
		<difficult>0</difficult>
		<bndbox>
			<xmin>195.83333333333334</xmin>
			<ymin>1.0</ymin>
			<xmax>255.0</xmax>
			<ymax>102.66666666666667</ymax>
		</bndbox>
	</object>
	<object>
		<name>Others</name>
		<pose>Unspecified</pose>
		<truncated>1</truncated>
		<difficult>0</difficult>
		<bndbox>
			<xmin>98.33333333333334</xmin>
			<ymin>56.0</ymin>
			<xmax>205.0</xmax>
			<ymax>115.16666666666669</ymax>
		</bndbox>
	</object>
	<object>
		<name>Others</name>
		<pose>Unspecified</pose>
		<truncated>1</truncated>
		<difficult>0</difficult>
		<bndbox>
			<xmin>114.16666666666667</xmin>
			<ymin>19.333333333333336</ymin>
			<xmax>200.0</xmax>
			<ymax>102.66666666666667</ymax>
		</bndbox>
	</object>
	<object>
		<name>Others</name>
		<pose>Unspecified</pose>
		<truncated>1</truncated>
		<difficult>0</difficult>
		<bndbox>
			<xmin>93.4959349593496</xmin>
			<ymin>134.22764227642276</ymin>
			<xmax>173.5569105691057</xmax>
			<ymax>211.89430894308944</ymax>
		</bndbox>
	</object>
	<object>
		<name>Others</name>
		<pose>Unspecified</pose>
		<truncated>1</truncated>
		<difficult>0</difficult>
		<bndbox>
			<xmin>142.5</xmin>
			<ymin>165.16666666666669</ymin>
			<xmax>223.33333333333334</xmax>
			<ymax>326.0</ymax>
		</bndbox>
	</object>
	<object>
		<name>Others</name>
		<pose>Unspecified</pose>
		<truncated>1</truncated>
		<difficult>0</difficult>
		<bndbox>
			<xmin>72.5</xmin>
			<ymin>197.66666666666669</ymin>
			<xmax>137.5</xmax>
			<ymax>318.5</ymax>
		</bndbox>
	</object>
	<object>
		<name>Others</name>
		<pose>Unspecified</pose>
		<truncated>1</truncated>
		<difficult>0</difficult>
		<bndbox>
			<xmin>146.66666666666669</xmin>
			<ymin>96.0</ymin>
			<xmax>215.0</xmax>
			<ymax>169.33333333333334</ymax>
		</bndbox>
	</object>
</annotation>