<annotation>
	<folder>UAV_data</folder>
	<filename>:\ssss\zuizhong\201907261520025230.975.6.jpg</filename>
	<source>
		<database>The UAV autolanding</database>
		<annotation>UAV AutoLanding</annotation>
		<image>flickr</image>
		<flickrid>NULL</flickrid>
	</source>
	<owner>
		<flickrid>NULL</flickrid>
		<name>ChaojieZhu</name>
	</owner>
	<size>
		<width>1280</width>
		<height>720</height>
		<depth>3</depth>
	</size>
		<segmented>0</segmented>
	<object>
		<name>Heat Stress</name>
		<pose>Unspecified</pose>
		<truncated>1</truncated>
		<difficult>0</difficult>
		<bndbox>
			<xmin>844.1666666666667</xmin>
			<ymin>554.3333333333334</ymin>
			<xmax>917.5</xmax>
			<ymax>666.0</ymax>
		</bndbox>
	</object>
	<object>
		<name>Heat Stress</name>
		<pose>Unspecified</pose>
		<truncated>1</truncated>
		<difficult>0</difficult>
		<bndbox>
			<xmin>699.1666666666667</xmin>
			<ymin>403.5</ymin>
			<xmax>811.6666666666667</xmax>
			<ymax>491.83333333333337</ymax>
		</bndbox>
	</object>
	<object>
		<name>Heat Stress</name>
		<pose>Unspecified</pose>
		<truncated>1</truncated>
		<difficult>0</difficult>
		<bndbox>
			<xmin>871.6666666666667</xmin>
			<ymin>421.0</ymin>
			<xmax>947.5</xmax>
			<ymax>552.6666666666667</ymax>
		</bndbox>
	</object>
	<object>
		<name>Heat Stress</name>
		<pose>Unspecified</pose>
		<truncated>1</truncated>
		<difficult>0</difficult>
		<bndbox>
			<xmin>842.5</xmin>
			<ymin>308.5</ymin>
			<xmax>980.8333333333334</xmax>
			<ymax>412.6666666666667</ymax>
		</bndbox>
	</object>
	<object>
		<name>Others</name>
		<pose>Unspecified</pose>
		<truncated>1</truncated>
		<difficult>0</difficult>
		<bndbox>
			<xmin>592.5</xmin>
			<ymin>244.33333333333337</ymin>
			<xmax>702.5</xmax>
			<ymax>374.33333333333337</ymax>
		</bndbox>
	</object>
	<object>
		<name>Others</name>
		<pose>Unspecified</pose>
		<truncated>1</truncated>
		<difficult>0</difficult>
		<bndbox>
			<xmin>504.1666666666667</xmin>
			<ymin>351.83333333333337</ymin>
			<xmax>636.6666666666667</xmax>
			<ymax>439.33333333333337</ymax>
		</bndbox>
	</object>
	<object>
		<name>Others</name>
		<pose>Unspecified</pose>
		<truncated>1</truncated>
		<difficult>0</difficult>
		<bndbox>
			<xmin>422.5</xmin>
			<ymin>393.5</ymin>
			<xmax>541.6666666666667</xmax>
			<ymax>512.6666666666667</ymax>
		</bndbox>
	</object>
	<object>
		<name>Heat Stress</name>
		<pose>Unspecified</pose>
		<truncated>1</truncated>
		<difficult>0</difficult>
		<bndbox>
			<xmin>444.1666666666667</xmin>
			<ymin>498.5</ymin>
			<xmax>592.5</xmax>
			<ymax>596.0</ymax>
		</bndbox>
	</object>
	<object>
		<name>Others</name>
		<pose>Unspecified</pose>
		<truncated>1</truncated>
		<difficult>0</difficult>
		<bndbox>
			<xmin>531.6666666666667</xmin>
			<ymin>639.3333333333334</ymin>
			<xmax>673.0</xmax>
			<ymax>719.0</ymax>
		</bndbox>
	</object>
	<object>
		<name>Others</name>
		<pose>Unspecified</pose>
		<truncated>1</truncated>
		<difficult>0</difficult>
		<bndbox>
			<xmin>351.6666666666667</xmin>
			<ymin>359.33333333333337</ymin>
			<xmax>432.5</xmax>
			<ymax>471.0</ymax>
		</bndbox>
	</object>
	<object>
		<name>Others</name>
		<pose>Unspecified</pose>
		<truncated>1</truncated>
		<difficult>0</difficult>
		<bndbox>
			<xmin>384.1260162601626</xmin>
			<ymin>271.7926829268293</ymin>
			<xmax>480.7926829268293</xmax>
			<ymax>423.459349593496</ymax>
		</bndbox>
	</object>
	<object>
		<name>Heat Stress</name>
		<pose>Unspecified</pose>
		<truncated>1</truncated>
		<difficult>0</difficult>
		<bndbox>
			<xmin>337.5</xmin>
			<ymin>255.1869918699187</ymin>
			<xmax>409.1666666666667</xmax>
			<ymax>352.6869918699187</ymax>
		</bndbox>
	</object>
	<object>
		<name>Others</name>
		<pose>Unspecified</pose>
		<truncated>1</truncated>
		<difficult>0</difficult>
		<bndbox>
			<xmin>255.0</xmin>
			<ymin>245.16666666666669</ymin>
			<xmax>340.83333333333337</xmax>
			<ymax>367.6666666666667</ymax>
		</bndbox>
	</object>
	<object>
		<name>Heat Stress</name>
		<pose>Unspecified</pose>
		<truncated>1</truncated>
		<difficult>0</difficult>
		<bndbox>
			<xmin>250.0</xmin>
			<ymin>165.16666666666669</ymin>
			<xmax>317.5</xmax>
			<ymax>294.33333333333337</ymax>
		</bndbox>
	</object>
	<object>
		<name>Heat Stress</name>
		<pose>Unspecified</pose>
		<truncated>1</truncated>
		<difficult>0</difficult>
		<bndbox>
			<xmin>256.6666666666667</xmin>
			<ymin>86.0</ymin>
			<xmax>318.33333333333337</xmax>
			<ymax>201.0</ymax>
		</bndbox>
	</object>
	<object>
		<name>Eating</name>
		<pose>Unspecified</pose>
		<truncated>1</truncated>
		<difficult>0</difficult>
		<bndbox>
			<xmin>186.66666666666669</xmin>
			<ymin>442.6666666666667</ymin>
			<xmax>354.1666666666667</xmax>
			<ymax>541.8333333333334</ymax>
		</bndbox>
	</object>
	<object>
		<name>Heat Stress</name>
		<pose>Unspecified</pose>
		<truncated>1</truncated>
		<difficult>0</difficult>
		<bndbox>
			<xmin>220.0</xmin>
			<ymin>582.6666666666667</ymin>
			<xmax>359.1666666666667</xmax>
			<ymax>667.6666666666667</ymax>
		</bndbox>
	</object>
	<object>
		<name>Heat Stress</name>
		<pose>Unspecified</pose>
		<truncated>1</truncated>
		<difficult>0</difficult>
		<bndbox>
			<xmin>167.5</xmin>
			<ymin>424.33333333333337</ymin>
			<xmax>238.33333333333334</xmax>
			<ymax>556.0</ymax>
		</bndbox>
	</object>
	<object>
		<name>Others</name>
		<pose>Unspecified</pose>
		<truncated>1</truncated>
		<difficult>0</difficult>
		<bndbox>
			<xmin>115.83333333333334</xmin>
			<ymin>192.66666666666669</ymin>
			<xmax>234.16666666666669</xmax>
			<ymax>301.83333333333337</ymax>
		</bndbox>
	</object>
	<object>
		<name>Heat Stress</name>
		<pose>Unspecified</pose>
		<truncated>1</truncated>
		<difficult>0</difficult>
		<bndbox>
			<xmin>412.5</xmin>
			<ymin>118.5</ymin>
			<xmax>586.6666666666667</xmax>
			<ymax>209.33333333333334</ymax>
		</bndbox>
	</object>
	<object>
		<name>Others</name>
		<pose>Unspecified</pose>
		<truncated>1</truncated>
		<difficult>0</difficult>
		<bndbox>
			<xmin>605.8333333333334</xmin>
			<ymin>52.66666666666667</ymin>
			<xmax>720.8333333333334</xmax>
			<ymax>205.16666666666669</ymax>
		</bndbox>
	</object>
	<object>
		<name>Heat Stress</name>
		<pose>Unspecified</pose>
		<truncated>1</truncated>
		<difficult>0</difficult>
		<bndbox>
			<xmin>725.0</xmin>
			<ymin>97.66666666666667</ymin>
			<xmax>815.0</xmax>
			<ymax>256.83333333333337</ymax>
		</bndbox>
	</object>
	<object>
		<name>Heat Stress</name>
		<pose>Unspecified</pose>
		<truncated>1</truncated>
		<difficult>0</difficult>
		<bndbox>
			<xmin>810.8333333333334</xmin>
			<ymin>150.16666666666669</ymin>
			<xmax>945.8333333333334</xmax>
			<ymax>248.5</ymax>
		</bndbox>
	</object>
	<object>
		<name>Others</name>
		<pose>Unspecified</pose>
		<truncated>1</truncated>
		<difficult>0</difficult>
		<bndbox>
			<xmin>498.33333333333337</xmin>
			<ymin>42.66666666666667</ymin>
			<xmax>599.1666666666667</xmax>
			<ymax>156.83333333333334</ymax>
		</bndbox>
	</object>
	<object>
		<name>Others</name>
		<pose>Unspecified</pose>
		<truncated>1</truncated>
		<difficult>0</difficult>
		<bndbox>
			<xmin>394.1666666666667</xmin>
			<ymin>9.333333333333336</ymin>
			<xmax>461.6666666666667</xmax>
			<ymax>166.83333333333334</ymax>
		</bndbox>
	</object>
	<object>
		<name>Others</name>
		<pose>Unspecified</pose>
		<truncated>1</truncated>
		<difficult>0</difficult>
		<bndbox>
			<xmin>323.33333333333337</xmin>
			<ymin>100.16666666666667</ymin>
			<xmax>402.5</xmax>
			<ymax>248.5</ymax>
		</bndbox>
	</object>
	<object>
		<name>Heat Stress</name>
		<pose>Unspecified</pose>
		<truncated>1</truncated>
		<difficult>0</difficult>
		<bndbox>
			<xmin>246.66666666666669</xmin>
			<ymin>10.166666666666668</ymin>
			<xmax>366.6666666666667</xmax>
			<ymax>80.16666666666667</ymax>
		</bndbox>
	</object>
	<object>
		<name>Others</name>
		<pose>Unspecified</pose>
		<truncated>1</truncated>
		<difficult>0</difficult>
		<bndbox>
			<xmin>180.83333333333334</xmin>
			<ymin>37.66666666666667</ymin>
			<xmax>278.33333333333337</xmax>
			<ymax>106.83333333333334</ymax>
		</bndbox>
	</object>
	<object>
		<name>Heat Stress</name>
		<pose>Unspecified</pose>
		<truncated>1</truncated>
		<difficult>0</difficult>
		<bndbox>
			<xmin>121.66666666666667</xmin>
			<ymin>75.16666666666667</ymin>
			<xmax>177.5</xmax>
			<ymax>191.0</ymax>
		</bndbox>
	</object>
	<object>
		<name>Heat Stress</name>
		<pose>Unspecified</pose>
		<truncated>1</truncated>
		<difficult>0</difficult>
		<bndbox>
			<xmin>121.66666666666667</xmin>
			<ymin>116.0</ymin>
			<xmax>185.83333333333334</xmax>
			<ymax>220.16666666666669</ymax>
		</bndbox>
	</object>
</annotation>