<annotation>
	<folder>UAV_data</folder>
	<filename>:\ssss\zuizhong\201907261520002531.174.9.jpg</filename>
	<source>
		<database>The UAV autolanding</database>
		<annotation>UAV AutoLanding</annotation>
		<image>flickr</image>
		<flickrid>NULL</flickrid>
	</source>
	<owner>
		<flickrid>NULL</flickrid>
		<name>ChaojieZhu</name>
	</owner>
	<size>
		<width>1280</width>
		<height>720</height>
		<depth>3</depth>
	</size>
		<segmented>0</segmented>
	<object>
		<name>Heat Stress</name>
		<pose>Unspecified</pose>
		<truncated>1</truncated>
		<difficult>0</difficult>
		<bndbox>
			<xmin>849.1666666666667</xmin>
			<ymin>554.3333333333334</ymin>
			<xmax>909.1666666666667</xmax>
			<ymax>672.6666666666667</ymax>
		</bndbox>
	</object>
	<object>
		<name>Eating</name>
		<pose>Unspecified</pose>
		<truncated>1</truncated>
		<difficult>0</difficult>
		<bndbox>
			<xmin>591.6666666666667</xmin>
			<ymin>534.3333333333334</ymin>
			<xmax>750.0</xmax>
			<ymax>651.8333333333334</ymax>
		</bndbox>
	</object>
	<object>
		<name>Heat Stress</name>
		<pose>Unspecified</pose>
		<truncated>1</truncated>
		<difficult>0</difficult>
		<bndbox>
			<xmin>775.8333333333334</xmin>
			<ymin>354.33333333333337</ymin>
			<xmax>894.1666666666667</xmax>
			<ymax>516.8333333333334</ymax>
		</bndbox>
	</object>
	<object>
		<name>Heat Stress</name>
		<pose>Unspecified</pose>
		<truncated>1</truncated>
		<difficult>0</difficult>
		<bndbox>
			<xmin>795.8333333333334</xmin>
			<ymin>269.33333333333337</ymin>
			<xmax>952.5</xmax>
			<ymax>372.6666666666667</ymax>
		</bndbox>
	</object>
	<object>
		<name>Others</name>
		<pose>Unspecified</pose>
		<truncated>1</truncated>
		<difficult>0</difficult>
		<bndbox>
			<xmin>625.5284552845529</xmin>
			<ymin>316.6910569105691</ymin>
			<xmax>752.8455284552846</xmax>
			<ymax>431.9756097560976</ymax>
		</bndbox>
	</object>
	<object>
		<name>Others</name>
		<pose>Unspecified</pose>
		<truncated>1</truncated>
		<difficult>0</difficult>
		<bndbox>
			<xmin>555.0</xmin>
			<ymin>330.1666666666667</ymin>
			<xmax>635.0</xmax>
			<ymax>454.33333333333337</ymax>
		</bndbox>
	</object>
	<object>
		<name>Heat Stress</name>
		<pose>Unspecified</pose>
		<truncated>1</truncated>
		<difficult>0</difficult>
		<bndbox>
			<xmin>456.6666666666667</xmin>
			<ymin>541.0</ymin>
			<xmax>543.3333333333334</xmax>
			<ymax>716.8333333333334</ymax>
		</bndbox>
	</object>
	<object>
		<name>Heat Stress</name>
		<pose>Unspecified</pose>
		<truncated>1</truncated>
		<difficult>0</difficult>
		<bndbox>
			<xmin>215.83333333333334</xmin>
			<ymin>587.6463414634147</ymin>
			<xmax>358.33333333333337</xmax>
			<ymax>674.3130081300814</ymax>
		</bndbox>
	</object>
	<object>
		<name>Others</name>
		<pose>Unspecified</pose>
		<truncated>1</truncated>
		<difficult>0</difficult>
		<bndbox>
			<xmin>122.5</xmin>
			<ymin>560.1666666666667</ymin>
			<xmax>196.66666666666669</xmax>
			<ymax>680.1666666666667</ymax>
		</bndbox>
	</object>
	<object>
		<name>Others</name>
		<pose>Unspecified</pose>
		<truncated>1</truncated>
		<difficult>0</difficult>
		<bndbox>
			<xmin>274.1666666666667</xmin>
			<ymin>396.0</ymin>
			<xmax>410.0</xmax>
			<ymax>496.0</ymax>
		</bndbox>
	</object>
	<object>
		<name>Heat Stress</name>
		<pose>Unspecified</pose>
		<truncated>1</truncated>
		<difficult>0</difficult>
		<bndbox>
			<xmin>335.0</xmin>
			<ymin>328.5</ymin>
			<xmax>512.5</xmax>
			<ymax>417.6666666666667</ymax>
		</bndbox>
	</object>
	<object>
		<name>Heat Stress</name>
		<pose>Unspecified</pose>
		<truncated>1</truncated>
		<difficult>0</difficult>
		<bndbox>
			<xmin>412.5</xmin>
			<ymin>328.5</ymin>
			<xmax>516.6666666666667</xmax>
			<ymax>471.0</ymax>
		</bndbox>
	</object>
	<object>
		<name>Heat Stress</name>
		<pose>Unspecified</pose>
		<truncated>1</truncated>
		<difficult>0</difficult>
		<bndbox>
			<xmin>125.0</xmin>
			<ymin>390.1666666666667</ymin>
			<xmax>259.1666666666667</xmax>
			<ymax>470.1666666666667</ymax>
		</bndbox>
	</object>
	<object>
		<name>Others</name>
		<pose>Unspecified</pose>
		<truncated>1</truncated>
		<difficult>0</difficult>
		<bndbox>
			<xmin>98.33333333333334</xmin>
			<ymin>300.1666666666667</ymin>
			<xmax>208.33333333333334</xmax>
			<ymax>381.0</ymax>
		</bndbox>
	</object>
	<object>
		<name>Heat Stress</name>
		<pose>Unspecified</pose>
		<truncated>1</truncated>
		<difficult>0</difficult>
		<bndbox>
			<xmin>231.6869918699187</xmin>
			<ymin>215.89837398373984</ymin>
			<xmax>365.8536585365854</xmax>
			<ymax>320.8983739837399</ymax>
		</bndbox>
	</object>
	<object>
		<name>Others</name>
		<pose>Unspecified</pose>
		<truncated>1</truncated>
		<difficult>0</difficult>
		<bndbox>
			<xmin>426.6666666666667</xmin>
			<ymin>191.83333333333334</ymin>
			<xmax>550.8333333333334</xmax>
			<ymax>312.6666666666667</ymax>
		</bndbox>
	</object>
	<object>
		<name>Heat Stress</name>
		<pose>Unspecified</pose>
		<truncated>1</truncated>
		<difficult>0</difficult>
		<bndbox>
			<xmin>699.1666666666667</xmin>
			<ymin>149.33333333333334</ymin>
			<xmax>775.0</xmax>
			<ymax>330.1666666666667</ymax>
		</bndbox>
	</object>
	<object>
		<name>Others</name>
		<pose>Unspecified</pose>
		<truncated>1</truncated>
		<difficult>0</difficult>
		<bndbox>
			<xmin>832.4796747967481</xmin>
			<ymin>126.85365853658539</ymin>
			<xmax>951.6463414634147</xmax>
			<ymax>234.35365853658539</ymax>
		</bndbox>
	</object>
	<object>
		<name>Others</name>
		<pose>Unspecified</pose>
		<truncated>1</truncated>
		<difficult>0</difficult>
		<bndbox>
			<xmin>790.8333333333334</xmin>
			<ymin>37.66666666666667</ymin>
			<xmax>866.6666666666667</xmax>
			<ymax>137.66666666666669</ymax>
		</bndbox>
	</object>
	<object>
		<name>Others</name>
		<pose>Unspecified</pose>
		<truncated>1</truncated>
		<difficult>0</difficult>
		<bndbox>
			<xmin>839.1666666666667</xmin>
			<ymin>30.16666666666667</ymin>
			<xmax>948.3333333333334</xmax>
			<ymax>127.66666666666669</ymax>
		</bndbox>
	</object>
	<object>
		<name>Others</name>
		<pose>Unspecified</pose>
		<truncated>1</truncated>
		<difficult>0</difficult>
		<bndbox>
			<xmin>695.0</xmin>
			<ymin>76.83333333333334</ymin>
			<xmax>814.1666666666667</xmax>
			<ymax>177.66666666666669</ymax>
		</bndbox>
	</object>
	<object>
		<name>Heat Stress</name>
		<pose>Unspecified</pose>
		<truncated>1</truncated>
		<difficult>0</difficult>
		<bndbox>
			<xmin>612.5</xmin>
			<ymin>87.66666666666667</ymin>
			<xmax>702.5</xmax>
			<ymax>222.66666666666669</ymax>
		</bndbox>
	</object>
	<object>
		<name>Drinking</name>
		<pose>Unspecified</pose>
		<truncated>1</truncated>
		<difficult>0</difficult>
		<bndbox>
			<xmin>541.6666666666667</xmin>
			<ymin>76.83333333333334</ymin>
			<xmax>616.6666666666667</xmax>
			<ymax>272.6666666666667</ymax>
		</bndbox>
	</object>
	<object>
		<name>Others</name>
		<pose>Unspecified</pose>
		<truncated>1</truncated>
		<difficult>0</difficult>
		<bndbox>
			<xmin>423.3943089430895</xmin>
			<ymin>63.52032520325204</ymin>
			<xmax>570.8943089430895</xmax>
			<ymax>172.6869918699187</ymax>
		</bndbox>
	</object>
	<object>
		<name>Drinking</name>
		<pose>Unspecified</pose>
		<truncated>1</truncated>
		<difficult>0</difficult>
		<bndbox>
			<xmin>416.6666666666667</xmin>
			<ymin>3.5</ymin>
			<xmax>494.1666666666667</xmax>
			<ymax>147.66666666666669</ymax>
		</bndbox>
	</object>
	<object>
		<name>Drinking</name>
		<pose>Unspecified</pose>
		<truncated>1</truncated>
		<difficult>0</difficult>
		<bndbox>
			<xmin>366.6666666666667</xmin>
			<ymin>76.0</ymin>
			<xmax>437.5</xmax>
			<ymax>220.16666666666669</ymax>
		</bndbox>
	</object>
	<object>
		<name>Others</name>
		<pose>Unspecified</pose>
		<truncated>1</truncated>
		<difficult>0</difficult>
		<bndbox>
			<xmin>282.5</xmin>
			<ymin>3.5</ymin>
			<xmax>339.1666666666667</xmax>
			<ymax>138.5</ymax>
		</bndbox>
	</object>
	<object>
		<name>Others</name>
		<pose>Unspecified</pose>
		<truncated>1</truncated>
		<difficult>0</difficult>
		<bndbox>
			<xmin>186.66666666666669</xmin>
			<ymin>2.666666666666668</ymin>
			<xmax>312.5</xmax>
			<ymax>93.5</ymax>
		</bndbox>
	</object>
	<object>
		<name>Others</name>
		<pose>Unspecified</pose>
		<truncated>1</truncated>
		<difficult>0</difficult>
		<bndbox>
			<xmin>210.83333333333334</xmin>
			<ymin>96.83333333333334</ymin>
			<xmax>272.5</xmax>
			<ymax>237.66666666666669</ymax>
		</bndbox>
	</object>
	<object>
		<name>Others</name>
		<pose>Unspecified</pose>
		<truncated>1</truncated>
		<difficult>0</difficult>
		<bndbox>
			<xmin>144.16666666666669</xmin>
			<ymin>91.83333333333334</ymin>
			<xmax>225.0</xmax>
			<ymax>211.83333333333334</ymax>
		</bndbox>
	</object>
	<object>
		<name>Others</name>
		<pose>Unspecified</pose>
		<truncated>1</truncated>
		<difficult>0</difficult>
		<bndbox>
			<xmin>104.16666666666667</xmin>
			<ymin>33.5</ymin>
			<xmax>209.16666666666669</xmax>
			<ymax>126.83333333333334</ymax>
		</bndbox>
	</object>
	<object>
		<name>Others</name>
		<pose>Unspecified</pose>
		<truncated>1</truncated>
		<difficult>0</difficult>
		<bndbox>
			<xmin>95.83333333333334</xmin>
			<ymin>114.33333333333334</ymin>
			<xmax>157.5</xmax>
			<ymax>246.0</ymax>
		</bndbox>
	</object>
</annotation>