<annotation>
	<folder>UAV_data</folder>
	<filename>:\ssss\zuizhong\201907250700000430.582.8.jpg</filename>
	<source>
		<database>The UAV autolanding</database>
		<annotation>UAV AutoLanding</annotation>
		<image>flickr</image>
		<flickrid>NULL</flickrid>
	</source>
	<owner>
		<flickrid>NULL</flickrid>
		<name>ChaojieZhu</name>
	</owner>
	<size>
		<width>1280</width>
		<height>720</height>
		<depth>3</depth>
	</size>
		<segmented>0</segmented>
	<object>
		<name>Eating</name>
		<pose>Unspecified</pose>
		<truncated>1</truncated>
		<difficult>0</difficult>
		<bndbox>
			<xmin>825.0</xmin>
			<ymin>501.0</ymin>
			<xmax>937.5</xmax>
			<ymax>625.1666666666667</ymax>
		</bndbox>
	</object>
	<object>
		<name>Others</name>
		<pose>Unspecified</pose>
		<truncated>1</truncated>
		<difficult>0</difficult>
		<bndbox>
			<xmin>585.7317073170732</xmin>
			<ymin>567.4837398373985</ymin>
			<xmax>715.4471544715448</xmax>
			<ymax>676.6910569105692</ymax>
		</bndbox>
	</object>
	<object>
		<name>Others</name>
		<pose>Unspecified</pose>
		<truncated>1</truncated>
		<difficult>0</difficult>
		<bndbox>
			<xmin>477.2357723577236</xmin>
			<ymin>540.1056910569106</ymin>
			<xmax>562.5</xmax>
			<ymax>674.3333333333334</ymax>
		</bndbox>
	</object>
	<object>
		<name>Others</name>
		<pose>Unspecified</pose>
		<truncated>1</truncated>
		<difficult>0</difficult>
		<bndbox>
			<xmin>592.6016260162602</xmin>
			<ymin>387.5040650406504</ymin>
			<xmax>695.1219512195122</xmax>
			<ymax>522.219512195122</ymax>
		</bndbox>
	</object>
	<object>
		<name>Eating</name>
		<pose>Unspecified</pose>
		<truncated>1</truncated>
		<difficult>0</difficult>
		<bndbox>
			<xmin>268.33333333333337</xmin>
			<ymin>576.0</ymin>
			<xmax>410.83333333333337</xmax>
			<ymax>651.8333333333334</ymax>
		</bndbox>
	</object>
	<object>
		<name>Others</name>
		<pose>Unspecified</pose>
		<truncated>1</truncated>
		<difficult>0</difficult>
		<bndbox>
			<xmin>166.66666666666669</xmin>
			<ymin>392.6666666666667</ymin>
			<xmax>258.33333333333337</xmax>
			<ymax>476.83333333333337</ymax>
		</bndbox>
	</object>
	<object>
		<name>Others</name>
		<pose>Unspecified</pose>
		<truncated>1</truncated>
		<difficult>0</difficult>
		<bndbox>
			<xmin>123.33333333333334</xmin>
			<ymin>456.0</ymin>
			<xmax>194.16666666666669</xmax>
			<ymax>591.8333333333334</ymax>
		</bndbox>
	</object>
	<object>
		<name>Heat Stress</name>
		<pose>Unspecified</pose>
		<truncated>1</truncated>
		<difficult>0</difficult>
		<bndbox>
			<xmin>104.0650406504065</xmin>
			<ymin>294.5772357723577</ymin>
			<xmax>161.72764227642278</xmax>
			<ymax>426.0609756097561</ymax>
		</bndbox>
	</object>
	<object>
		<name>Others</name>
		<pose>Unspecified</pose>
		<truncated>1</truncated>
		<difficult>0</difficult>
		<bndbox>
			<xmin>187.4390243902439</xmin>
			<ymin>253.5</ymin>
			<xmax>274.7967479674797</xmax>
			<ymax>390.5121951219512</ymax>
		</bndbox>
	</object>
	<object>
		<name>Heat Stress</name>
		<pose>Unspecified</pose>
		<truncated>1</truncated>
		<difficult>0</difficult>
		<bndbox>
			<xmin>114.16666666666667</xmin>
			<ymin>41.0</ymin>
			<xmax>191.66666666666669</xmax>
			<ymax>148.5</ymax>
		</bndbox>
	</object>
	<object>
		<name>Others</name>
		<pose>Unspecified</pose>
		<truncated>1</truncated>
		<difficult>0</difficult>
		<bndbox>
			<xmin>82.5</xmin>
			<ymin>146.0</ymin>
			<xmax>150.83333333333334</xmax>
			<ymax>234.33333333333334</ymax>
		</bndbox>
	</object>
	<object>
		<name>Others</name>
		<pose>Unspecified</pose>
		<truncated>1</truncated>
		<difficult>0</difficult>
		<bndbox>
			<xmin>125.0</xmin>
			<ymin>131.0</ymin>
			<xmax>221.66666666666669</xmax>
			<ymax>216.0</ymax>
		</bndbox>
	</object>
	<object>
		<name>Others</name>
		<pose>Unspecified</pose>
		<truncated>1</truncated>
		<difficult>0</difficult>
		<bndbox>
			<xmin>132.5</xmin>
			<ymin>6.0</ymin>
			<xmax>254.16666666666669</xmax>
			<ymax>67.66666666666667</ymax>
		</bndbox>
	</object>
	<object>
		<name>Others</name>
		<pose>Unspecified</pose>
		<truncated>1</truncated>
		<difficult>0</difficult>
		<bndbox>
			<xmin>221.66666666666669</xmin>
			<ymin>2.666666666666668</ymin>
			<xmax>298.33333333333337</xmax>
			<ymax>111.0</ymax>
		</bndbox>
	</object>
	<object>
		<name>Others</name>
		<pose>Unspecified</pose>
		<truncated>1</truncated>
		<difficult>0</difficult>
		<bndbox>
			<xmin>199.16666666666669</xmin>
			<ymin>37.66666666666667</ymin>
			<xmax>258.33333333333337</xmax>
			<ymax>159.33333333333334</ymax>
		</bndbox>
	</object>
	<object>
		<name>Others</name>
		<pose>Unspecified</pose>
		<truncated>1</truncated>
		<difficult>0</difficult>
		<bndbox>
			<xmin>220.83333333333334</xmin>
			<ymin>118.5</ymin>
			<xmax>318.33333333333337</xmax>
			<ymax>230.16666666666669</ymax>
		</bndbox>
	</object>
	<object>
		<name>Others</name>
		<pose>Unspecified</pose>
		<truncated>1</truncated>
		<difficult>0</difficult>
		<bndbox>
			<xmin>714.6341463414634</xmin>
			<ymin>279.9430894308943</ymin>
			<xmax>852.8455284552846</xmax>
			<ymax>401.0813008130081</ymax>
		</bndbox>
	</object>
	<object>
		<name>Heat Stress</name>
		<pose>Unspecified</pose>
		<truncated>1</truncated>
		<difficult>0</difficult>
		<bndbox>
			<xmin>775.609756097561</xmin>
			<ymin>149.0487804878049</ymin>
			<xmax>844.2682926829268</xmax>
			<ymax>291.8536585365854</ymax>
		</bndbox>
	</object>
	<object>
		<name>Others</name>
		<pose>Unspecified</pose>
		<truncated>1</truncated>
		<difficult>0</difficult>
		<bndbox>
			<xmin>510.83333333333337</xmin>
			<ymin>181.83333333333334</ymin>
			<xmax>592.5</xmax>
			<ymax>380.1666666666667</ymax>
		</bndbox>
	</object>
	<object>
		<name>Others</name>
		<pose>Unspecified</pose>
		<truncated>1</truncated>
		<difficult>0</difficult>
		<bndbox>
			<xmin>696.6666666666667</xmin>
			<ymin>81.83333333333334</ymin>
			<xmax>770.0</xmax>
			<ymax>235.16666666666669</ymax>
		</bndbox>
	</object>
	<object>
		<name>Others</name>
		<pose>Unspecified</pose>
		<truncated>1</truncated>
		<difficult>0</difficult>
		<bndbox>
			<xmin>588.3333333333334</xmin>
			<ymin>138.5</ymin>
			<xmax>689.1666666666667</xmax>
			<ymax>300.1666666666667</ymax>
		</bndbox>
	</object>
	<object>
		<name>Others</name>
		<pose>Unspecified</pose>
		<truncated>1</truncated>
		<difficult>0</difficult>
		<bndbox>
			<xmin>529.1666666666667</xmin>
			<ymin>102.66666666666667</ymin>
			<xmax>670.0</xmax>
			<ymax>181.83333333333334</ymax>
		</bndbox>
	</object>
	<object>
		<name>Heat Stress</name>
		<pose>Unspecified</pose>
		<truncated>1</truncated>
		<difficult>0</difficult>
		<bndbox>
			<xmin>417.5</xmin>
			<ymin>176.0</ymin>
			<xmax>508.33333333333337</xmax>
			<ymax>314.33333333333337</ymax>
		</bndbox>
	</object>
	<object>
		<name>Drinking</name>
		<pose>Unspecified</pose>
		<truncated>1</truncated>
		<difficult>0</difficult>
		<bndbox>
			<xmin>463.33333333333337</xmin>
			<ymin>75.16666666666667</ymin>
			<xmax>553.3333333333334</xmax>
			<ymax>235.16666666666669</ymax>
		</bndbox>
	</object>
	<object>
		<name>Drinking</name>
		<pose>Unspecified</pose>
		<truncated>1</truncated>
		<difficult>0</difficult>
		<bndbox>
			<xmin>342.2764227642277</xmin>
			<ymin>69.3739837398374</ymin>
			<xmax>476.4227642276423</xmax>
			<ymax>222.21951219512195</ymax>
		</bndbox>
	</object>
	<object>
		<name>Others</name>
		<pose>Unspecified</pose>
		<truncated>1</truncated>
		<difficult>0</difficult>
		<bndbox>
			<xmin>371.7886178861789</xmin>
			<ymin>96.8739837398374</ymin>
			<xmax>446.7886178861789</xmax>
			<ymax>261.0406504065041</ymax>
		</bndbox>
	</object>
	<object>
		<name>Others</name>
		<pose>Unspecified</pose>
		<truncated>1</truncated>
		<difficult>0</difficult>
		<bndbox>
			<xmin>683.6585365853659</xmin>
			<ymin>8.337398373983746</ymin>
			<xmax>788.6178861788618</xmax>
			<ymax>79.9430894308943</ymax>
		</bndbox>
	</object>
	<object>
		<name>Others</name>
		<pose>Unspecified</pose>
		<truncated>1</truncated>
		<difficult>0</difficult>
		<bndbox>
			<xmin>276.6666666666667</xmin>
			<ymin>50.16666666666667</ymin>
			<xmax>407.5</xmax>
			<ymax>123.5</ymax>
		</bndbox>
	</object>
	<object>
		<name>Drinking</name>
		<pose>Unspecified</pose>
		<truncated>1</truncated>
		<difficult>0</difficult>
		<bndbox>
			<xmin>356.6666666666667</xmin>
			<ymin>4.333333333333336</ymin>
			<xmax>500.83333333333337</xmax>
			<ymax>62.66666666666668</ymax>
		</bndbox>
	</object>
	<object>
		<name>Others</name>
		<pose>Unspecified</pose>
		<truncated>1</truncated>
		<difficult>0</difficult>
		<bndbox>
			<xmin>501.6666666666667</xmin>
			<ymin>32.66666666666667</ymin>
			<xmax>662.5</xmax>
			<ymax>109.33333333333334</ymax>
		</bndbox>
	</object>
	<object>
		<name>Others</name>
		<pose>Unspecified</pose>
		<truncated>1</truncated>
		<difficult>0</difficult>
		<bndbox>
			<xmin>108.33333333333334</xmin>
			<ymin>582.6666666666667</ymin>
			<xmax>221.66666666666669</xmax>
			<ymax>668.5</ymax>
		</bndbox>
	</object>
	<object>
		<name>Others</name>
		<pose>Unspecified</pose>
		<truncated>1</truncated>
		<difficult>0</difficult>
		<bndbox>
			<xmin>158.29268292682926</xmin>
			<ymin>576.7723577235773</ymin>
			<xmax>264.2276422764228</xmax>
			<ymax>653.1138211382114</ymax>
		</bndbox>
	</object>
	<object>
		<name>Others</name>
		<pose>Unspecified</pose>
		<truncated>1</truncated>
		<difficult>0</difficult>
		<bndbox>
			<xmin>130.89430894308944</xmin>
			<ymin>214.08943089430895</ymin>
			<xmax>240.65040650406505</xmax>
			<ymax>288.0731707317073</ymax>
		</bndbox>
	</object>
</annotation>