<annotation>
	<folder>UAV_data</folder>
	<filename>:\ssss\zuizhong\201907271156002732.780.8.jpg</filename>
	<source>
		<database>The UAV autolanding</database>
		<annotation>UAV AutoLanding</annotation>
		<image>flickr</image>
		<flickrid>NULL</flickrid>
	</source>
	<owner>
		<flickrid>NULL</flickrid>
		<name>ChaojieZhu</name>
	</owner>
	<size>
		<width>1280</width>
		<height>720</height>
		<depth>3</depth>
	</size>
		<segmented>0</segmented>
	<object>
		<name>Heat Stress</name>
		<pose>Unspecified</pose>
		<truncated>1</truncated>
		<difficult>0</difficult>
		<bndbox>
			<xmin>814.1666666666667</xmin>
			<ymin>312.6666666666667</ymin>
			<xmax>904.1666666666667</xmax>
			<ymax>443.5</ymax>
		</bndbox>
	</object>
	<object>
		<name>Heat Stress</name>
		<pose>Unspecified</pose>
		<truncated>1</truncated>
		<difficult>0</difficult>
		<bndbox>
			<xmin>909.1666666666667</xmin>
			<ymin>333.5</ymin>
			<xmax>979.1666666666667</xmax>
			<ymax>471.83333333333337</ymax>
		</bndbox>
	</object>
	<object>
		<name>Others</name>
		<pose>Unspecified</pose>
		<truncated>1</truncated>
		<difficult>0</difficult>
		<bndbox>
			<xmin>1015.0</xmin>
			<ymin>201.0</ymin>
			<xmax>1089.1666666666667</xmax>
			<ymax>312.6666666666667</ymax>
		</bndbox>
	</object>
	<object>
		<name>Others</name>
		<pose>Unspecified</pose>
		<truncated>1</truncated>
		<difficult>0</difficult>
		<bndbox>
			<xmin>911.6666666666667</xmin>
			<ymin>18.5</ymin>
			<xmax>980.8333333333334</xmax>
			<ymax>163.5</ymax>
		</bndbox>
	</object>
	<object>
		<name>Others</name>
		<pose>Unspecified</pose>
		<truncated>1</truncated>
		<difficult>0</difficult>
		<bndbox>
			<xmin>639.1666666666667</xmin>
			<ymin>144.33333333333334</ymin>
			<xmax>793.3333333333334</xmax>
			<ymax>219.33333333333334</ymax>
		</bndbox>
	</object>
	<object>
		<name>Drinking</name>
		<pose>Unspecified</pose>
		<truncated>1</truncated>
		<difficult>0</difficult>
		<bndbox>
			<xmin>676.6666666666667</xmin>
			<ymin>14.333333333333336</ymin>
			<xmax>774.1666666666667</xmax>
			<ymax>156.0</ymax>
		</bndbox>
	</object>
	<object>
		<name>Others</name>
		<pose>Unspecified</pose>
		<truncated>1</truncated>
		<difficult>0</difficult>
		<bndbox>
			<xmin>741.6666666666667</xmin>
			<ymin>9.333333333333336</ymin>
			<xmax>884.1666666666667</xmax>
			<ymax>105.16666666666667</ymax>
		</bndbox>
	</object>
	<object>
		<name>Others</name>
		<pose>Unspecified</pose>
		<truncated>1</truncated>
		<difficult>0</difficult>
		<bndbox>
			<xmin>480.0</xmin>
			<ymin>31.0</ymin>
			<xmax>611.6666666666667</xmax>
			<ymax>140.16666666666669</ymax>
		</bndbox>
	</object>
	<object>
		<name>Others</name>
		<pose>Unspecified</pose>
		<truncated>1</truncated>
		<difficult>0</difficult>
		<bndbox>
			<xmin>415.7926829268293</xmin>
			<ymin>5.959349593495936</ymin>
			<xmax>539.0243902439024</xmax>
			<ymax>64.3089430894309</ymax>
		</bndbox>
	</object>
	<object>
		<name>Others</name>
		<pose>Unspecified</pose>
		<truncated>1</truncated>
		<difficult>0</difficult>
		<bndbox>
			<xmin>380.83333333333337</xmin>
			<ymin>27.66666666666667</ymin>
			<xmax>468.33333333333337</xmax>
			<ymax>149.33333333333334</ymax>
		</bndbox>
	</object>
	<object>
		<name>Others</name>
		<pose>Unspecified</pose>
		<truncated>1</truncated>
		<difficult>0</difficult>
		<bndbox>
			<xmin>349.1666666666667</xmin>
			<ymin>92.66666666666667</ymin>
			<xmax>500.0</xmax>
			<ymax>218.5</ymax>
		</bndbox>
	</object>
	<object>
		<name>Heat Stress</name>
		<pose>Unspecified</pose>
		<truncated>1</truncated>
		<difficult>0</difficult>
		<bndbox>
			<xmin>562.5</xmin>
			<ymin>258.5</ymin>
			<xmax>665.8333333333334</xmax>
			<ymax>409.33333333333337</ymax>
		</bndbox>
	</object>
	<object>
		<name>Heat Stress</name>
		<pose>Unspecified</pose>
		<truncated>1</truncated>
		<difficult>0</difficult>
		<bndbox>
			<xmin>392.5</xmin>
			<ymin>343.5</ymin>
			<xmax>520.0</xmax>
			<ymax>483.5</ymax>
		</bndbox>
	</object>
	<object>
		<name>Eating</name>
		<pose>Unspecified</pose>
		<truncated>1</truncated>
		<difficult>0</difficult>
		<bndbox>
			<xmin>207.5</xmin>
			<ymin>492.6666666666667</ymin>
			<xmax>341.6666666666667</xmax>
			<ymax>565.1666666666667</ymax>
		</bndbox>
	</object>
	<object>
		<name>Others</name>
		<pose>Unspecified</pose>
		<truncated>1</truncated>
		<difficult>0</difficult>
		<bndbox>
			<xmin>136.66666666666669</xmin>
			<ymin>524.3333333333334</ymin>
			<xmax>243.33333333333334</xmax>
			<ymax>633.5</ymax>
		</bndbox>
	</object>
	<object>
		<name>Heat Stress</name>
		<pose>Unspecified</pose>
		<truncated>1</truncated>
		<difficult>0</difficult>
		<bndbox>
			<xmin>115.83333333333334</xmin>
			<ymin>581.8333333333334</ymin>
			<xmax>220.0</xmax>
			<ymax>683.5</ymax>
		</bndbox>
	</object>
	<object>
		<name>Heat Stress</name>
		<pose>Unspecified</pose>
		<truncated>1</truncated>
		<difficult>0</difficult>
		<bndbox>
			<xmin>86.66666666666667</xmin>
			<ymin>433.5</ymin>
			<xmax>178.33333333333334</xmax>
			<ymax>519.3333333333334</ymax>
		</bndbox>
	</object>
	<object>
		<name>Others</name>
		<pose>Unspecified</pose>
		<truncated>1</truncated>
		<difficult>0</difficult>
		<bndbox>
			<xmin>83.33333333333334</xmin>
			<ymin>341.83333333333337</ymin>
			<xmax>229.16666666666669</xmax>
			<ymax>424.33333333333337</ymax>
		</bndbox>
	</object>
	<object>
		<name>Heat Stress</name>
		<pose>Unspecified</pose>
		<truncated>1</truncated>
		<difficult>0</difficult>
		<bndbox>
			<xmin>206.66666666666669</xmin>
			<ymin>249.33333333333337</ymin>
			<xmax>315.0</xmax>
			<ymax>387.6666666666667</ymax>
		</bndbox>
	</object>
	<object>
		<name>Others</name>
		<pose>Unspecified</pose>
		<truncated>1</truncated>
		<difficult>0</difficult>
		<bndbox>
			<xmin>87.5</xmin>
			<ymin>280.1666666666667</ymin>
			<xmax>151.66666666666669</xmax>
			<ymax>358.5</ymax>
		</bndbox>
	</object>
	<object>
		<name>Others</name>
		<pose>Unspecified</pose>
		<truncated>1</truncated>
		<difficult>0</difficult>
		<bndbox>
			<xmin>145.0</xmin>
			<ymin>151.0</ymin>
			<xmax>220.0</xmax>
			<ymax>301.0</ymax>
		</bndbox>
	</object>
	<object>
		<name>Others</name>
		<pose>Unspecified</pose>
		<truncated>1</truncated>
		<difficult>0</difficult>
		<bndbox>
			<xmin>174.16666666666669</xmin>
			<ymin>147.66666666666669</ymin>
			<xmax>288.33333333333337</xmax>
			<ymax>216.0</ymax>
		</bndbox>
	</object>
	<object>
		<name>Others</name>
		<pose>Unspecified</pose>
		<truncated>1</truncated>
		<difficult>0</difficult>
		<bndbox>
			<xmin>110.0</xmin>
			<ymin>136.0</ymin>
			<xmax>164.16666666666669</xmax>
			<ymax>276.83333333333337</ymax>
		</bndbox>
	</object>
	<object>
		<name>Others</name>
		<pose>Unspecified</pose>
		<truncated>1</truncated>
		<difficult>0</difficult>
		<bndbox>
			<xmin>158.33333333333334</xmin>
			<ymin>84.33333333333334</ymin>
			<xmax>263.33333333333337</xmax>
			<ymax>154.33333333333334</ymax>
		</bndbox>
	</object>
	<object>
		<name>Others</name>
		<pose>Unspecified</pose>
		<truncated>1</truncated>
		<difficult>0</difficult>
		<bndbox>
			<xmin>115.0</xmin>
			<ymin>46.83333333333334</ymin>
			<xmax>218.33333333333334</xmax>
			<ymax>117.66666666666669</ymax>
		</bndbox>
	</object>
	<object>
		<name>Others</name>
		<pose>Unspecified</pose>
		<truncated>1</truncated>
		<difficult>0</difficult>
		<bndbox>
			<xmin>188.33333333333334</xmin>
			<ymin>14.333333333333336</ymin>
			<xmax>288.33333333333337</xmax>
			<ymax>91.0</ymax>
		</bndbox>
	</object>
	<object>
		<name>Others</name>
		<pose>Unspecified</pose>
		<truncated>1</truncated>
		<difficult>0</difficult>
		<bndbox>
			<xmin>303.33333333333337</xmin>
			<ymin>39.333333333333336</ymin>
			<xmax>364.1666666666667</xmax>
			<ymax>191.0</ymax>
		</bndbox>
	</object>
</annotation>