<annotation>
	<folder>UAV_data</folder>
	<filename>:\ssss\zuizhong\201907271156003232.780.8.jpg</filename>
	<source>
		<database>The UAV autolanding</database>
		<annotation>UAV AutoLanding</annotation>
		<image>flickr</image>
		<flickrid>NULL</flickrid>
	</source>
	<owner>
		<flickrid>NULL</flickrid>
		<name>ChaojieZhu</name>
	</owner>
	<size>
		<width>1280</width>
		<height>720</height>
		<depth>3</depth>
	</size>
		<segmented>0</segmented>
	<object>
		<name>Heat Stress</name>
		<pose>Unspecified</pose>
		<truncated>1</truncated>
		<difficult>0</difficult>
		<bndbox>
			<xmin>910.0</xmin>
			<ymin>349.33333333333337</ymin>
			<xmax>1009.1666666666667</xmax>
			<ymax>467.6666666666667</ymax>
		</bndbox>
	</object>
	<object>
		<name>Heat Stress</name>
		<pose>Unspecified</pose>
		<truncated>1</truncated>
		<difficult>0</difficult>
		<bndbox>
			<xmin>815.8333333333334</xmin>
			<ymin>314.33333333333337</ymin>
			<xmax>904.1666666666667</xmax>
			<ymax>451.83333333333337</ymax>
		</bndbox>
	</object>
	<object>
		<name>Others</name>
		<pose>Unspecified</pose>
		<truncated>1</truncated>
		<difficult>0</difficult>
		<bndbox>
			<xmin>636.6666666666667</xmin>
			<ymin>140.16666666666669</ymin>
			<xmax>800.0</xmax>
			<ymax>222.66666666666669</ymax>
		</bndbox>
	</object>
	<object>
		<name>Others</name>
		<pose>Unspecified</pose>
		<truncated>1</truncated>
		<difficult>0</difficult>
		<bndbox>
			<xmin>1010.8333333333334</xmin>
			<ymin>221.83333333333334</ymin>
			<xmax>1087.5</xmax>
			<ymax>337.6666666666667</ymax>
		</bndbox>
	</object>
	<object>
		<name>Heat Stress</name>
		<pose>Unspecified</pose>
		<truncated>1</truncated>
		<difficult>0</difficult>
		<bndbox>
			<xmin>912.5</xmin>
			<ymin>46.83333333333334</ymin>
			<xmax>980.8333333333334</xmax>
			<ymax>165.16666666666669</ymax>
		</bndbox>
	</object>
	<object>
		<name>Others</name>
		<pose>Unspecified</pose>
		<truncated>1</truncated>
		<difficult>0</difficult>
		<bndbox>
			<xmin>765.8333333333334</xmin>
			<ymin>27.66666666666667</ymin>
			<xmax>879.1666666666667</xmax>
			<ymax>103.5</ymax>
		</bndbox>
	</object>
	<object>
		<name>Others</name>
		<pose>Unspecified</pose>
		<truncated>1</truncated>
		<difficult>0</difficult>
		<bndbox>
			<xmin>613.3536585365855</xmin>
			<ymin>1.8333333333333357</ymin>
			<xmax>730.0203252032521</xmax>
			<ymax>81.83333333333334</ymax>
		</bndbox>
	</object>
	<object>
		<name>Others</name>
		<pose>Unspecified</pose>
		<truncated>1</truncated>
		<difficult>0</difficult>
		<bndbox>
			<xmin>479.1666666666667</xmin>
			<ymin>34.333333333333336</ymin>
			<xmax>603.3333333333334</xmax>
			<ymax>141.0</ymax>
		</bndbox>
	</object>
	<object>
		<name>Heat Stress</name>
		<pose>Unspecified</pose>
		<truncated>1</truncated>
		<difficult>0</difficult>
		<bndbox>
			<xmin>480.0</xmin>
			<ymin>73.5</ymin>
			<xmax>579.1666666666667</xmax>
			<ymax>261.83333333333337</ymax>
		</bndbox>
	</object>
	<object>
		<name>Others</name>
		<pose>Unspecified</pose>
		<truncated>1</truncated>
		<difficult>0</difficult>
		<bndbox>
			<xmin>399.1666666666667</xmin>
			<ymin>4.3536585365853675</ymin>
			<xmax>541.6666666666667</xmax>
			<ymax>66.02032520325204</ymax>
		</bndbox>
	</object>
	<object>
		<name>Others</name>
		<pose>Unspecified</pose>
		<truncated>1</truncated>
		<difficult>0</difficult>
		<bndbox>
			<xmin>385.0</xmin>
			<ymin>26.0</ymin>
			<xmax>477.5</xmax>
			<ymax>166.83333333333334</ymax>
		</bndbox>
	</object>
	<object>
		<name>Others</name>
		<pose>Unspecified</pose>
		<truncated>1</truncated>
		<difficult>0</difficult>
		<bndbox>
			<xmin>337.5</xmin>
			<ymin>38.5</ymin>
			<xmax>438.33333333333337</xmax>
			<ymax>226.83333333333334</ymax>
		</bndbox>
	</object>
	<object>
		<name>Heat Stress</name>
		<pose>Unspecified</pose>
		<truncated>1</truncated>
		<difficult>0</difficult>
		<bndbox>
			<xmin>235.0</xmin>
			<ymin>113.5</ymin>
			<xmax>361.6666666666667</xmax>
			<ymax>199.33333333333334</ymax>
		</bndbox>
	</object>
	<object>
		<name>Others</name>
		<pose>Unspecified</pose>
		<truncated>1</truncated>
		<difficult>0</difficult>
		<bndbox>
			<xmin>200.83333333333334</xmin>
			<ymin>17.66666666666667</ymin>
			<xmax>294.1666666666667</xmax>
			<ymax>91.83333333333334</ymax>
		</bndbox>
	</object>
	<object>
		<name>Others</name>
		<pose>Unspecified</pose>
		<truncated>1</truncated>
		<difficult>0</difficult>
		<bndbox>
			<xmin>121.66666666666667</xmin>
			<ymin>46.83333333333334</ymin>
			<xmax>231.66666666666669</xmax>
			<ymax>111.83333333333334</ymax>
		</bndbox>
	</object>
	<object>
		<name>Others</name>
		<pose>Unspecified</pose>
		<truncated>1</truncated>
		<difficult>0</difficult>
		<bndbox>
			<xmin>95.0</xmin>
			<ymin>93.5</ymin>
			<xmax>177.5</xmax>
			<ymax>156.83333333333334</ymax>
		</bndbox>
	</object>
	<object>
		<name>Others</name>
		<pose>Unspecified</pose>
		<truncated>1</truncated>
		<difficult>0</difficult>
		<bndbox>
			<xmin>144.16666666666669</xmin>
			<ymin>122.66666666666669</ymin>
			<xmax>216.66666666666669</xmax>
			<ymax>270.1666666666667</ymax>
		</bndbox>
	</object>
	<object>
		<name>Others</name>
		<pose>Unspecified</pose>
		<truncated>1</truncated>
		<difficult>0</difficult>
		<bndbox>
			<xmin>161.66666666666669</xmin>
			<ymin>151.83333333333334</ymin>
			<xmax>221.66666666666669</xmax>
			<ymax>326.0</ymax>
		</bndbox>
	</object>
	<object>
		<name>Others</name>
		<pose>Unspecified</pose>
		<truncated>1</truncated>
		<difficult>0</difficult>
		<bndbox>
			<xmin>211.66666666666669</xmin>
			<ymin>276.0</ymin>
			<xmax>300.83333333333337</xmax>
			<ymax>383.5</ymax>
		</bndbox>
	</object>
	<object>
		<name>Eating</name>
		<pose>Unspecified</pose>
		<truncated>1</truncated>
		<difficult>0</difficult>
		<bndbox>
			<xmin>207.5</xmin>
			<ymin>491.83333333333337</ymin>
			<xmax>348.33333333333337</xmax>
			<ymax>563.5</ymax>
		</bndbox>
	</object>
	<object>
		<name>Others</name>
		<pose>Unspecified</pose>
		<truncated>1</truncated>
		<difficult>0</difficult>
		<bndbox>
			<xmin>82.5</xmin>
			<ymin>431.0</ymin>
			<xmax>178.33333333333334</xmax>
			<ymax>520.1666666666667</ymax>
		</bndbox>
	</object>
	<object>
		<name>Heat Stress</name>
		<pose>Unspecified</pose>
		<truncated>1</truncated>
		<difficult>0</difficult>
		<bndbox>
			<xmin>101.66666666666667</xmin>
			<ymin>456.83333333333337</ymin>
			<xmax>195.0</xmax>
			<ymax>586.0</ymax>
		</bndbox>
	</object>
	<object>
		<name>Heat Stress</name>
		<pose>Unspecified</pose>
		<truncated>1</truncated>
		<difficult>0</difficult>
		<bndbox>
			<xmin>120.83333333333334</xmin>
			<ymin>575.1666666666667</ymin>
			<xmax>220.83333333333334</xmax>
			<ymax>683.5</ymax>
		</bndbox>
	</object>
	<object>
		<name>Others</name>
		<pose>Unspecified</pose>
		<truncated>1</truncated>
		<difficult>0</difficult>
		<bndbox>
			<xmin>90.83333333333334</xmin>
			<ymin>348.5</ymin>
			<xmax>228.33333333333334</xmax>
			<ymax>431.83333333333337</ymax>
		</bndbox>
	</object>
	<object>
		<name>Others</name>
		<pose>Unspecified</pose>
		<truncated>1</truncated>
		<difficult>0</difficult>
		<bndbox>
			<xmin>80.0</xmin>
			<ymin>278.5</ymin>
			<xmax>160.83333333333334</xmax>
			<ymax>390.1666666666667</ymax>
		</bndbox>
	</object>
	<object>
		<name>Others</name>
		<pose>Unspecified</pose>
		<truncated>1</truncated>
		<difficult>0</difficult>
		<bndbox>
			<xmin>71.66666666666667</xmin>
			<ymin>216.0</ymin>
			<xmax>134.16666666666669</xmax>
			<ymax>319.33333333333337</ymax>
		</bndbox>
	</object>
	<object>
		<name>Others</name>
		<pose>Unspecified</pose>
		<truncated>1</truncated>
		<difficult>0</difficult>
		<bndbox>
			<xmin>97.5</xmin>
			<ymin>171.0</ymin>
			<xmax>157.5</xmax>
			<ymax>275.1666666666667</ymax>
		</bndbox>
	</object>
	<object>
		<name>Heat Stress</name>
		<pose>Unspecified</pose>
		<truncated>1</truncated>
		<difficult>0</difficult>
		<bndbox>
			<xmin>565.0</xmin>
			<ymin>262.6666666666667</ymin>
			<xmax>662.5</xmax>
			<ymax>410.1666666666667</ymax>
		</bndbox>
	</object>
</annotation>