<annotation>
	<folder>UAV_data</folder>
	<filename>:\ssss\zuizhong\201907250700008730.682.8.jpg</filename>
	<source>
		<database>The UAV autolanding</database>
		<annotation>UAV AutoLanding</annotation>
		<image>flickr</image>
		<flickrid>NULL</flickrid>
	</source>
	<owner>
		<flickrid>NULL</flickrid>
		<name>ChaojieZhu</name>
	</owner>
	<size>
		<width>1280</width>
		<height>720</height>
		<depth>3</depth>
	</size>
		<segmented>0</segmented>
	<object>
		<name>Eating</name>
		<pose>Unspecified</pose>
		<truncated>1</truncated>
		<difficult>0</difficult>
		<bndbox>
			<xmin>835.0</xmin>
			<ymin>514.3333333333334</ymin>
			<xmax>925.0</xmax>
			<ymax>626.8333333333334</ymax>
		</bndbox>
	</object>
	<object>
		<name>Eating</name>
		<pose>Unspecified</pose>
		<truncated>1</truncated>
		<difficult>0</difficult>
		<bndbox>
			<xmin>665.0</xmin>
			<ymin>374.33333333333337</ymin>
			<xmax>760.0</xmax>
			<ymax>528.5</ymax>
		</bndbox>
	</object>
	<object>
		<name>Eating</name>
		<pose>Unspecified</pose>
		<truncated>1</truncated>
		<difficult>0</difficult>
		<bndbox>
			<xmin>249.16666666666669</xmin>
			<ymin>456.83333333333337</ymin>
			<xmax>354.1666666666667</xmax>
			<ymax>604.3333333333334</ymax>
		</bndbox>
	</object>
	<object>
		<name>Others</name>
		<pose>Unspecified</pose>
		<truncated>1</truncated>
		<difficult>0</difficult>
		<bndbox>
			<xmin>339.1666666666667</xmin>
			<ymin>621.0</ymin>
			<xmax>491.6666666666667</xmax>
			<ymax>694.3333333333334</ymax>
		</bndbox>
	</object>
	<object>
		<name>Others</name>
		<pose>Unspecified</pose>
		<truncated>1</truncated>
		<difficult>0</difficult>
		<bndbox>
			<xmin>223.33333333333334</xmin>
			<ymin>503.5</ymin>
			<xmax>305.0</xmax>
			<ymax>640.1666666666667</ymax>
		</bndbox>
	</object>
	<object>
		<name>Others</name>
		<pose>Unspecified</pose>
		<truncated>1</truncated>
		<difficult>0</difficult>
		<bndbox>
			<xmin>282.5</xmin>
			<ymin>370.1666666666667</ymin>
			<xmax>455.0</xmax>
			<ymax>449.33333333333337</ymax>
		</bndbox>
	</object>
	<object>
		<name>Others</name>
		<pose>Unspecified</pose>
		<truncated>1</truncated>
		<difficult>0</difficult>
		<bndbox>
			<xmin>598.3333333333334</xmin>
			<ymin>370.1666666666667</ymin>
			<xmax>690.8333333333334</xmax>
			<ymax>503.5</ymax>
		</bndbox>
	</object>
	<object>
		<name>Heat Stress</name>
		<pose>Unspecified</pose>
		<truncated>1</truncated>
		<difficult>0</difficult>
		<bndbox>
			<xmin>532.5</xmin>
			<ymin>519.3333333333334</ymin>
			<xmax>633.3333333333334</xmax>
			<ymax>663.5</ymax>
		</bndbox>
	</object>
	<object>
		<name>Others</name>
		<pose>Unspecified</pose>
		<truncated>1</truncated>
		<difficult>0</difficult>
		<bndbox>
			<xmin>723.3333333333334</xmin>
			<ymin>286.83333333333337</ymin>
			<xmax>816.6666666666667</xmax>
			<ymax>415.1666666666667</ymax>
		</bndbox>
	</object>
	<object>
		<name>Heat Stress</name>
		<pose>Unspecified</pose>
		<truncated>1</truncated>
		<difficult>0</difficult>
		<bndbox>
			<xmin>770.0</xmin>
			<ymin>136.0</ymin>
			<xmax>846.6666666666667</xmax>
			<ymax>299.33333333333337</ymax>
		</bndbox>
	</object>
	<object>
		<name>Others</name>
		<pose>Unspecified</pose>
		<truncated>1</truncated>
		<difficult>0</difficult>
		<bndbox>
			<xmin>84.16666666666667</xmin>
			<ymin>341.83333333333337</ymin>
			<xmax>216.66666666666669</xmax>
			<ymax>447.6666666666667</ymax>
		</bndbox>
	</object>
	<object>
		<name>Others</name>
		<pose>Unspecified</pose>
		<truncated>1</truncated>
		<difficult>0</difficult>
		<bndbox>
			<xmin>126.66666666666667</xmin>
			<ymin>456.83333333333337</ymin>
			<xmax>203.33333333333334</xmax>
			<ymax>582.6666666666667</ymax>
		</bndbox>
	</object>
	<object>
		<name>Others</name>
		<pose>Unspecified</pose>
		<truncated>1</truncated>
		<difficult>0</difficult>
		<bndbox>
			<xmin>113.33333333333334</xmin>
			<ymin>552.6666666666667</ymin>
			<xmax>202.5</xmax>
			<ymax>660.1666666666667</ymax>
		</bndbox>
	</object>
	<object>
		<name>Others</name>
		<pose>Unspecified</pose>
		<truncated>1</truncated>
		<difficult>0</difficult>
		<bndbox>
			<xmin>142.5</xmin>
			<ymin>574.3333333333334</ymin>
			<xmax>263.33333333333337</xmax>
			<ymax>665.1666666666667</ymax>
		</bndbox>
	</object>
	<object>
		<name>Others</name>
		<pose>Unspecified</pose>
		<truncated>1</truncated>
		<difficult>0</difficult>
		<bndbox>
			<xmin>685.0</xmin>
			<ymin>31.0</ymin>
			<xmax>773.9837398373984</xmax>
			<ymax>123.84552845528455</ymax>
		</bndbox>
	</object>
	<object>
		<name>Others</name>
		<pose>Unspecified</pose>
		<truncated>1</truncated>
		<difficult>0</difficult>
		<bndbox>
			<xmin>710.8333333333334</xmin>
			<ymin>10.166666666666668</ymin>
			<xmax>838.3333333333334</xmax>
			<ymax>72.66666666666667</ymax>
		</bndbox>
	</object>
	<object>
		<name>Others</name>
		<pose>Unspecified</pose>
		<truncated>1</truncated>
		<difficult>0</difficult>
		<bndbox>
			<xmin>511.6666666666667</xmin>
			<ymin>83.5</ymin>
			<xmax>610.0</xmax>
			<ymax>203.5</ymax>
		</bndbox>
	</object>
	<object>
		<name>Others</name>
		<pose>Unspecified</pose>
		<truncated>1</truncated>
		<difficult>0</difficult>
		<bndbox>
			<xmin>585.8333333333334</xmin>
			<ymin>128.5</ymin>
			<xmax>697.5</xmax>
			<ymax>274.33333333333337</ymax>
		</bndbox>
	</object>
	<object>
		<name>Others</name>
		<pose>Unspecified</pose>
		<truncated>1</truncated>
		<difficult>0</difficult>
		<bndbox>
			<xmin>565.8333333333334</xmin>
			<ymin>100.16666666666667</ymin>
			<xmax>696.6666666666667</xmax>
			<ymax>180.16666666666669</ymax>
		</bndbox>
	</object>
	<object>
		<name>Drinking</name>
		<pose>Unspecified</pose>
		<truncated>1</truncated>
		<difficult>0</difficult>
		<bndbox>
			<xmin>445.0</xmin>
			<ymin>73.5</ymin>
			<xmax>521.6666666666667</xmax>
			<ymax>250.16666666666669</ymax>
		</bndbox>
	</object>
	<object>
		<name>Heat Stress</name>
		<pose>Unspecified</pose>
		<truncated>1</truncated>
		<difficult>0</difficult>
		<bndbox>
			<xmin>479.1666666666667</xmin>
			<ymin>184.33333333333334</ymin>
			<xmax>580.8333333333334</xmax>
			<ymax>339.33333333333337</ymax>
		</bndbox>
	</object>
	<object>
		<name>Drinking</name>
		<pose>Unspecified</pose>
		<truncated>1</truncated>
		<difficult>0</difficult>
		<bndbox>
			<xmin>361.6666666666667</xmin>
			<ymin>22.66666666666667</ymin>
			<xmax>458.33333333333337</xmax>
			<ymax>136.0</ymax>
		</bndbox>
	</object>
	<object>
		<name>Drinking</name>
		<pose>Unspecified</pose>
		<truncated>1</truncated>
		<difficult>0</difficult>
		<bndbox>
			<xmin>325.0</xmin>
			<ymin>24.495934959349597</ymin>
			<xmax>436.6666666666667</xmax>
			<ymax>114.4959349593496</ymax>
		</bndbox>
	</object>
	<object>
		<name>Others</name>
		<pose>Unspecified</pose>
		<truncated>1</truncated>
		<difficult>0</difficult>
		<bndbox>
			<xmin>221.66666666666669</xmin>
			<ymin>26.833333333333336</ymin>
			<xmax>287.5</xmax>
			<ymax>177.66666666666669</ymax>
		</bndbox>
	</object>
	<object>
		<name>Heat Stress</name>
		<pose>Unspecified</pose>
		<truncated>1</truncated>
		<difficult>0</difficult>
		<bndbox>
			<xmin>219.16666666666669</xmin>
			<ymin>130.16666666666669</ymin>
			<xmax>375.0</xmax>
			<ymax>226.83333333333334</ymax>
		</bndbox>
	</object>
	<object>
		<name>Heat Stress</name>
		<pose>Unspecified</pose>
		<truncated>1</truncated>
		<difficult>0</difficult>
		<bndbox>
			<xmin>135.0</xmin>
			<ymin>41.833333333333336</ymin>
			<xmax>184.16666666666669</xmax>
			<ymax>113.5</ymax>
		</bndbox>
	</object>
	<object>
		<name>Others</name>
		<pose>Unspecified</pose>
		<truncated>1</truncated>
		<difficult>0</difficult>
		<bndbox>
			<xmin>131.66666666666669</xmin>
			<ymin>88.5</ymin>
			<xmax>230.0</xmax>
			<ymax>151.83333333333334</ymax>
		</bndbox>
	</object>
	<object>
		<name>Others</name>
		<pose>Unspecified</pose>
		<truncated>1</truncated>
		<difficult>0</difficult>
		<bndbox>
			<xmin>103.33333333333334</xmin>
			<ymin>126.83333333333334</ymin>
			<xmax>149.16666666666669</xmax>
			<ymax>245.16666666666669</ymax>
		</bndbox>
	</object>
	<object>
		<name>Others</name>
		<pose>Unspecified</pose>
		<truncated>1</truncated>
		<difficult>0</difficult>
		<bndbox>
			<xmin>98.33333333333334</xmin>
			<ymin>218.5</ymin>
			<xmax>239.16666666666669</xmax>
			<ymax>286.83333333333337</ymax>
		</bndbox>
	</object>
	<object>
		<name>Others</name>
		<pose>Unspecified</pose>
		<truncated>1</truncated>
		<difficult>0</difficult>
		<bndbox>
			<xmin>142.5</xmin>
			<ymin>143.5</ymin>
			<xmax>225.83333333333334</xmax>
			<ymax>226.83333333333334</ymax>
		</bndbox>
	</object>
</annotation>