<annotation>
	<folder>UAV_data</folder>
	<filename>:\ssss\zuizhong\201907271156004432.780.5.jpg</filename>
	<source>
		<database>The UAV autolanding</database>
		<annotation>UAV AutoLanding</annotation>
		<image>flickr</image>
		<flickrid>NULL</flickrid>
	</source>
	<owner>
		<flickrid>NULL</flickrid>
		<name>ChaojieZhu</name>
	</owner>
	<size>
		<width>1280</width>
		<height>720</height>
		<depth>3</depth>
	</size>
		<segmented>0</segmented>
	<object>
		<name>Eating</name>
		<pose>Unspecified</pose>
		<truncated>1</truncated>
		<difficult>0</difficult>
		<bndbox>
			<xmin>615.8333333333334</xmin>
			<ymin>395.1666666666667</ymin>
			<xmax>765.8333333333334</xmax>
			<ymax>531.8333333333334</ymax>
		</bndbox>
	</object>
	<object>
		<name>Eating</name>
		<pose>Unspecified</pose>
		<truncated>1</truncated>
		<difficult>0</difficult>
		<bndbox>
			<xmin>209.16666666666669</xmin>
			<ymin>495.16666666666674</ymin>
			<xmax>345.0</xmax>
			<ymax>563.5</ymax>
		</bndbox>
	</object>
	<object>
		<name>Heat Stress</name>
		<pose>Unspecified</pose>
		<truncated>1</truncated>
		<difficult>0</difficult>
		<bndbox>
			<xmin>812.5</xmin>
			<ymin>316.83333333333337</ymin>
			<xmax>898.3333333333334</xmax>
			<ymax>486.83333333333337</ymax>
		</bndbox>
	</object>
	<object>
		<name>Heat Stress</name>
		<pose>Unspecified</pose>
		<truncated>1</truncated>
		<difficult>0</difficult>
		<bndbox>
			<xmin>913.3333333333334</xmin>
			<ymin>347.6666666666667</ymin>
			<xmax>987.5</xmax>
			<ymax>472.6666666666667</ymax>
		</bndbox>
	</object>
	<object>
		<name>Heat Stress</name>
		<pose>Unspecified</pose>
		<truncated>1</truncated>
		<difficult>0</difficult>
		<bndbox>
			<xmin>1002.5</xmin>
			<ymin>252.66666666666669</ymin>
			<xmax>1084.1666666666667</xmax>
			<ymax>376.83333333333337</ymax>
		</bndbox>
	</object>
	<object>
		<name>Others</name>
		<pose>Unspecified</pose>
		<truncated>1</truncated>
		<difficult>0</difficult>
		<bndbox>
			<xmin>915.0</xmin>
			<ymin>51.0</ymin>
			<xmax>980.0</xmax>
			<ymax>155.16666666666669</ymax>
		</bndbox>
	</object>
	<object>
		<name>Others</name>
		<pose>Unspecified</pose>
		<truncated>1</truncated>
		<difficult>0</difficult>
		<bndbox>
			<xmin>645.0</xmin>
			<ymin>136.0</ymin>
			<xmax>807.5</xmax>
			<ymax>217.66666666666669</ymax>
		</bndbox>
	</object>
	<object>
		<name>Others</name>
		<pose>Unspecified</pose>
		<truncated>1</truncated>
		<difficult>0</difficult>
		<bndbox>
			<xmin>705.0</xmin>
			<ymin>4.333333333333336</ymin>
			<xmax>775.8333333333334</xmax>
			<ymax>114.33333333333334</ymax>
		</bndbox>
	</object>
	<object>
		<name>Others</name>
		<pose>Unspecified</pose>
		<truncated>1</truncated>
		<difficult>0</difficult>
		<bndbox>
			<xmin>766.6666666666667</xmin>
			<ymin>18.5</ymin>
			<xmax>879.1666666666667</xmax>
			<ymax>106.0</ymax>
		</bndbox>
	</object>
	<object>
		<name>Others</name>
		<pose>Unspecified</pose>
		<truncated>1</truncated>
		<difficult>0</difficult>
		<bndbox>
			<xmin>600.0</xmin>
			<ymin>63.5</ymin>
			<xmax>679.1666666666667</xmax>
			<ymax>201.0</ymax>
		</bndbox>
	</object>
	<object>
		<name>Others</name>
		<pose>Unspecified</pose>
		<truncated>1</truncated>
		<difficult>0</difficult>
		<bndbox>
			<xmin>491.6666666666667</xmin>
			<ymin>15.166666666666671</ymin>
			<xmax>585.0</xmax>
			<ymax>123.5</ymax>
		</bndbox>
	</object>
	<object>
		<name>Others</name>
		<pose>Unspecified</pose>
		<truncated>1</truncated>
		<difficult>0</difficult>
		<bndbox>
			<xmin>405.83333333333337</xmin>
			<ymin>0.16666666666666785</ymin>
			<xmax>536.6666666666667</xmax>
			<ymax>61.0</ymax>
		</bndbox>
	</object>
	<object>
		<name>Others</name>
		<pose>Unspecified</pose>
		<truncated>1</truncated>
		<difficult>0</difficult>
		<bndbox>
			<xmin>395.0</xmin>
			<ymin>38.5</ymin>
			<xmax>482.5</xmax>
			<ymax>170.16666666666669</ymax>
		</bndbox>
	</object>
	<object>
		<name>Heat Stress</name>
		<pose>Unspecified</pose>
		<truncated>1</truncated>
		<difficult>0</difficult>
		<bndbox>
			<xmin>468.33333333333337</xmin>
			<ymin>96.0</ymin>
			<xmax>574.1666666666667</xmax>
			<ymax>256.0</ymax>
		</bndbox>
	</object>
	<object>
		<name>Heat Stress</name>
		<pose>Unspecified</pose>
		<truncated>1</truncated>
		<difficult>0</difficult>
		<bndbox>
			<xmin>328.33333333333337</xmin>
			<ymin>52.66666666666667</ymin>
			<xmax>437.5</xmax>
			<ymax>227.66666666666669</ymax>
		</bndbox>
	</object>
	<object>
		<name>Heat Stress</name>
		<pose>Unspecified</pose>
		<truncated>1</truncated>
		<difficult>0</difficult>
		<bndbox>
			<xmin>288.33333333333337</xmin>
			<ymin>69.33333333333334</ymin>
			<xmax>348.33333333333337</xmax>
			<ymax>182.66666666666669</ymax>
		</bndbox>
	</object>
	<object>
		<name>Heat Stress</name>
		<pose>Unspecified</pose>
		<truncated>1</truncated>
		<difficult>0</difficult>
		<bndbox>
			<xmin>279.1666666666667</xmin>
			<ymin>214.33333333333334</ymin>
			<xmax>435.83333333333337</xmax>
			<ymax>329.33333333333337</ymax>
		</bndbox>
	</object>
	<object>
		<name>Others</name>
		<pose>Unspecified</pose>
		<truncated>1</truncated>
		<difficult>0</difficult>
		<bndbox>
			<xmin>216.66666666666669</xmin>
			<ymin>276.83333333333337</ymin>
			<xmax>307.5</xmax>
			<ymax>384.33333333333337</ymax>
		</bndbox>
	</object>
	<object>
		<name>Others</name>
		<pose>Unspecified</pose>
		<truncated>1</truncated>
		<difficult>0</difficult>
		<bndbox>
			<xmin>104.16666666666667</xmin>
			<ymin>343.5</ymin>
			<xmax>226.66666666666669</xmax>
			<ymax>420.1666666666667</ymax>
		</bndbox>
	</object>
	<object>
		<name>Others</name>
		<pose>Unspecified</pose>
		<truncated>1</truncated>
		<difficult>0</difficult>
		<bndbox>
			<xmin>67.5</xmin>
			<ymin>387.6666666666667</ymin>
			<xmax>172.5</xmax>
			<ymax>499.33333333333337</ymax>
		</bndbox>
	</object>
	<object>
		<name>Others</name>
		<pose>Unspecified</pose>
		<truncated>1</truncated>
		<difficult>0</difficult>
		<bndbox>
			<xmin>85.0</xmin>
			<ymin>448.5</ymin>
			<xmax>184.16666666666669</xmax>
			<ymax>521.8333333333334</ymax>
		</bndbox>
	</object>
	<object>
		<name>Heat Stress</name>
		<pose>Unspecified</pose>
		<truncated>1</truncated>
		<difficult>0</difficult>
		<bndbox>
			<xmin>130.83333333333334</xmin>
			<ymin>491.83333333333337</ymin>
			<xmax>200.83333333333334</xmax>
			<ymax>579.3333333333334</ymax>
		</bndbox>
	</object>
	<object>
		<name>Heat Stress</name>
		<pose>Unspecified</pose>
		<truncated>1</truncated>
		<difficult>0</difficult>
		<bndbox>
			<xmin>124.16666666666667</xmin>
			<ymin>572.6666666666667</ymin>
			<xmax>220.0</xmax>
			<ymax>679.3333333333334</ymax>
		</bndbox>
	</object>
	<object>
		<name>Others</name>
		<pose>Unspecified</pose>
		<truncated>1</truncated>
		<difficult>0</difficult>
		<bndbox>
			<xmin>77.5</xmin>
			<ymin>216.0</ymin>
			<xmax>155.83333333333334</xmax>
			<ymax>340.1666666666667</ymax>
		</bndbox>
	</object>
	<object>
		<name>Others</name>
		<pose>Unspecified</pose>
		<truncated>1</truncated>
		<difficult>0</difficult>
		<bndbox>
			<xmin>66.66666666666667</xmin>
			<ymin>131.0</ymin>
			<xmax>141.66666666666669</xmax>
			<ymax>247.66666666666669</ymax>
		</bndbox>
	</object>
	<object>
		<name>Others</name>
		<pose>Unspecified</pose>
		<truncated>1</truncated>
		<difficult>0</difficult>
		<bndbox>
			<xmin>67.5</xmin>
			<ymin>223.5</ymin>
			<xmax>130.0</xmax>
			<ymax>313.5</ymax>
		</bndbox>
	</object>
	<object>
		<name>Heat Stress</name>
		<pose>Unspecified</pose>
		<truncated>1</truncated>
		<difficult>0</difficult>
		<bndbox>
			<xmin>96.66666666666667</xmin>
			<ymin>64.33333333333334</ymin>
			<xmax>165.83333333333334</xmax>
			<ymax>158.5</ymax>
		</bndbox>
	</object>
	<object>
		<name>Heat Stress</name>
		<pose>Unspecified</pose>
		<truncated>1</truncated>
		<difficult>0</difficult>
		<bndbox>
			<xmin>145.0</xmin>
			<ymin>63.5</ymin>
			<xmax>245.83333333333334</xmax>
			<ymax>198.5</ymax>
		</bndbox>
	</object>
	<object>
		<name>Others</name>
		<pose>Unspecified</pose>
		<truncated>1</truncated>
		<difficult>0</difficult>
		<bndbox>
			<xmin>191.66666666666669</xmin>
			<ymin>5.166666666666668</ymin>
			<xmax>285.0</xmax>
			<ymax>89.33333333333334</ymax>
		</bndbox>
	</object>
	<object>
		<name>Others</name>
		<pose>Unspecified</pose>
		<truncated>1</truncated>
		<difficult>0</difficult>
		<bndbox>
			<xmin>116.66666666666667</xmin>
			<ymin>46.0</ymin>
			<xmax>222.5</xmax>
			<ymax>99.33333333333334</ymax>
		</bndbox>
	</object>
</annotation>