<annotation>
	<folder>UAV_data</folder>
	<filename>:\ssss\zuizhong\201907261520007331.175.1.jpg</filename>
	<source>
		<database>The UAV autolanding</database>
		<annotation>UAV AutoLanding</annotation>
		<image>flickr</image>
		<flickrid>NULL</flickrid>
	</source>
	<owner>
		<flickrid>NULL</flickrid>
		<name>ChaojieZhu</name>
	</owner>
	<size>
		<width>1280</width>
		<height>720</height>
		<depth>3</depth>
	</size>
		<segmented>0</segmented>
	<object>
		<name>Heat Stress</name>
		<pose>Unspecified</pose>
		<truncated>1</truncated>
		<difficult>0</difficult>
		<bndbox>
			<xmin>847.5</xmin>
			<ymin>551.0</ymin>
			<xmax>912.5</xmax>
			<ymax>683.5</ymax>
		</bndbox>
	</object>
	<object>
		<name>Heat Stress</name>
		<pose>Unspecified</pose>
		<truncated>1</truncated>
		<difficult>0</difficult>
		<bndbox>
			<xmin>660.8536585365854</xmin>
			<ymin>382.6666666666667</ymin>
			<xmax>745.020325203252</xmax>
			<ymax>536.0</ymax>
		</bndbox>
	</object>
	<object>
		<name>Eating</name>
		<pose>Unspecified</pose>
		<truncated>1</truncated>
		<difficult>0</difficult>
		<bndbox>
			<xmin>775.8333333333334</xmin>
			<ymin>346.0</ymin>
			<xmax>859.1666666666667</xmax>
			<ymax>510.16666666666674</ymax>
		</bndbox>
	</object>
	<object>
		<name>Eating</name>
		<pose>Unspecified</pose>
		<truncated>1</truncated>
		<difficult>0</difficult>
		<bndbox>
			<xmin>283.33333333333337</xmin>
			<ymin>355.1666666666667</ymin>
			<xmax>409.7560975609756</xmax>
			<ymax>510.8373983739838</ymax>
		</bndbox>
	</object>
	<object>
		<name>Others</name>
		<pose>Unspecified</pose>
		<truncated>1</truncated>
		<difficult>0</difficult>
		<bndbox>
			<xmin>610.0</xmin>
			<ymin>260.1666666666667</ymin>
			<xmax>695.0</xmax>
			<ymax>405.1666666666667</ymax>
		</bndbox>
	</object>
	<object>
		<name>Heat Stress</name>
		<pose>Unspecified</pose>
		<truncated>1</truncated>
		<difficult>0</difficult>
		<bndbox>
			<xmin>783.3333333333334</xmin>
			<ymin>253.5</ymin>
			<xmax>900.0</xmax>
			<ymax>365.1666666666667</ymax>
		</bndbox>
	</object>
	<object>
		<name>Others</name>
		<pose>Unspecified</pose>
		<truncated>1</truncated>
		<difficult>0</difficult>
		<bndbox>
			<xmin>820.8333333333334</xmin>
			<ymin>116.0</ymin>
			<xmax>958.3333333333334</xmax>
			<ymax>231.0</ymax>
		</bndbox>
	</object>
	<object>
		<name>Others</name>
		<pose>Unspecified</pose>
		<truncated>1</truncated>
		<difficult>0</difficult>
		<bndbox>
			<xmin>854.1666666666667</xmin>
			<ymin>7.666666666666668</ymin>
			<xmax>928.3333333333334</xmax>
			<ymax>147.66666666666669</ymax>
		</bndbox>
	</object>
	<object>
		<name>Others</name>
		<pose>Unspecified</pose>
		<truncated>1</truncated>
		<difficult>0</difficult>
		<bndbox>
			<xmin>687.2764227642277</xmin>
			<ymin>90.77642276422768</ymin>
			<xmax>804.8780487804878</xmax>
			<ymax>174.2520325203252</ymax>
		</bndbox>
	</object>
	<object>
		<name>Others</name>
		<pose>Unspecified</pose>
		<truncated>1</truncated>
		<difficult>0</difficult>
		<bndbox>
			<xmin>685.0</xmin>
			<ymin>161.83333333333334</ymin>
			<xmax>796.6666666666667</xmax>
			<ymax>276.83333333333337</ymax>
		</bndbox>
	</object>
	<object>
		<name>Others</name>
		<pose>Unspecified</pose>
		<truncated>1</truncated>
		<difficult>0</difficult>
		<bndbox>
			<xmin>614.1666666666667</xmin>
			<ymin>95.16666666666667</ymin>
			<xmax>690.0</xmax>
			<ymax>234.33333333333334</ymax>
		</bndbox>
	</object>
	<object>
		<name>Drinking</name>
		<pose>Unspecified</pose>
		<truncated>1</truncated>
		<difficult>0</difficult>
		<bndbox>
			<xmin>666.6666666666667</xmin>
			<ymin>6.833333333333336</ymin>
			<xmax>835.0</xmax>
			<ymax>96.0</ymax>
		</bndbox>
	</object>
	<object>
		<name>Drinking</name>
		<pose>Unspecified</pose>
		<truncated>1</truncated>
		<difficult>0</difficult>
		<bndbox>
			<xmin>378.33333333333337</xmin>
			<ymin>16.833333333333336</ymin>
			<xmax>529.1666666666667</xmax>
			<ymax>80.16666666666667</ymax>
		</bndbox>
	</object>
	<object>
		<name>Drinking</name>
		<pose>Unspecified</pose>
		<truncated>1</truncated>
		<difficult>0</difficult>
		<bndbox>
			<xmin>357.5</xmin>
			<ymin>88.5</ymin>
			<xmax>438.33333333333337</xmax>
			<ymax>224.33333333333334</ymax>
		</bndbox>
	</object>
	<object>
		<name>Heat Stress</name>
		<pose>Unspecified</pose>
		<truncated>1</truncated>
		<difficult>0</difficult>
		<bndbox>
			<xmin>420.0</xmin>
			<ymin>166.0</ymin>
			<xmax>530.8333333333334</xmax>
			<ymax>306.83333333333337</ymax>
		</bndbox>
	</object>
	<object>
		<name>Others</name>
		<pose>Unspecified</pose>
		<truncated>1</truncated>
		<difficult>0</difficult>
		<bndbox>
			<xmin>340.83333333333337</xmin>
			<ymin>247.66666666666669</ymin>
			<xmax>490.83333333333337</xmax>
			<ymax>345.1666666666667</ymax>
		</bndbox>
	</object>
	<object>
		<name>Heat Stress</name>
		<pose>Unspecified</pose>
		<truncated>1</truncated>
		<difficult>0</difficult>
		<bndbox>
			<xmin>317.5</xmin>
			<ymin>185.16666666666669</ymin>
			<xmax>396.6666666666667</xmax>
			<ymax>303.5</ymax>
		</bndbox>
	</object>
	<object>
		<name>Heat Stress</name>
		<pose>Unspecified</pose>
		<truncated>1</truncated>
		<difficult>0</difficult>
		<bndbox>
			<xmin>347.5</xmin>
			<ymin>321.0</ymin>
			<xmax>505.83333333333337</xmax>
			<ymax>402.6666666666667</ymax>
		</bndbox>
	</object>
	<object>
		<name>Heat Stress</name>
		<pose>Unspecified</pose>
		<truncated>1</truncated>
		<difficult>0</difficult>
		<bndbox>
			<xmin>506.6666666666667</xmin>
			<ymin>302.6666666666667</ymin>
			<xmax>615.8333333333334</xmax>
			<ymax>393.5</ymax>
		</bndbox>
	</object>
	<object>
		<name>Heat Stress</name>
		<pose>Unspecified</pose>
		<truncated>1</truncated>
		<difficult>0</difficult>
		<bndbox>
			<xmin>241.66666666666669</xmin>
			<ymin>208.5</ymin>
			<xmax>324.1666666666667</xmax>
			<ymax>341.0</ymax>
		</bndbox>
	</object>
	<object>
		<name>Heat Stress</name>
		<pose>Unspecified</pose>
		<truncated>1</truncated>
		<difficult>0</difficult>
		<bndbox>
			<xmin>175.0</xmin>
			<ymin>171.83333333333334</ymin>
			<xmax>287.5</xmax>
			<ymax>252.66666666666669</ymax>
		</bndbox>
	</object>
	<object>
		<name>Others</name>
		<pose>Unspecified</pose>
		<truncated>1</truncated>
		<difficult>0</difficult>
		<bndbox>
			<xmin>181.66666666666669</xmin>
			<ymin>322.6666666666667</ymin>
			<xmax>274.1666666666667</xmax>
			<ymax>454.33333333333337</ymax>
		</bndbox>
	</object>
	<object>
		<name>Others</name>
		<pose>Unspecified</pose>
		<truncated>1</truncated>
		<difficult>0</difficult>
		<bndbox>
			<xmin>95.83333333333334</xmin>
			<ymin>221.83333333333334</ymin>
			<xmax>185.0</xmax>
			<ymax>285.1666666666667</ymax>
		</bndbox>
	</object>
	<object>
		<name>Heat Stress</name>
		<pose>Unspecified</pose>
		<truncated>1</truncated>
		<difficult>0</difficult>
		<bndbox>
			<xmin>123.33333333333334</xmin>
			<ymin>67.66666666666667</ymin>
			<xmax>177.5</xmax>
			<ymax>172.66666666666669</ymax>
		</bndbox>
	</object>
	<object>
		<name>Heat Stress</name>
		<pose>Unspecified</pose>
		<truncated>1</truncated>
		<difficult>0</difficult>
		<bndbox>
			<xmin>115.83333333333334</xmin>
			<ymin>121.83333333333334</ymin>
			<xmax>185.83333333333334</xmax>
			<ymax>226.0</ymax>
		</bndbox>
	</object>
	<object>
		<name>Others</name>
		<pose>Unspecified</pose>
		<truncated>1</truncated>
		<difficult>0</difficult>
		<bndbox>
			<xmin>167.5</xmin>
			<ymin>10.166666666666668</ymin>
			<xmax>274.1666666666667</xmax>
			<ymax>132.66666666666669</ymax>
		</bndbox>
	</object>
	<object>
		<name>Others</name>
		<pose>Unspecified</pose>
		<truncated>1</truncated>
		<difficult>0</difficult>
		<bndbox>
			<xmin>291.6666666666667</xmin>
			<ymin>1.8333333333333357</ymin>
			<xmax>344.1666666666667</xmax>
			<ymax>131.0</ymax>
		</bndbox>
	</object>
	<object>
		<name>Heat Stress</name>
		<pose>Unspecified</pose>
		<truncated>1</truncated>
		<difficult>0</difficult>
		<bndbox>
			<xmin>225.83333333333334</xmin>
			<ymin>117.66666666666669</ymin>
			<xmax>335.0</xmax>
			<ymax>185.16666666666669</ymax>
		</bndbox>
	</object>
	<object>
		<name>Others</name>
		<pose>Unspecified</pose>
		<truncated>1</truncated>
		<difficult>0</difficult>
		<bndbox>
			<xmin>92.5</xmin>
			<ymin>311.83333333333337</ymin>
			<xmax>179.16666666666669</xmax>
			<ymax>414.33333333333337</ymax>
		</bndbox>
	</object>
	<object>
		<name>Others</name>
		<pose>Unspecified</pose>
		<truncated>1</truncated>
		<difficult>0</difficult>
		<bndbox>
			<xmin>115.0</xmin>
			<ymin>544.3333333333334</ymin>
			<xmax>204.16666666666669</xmax>
			<ymax>675.1666666666667</ymax>
		</bndbox>
	</object>
	<object>
		<name>Heat Stress</name>
		<pose>Unspecified</pose>
		<truncated>1</truncated>
		<difficult>0</difficult>
		<bndbox>
			<xmin>234.16666666666669</xmin>
			<ymin>543.5</ymin>
			<xmax>336.6666666666667</xmax>
			<ymax>667.6666666666667</ymax>
		</bndbox>
	</object>
	<object>
		<name>Others</name>
		<pose>Unspecified</pose>
		<truncated>1</truncated>
		<difficult>0</difficult>
		<bndbox>
			<xmin>331.6666666666667</xmin>
			<ymin>614.3333333333334</ymin>
			<xmax>446.6666666666667</xmax>
			<ymax>701.8333333333334</ymax>
		</bndbox>
	</object>
	<object>
		<name>Others</name>
		<pose>Unspecified</pose>
		<truncated>1</truncated>
		<difficult>0</difficult>
		<bndbox>
			<xmin>545.0</xmin>
			<ymin>92.66666666666667</ymin>
			<xmax>620.8333333333334</xmax>
			<ymax>264.33333333333337</ymax>
		</bndbox>
	</object>
</annotation>