<annotation>
	<folder>UAV_data</folder>
	<filename>:\ssss\zuizhong\201907250700009830.682.8.jpg</filename>
	<source>
		<database>The UAV autolanding</database>
		<annotation>UAV AutoLanding</annotation>
		<image>flickr</image>
		<flickrid>NULL</flickrid>
	</source>
	<owner>
		<flickrid>NULL</flickrid>
		<name>ChaojieZhu</name>
	</owner>
	<size>
		<width>1280</width>
		<height>720</height>
		<depth>3</depth>
	</size>
		<segmented>0</segmented>
	<object>
		<name>Eating</name>
		<pose>Unspecified</pose>
		<truncated>1</truncated>
		<difficult>0</difficult>
		<bndbox>
			<xmin>835.8333333333334</xmin>
			<ymin>514.3333333333334</ymin>
			<xmax>923.3333333333334</xmax>
			<ymax>627.6666666666667</ymax>
		</bndbox>
	</object>
	<object>
		<name>Others</name>
		<pose>Unspecified</pose>
		<truncated>1</truncated>
		<difficult>0</difficult>
		<bndbox>
			<xmin>296.6666666666667</xmin>
			<ymin>373.5</ymin>
			<xmax>455.0</xmax>
			<ymax>451.0</ymax>
		</bndbox>
	</object>
	<object>
		<name>Others</name>
		<pose>Unspecified</pose>
		<truncated>1</truncated>
		<difficult>0</difficult>
		<bndbox>
			<xmin>655.2845528455285</xmin>
			<ymin>398.6422764227642</ymin>
			<xmax>734.959349593496</xmax>
			<ymax>542.5447154471544</ymax>
		</bndbox>
	</object>
	<object>
		<name>Others</name>
		<pose>Unspecified</pose>
		<truncated>1</truncated>
		<difficult>0</difficult>
		<bndbox>
			<xmin>441.6666666666667</xmin>
			<ymin>617.6666666666667</ymin>
			<xmax>605.0</xmax>
			<ymax>703.5</ymax>
		</bndbox>
	</object>
	<object>
		<name>Others</name>
		<pose>Unspecified</pose>
		<truncated>1</truncated>
		<difficult>0</difficult>
		<bndbox>
			<xmin>720.0</xmin>
			<ymin>287.6666666666667</ymin>
			<xmax>814.1666666666667</xmax>
			<ymax>415.1666666666667</ymax>
		</bndbox>
	</object>
	<object>
		<name>Heat Stress</name>
		<pose>Unspecified</pose>
		<truncated>1</truncated>
		<difficult>0</difficult>
		<bndbox>
			<xmin>470.83333333333337</xmin>
			<ymin>272.6666666666667</ymin>
			<xmax>567.5</xmax>
			<ymax>432.6666666666667</ymax>
		</bndbox>
	</object>
	<object>
		<name>Others</name>
		<pose>Unspecified</pose>
		<truncated>1</truncated>
		<difficult>0</difficult>
		<bndbox>
			<xmin>547.2967479674797</xmin>
			<ymin>228.47967479674793</ymin>
			<xmax>639.0243902439025</xmax>
			<ymax>381.5691056910569</ymax>
		</bndbox>
	</object>
	<object>
		<name>Heat Stress</name>
		<pose>Unspecified</pose>
		<truncated>1</truncated>
		<difficult>0</difficult>
		<bndbox>
			<xmin>789.3292682926829</xmin>
			<ymin>138.9268292682927</ymin>
			<xmax>965.040650406504</xmax>
			<ymax>226.28455284552845</ymax>
		</bndbox>
	</object>
	<object>
		<name>Others</name>
		<pose>Unspecified</pose>
		<truncated>1</truncated>
		<difficult>0</difficult>
		<bndbox>
			<xmin>106.66666666666667</xmin>
			<ymin>349.33333333333337</ymin>
			<xmax>224.16666666666669</xmax>
			<ymax>462.6666666666667</ymax>
		</bndbox>
	</object>
	<object>
		<name>Others</name>
		<pose>Unspecified</pose>
		<truncated>1</truncated>
		<difficult>0</difficult>
		<bndbox>
			<xmin>121.66666666666667</xmin>
			<ymin>461.0</ymin>
			<xmax>195.83333333333334</xmax>
			<ymax>587.6666666666667</ymax>
		</bndbox>
	</object>
	<object>
		<name>Others</name>
		<pose>Unspecified</pose>
		<truncated>1</truncated>
		<difficult>0</difficult>
		<bndbox>
			<xmin>96.66666666666667</xmin>
			<ymin>528.5</ymin>
			<xmax>185.0</xmax>
			<ymax>651.8333333333334</ymax>
		</bndbox>
	</object>
	<object>
		<name>Others</name>
		<pose>Unspecified</pose>
		<truncated>1</truncated>
		<difficult>0</difficult>
		<bndbox>
			<xmin>139.16666666666669</xmin>
			<ymin>578.5</ymin>
			<xmax>250.83333333333334</xmax>
			<ymax>659.3333333333334</ymax>
		</bndbox>
	</object>
	<object>
		<name>Eating</name>
		<pose>Unspecified</pose>
		<truncated>1</truncated>
		<difficult>0</difficult>
		<bndbox>
			<xmin>249.16666666666669</xmin>
			<ymin>447.6666666666667</ymin>
			<xmax>353.33333333333337</xmax>
			<ymax>599.3333333333334</ymax>
		</bndbox>
	</object>
	<object>
		<name>Others</name>
		<pose>Unspecified</pose>
		<truncated>1</truncated>
		<difficult>0</difficult>
		<bndbox>
			<xmin>220.83333333333334</xmin>
			<ymin>513.5</ymin>
			<xmax>296.6666666666667</xmax>
			<ymax>645.1666666666667</ymax>
		</bndbox>
	</object>
	<object>
		<name>Drinking</name>
		<pose>Unspecified</pose>
		<truncated>1</truncated>
		<difficult>0</difficult>
		<bndbox>
			<xmin>437.479674796748</xmin>
			<ymin>72.72764227642277</ymin>
			<xmax>515.8130081300812</xmax>
			<ymax>248.5609756097561</ymax>
		</bndbox>
	</object>
	<object>
		<name>Others</name>
		<pose>Unspecified</pose>
		<truncated>1</truncated>
		<difficult>0</difficult>
		<bndbox>
			<xmin>585.0</xmin>
			<ymin>127.66666666666669</ymin>
			<xmax>671.6666666666667</xmax>
			<ymax>277.6666666666667</ymax>
		</bndbox>
	</object>
	<object>
		<name>Others</name>
		<pose>Unspecified</pose>
		<truncated>1</truncated>
		<difficult>0</difficult>
		<bndbox>
			<xmin>683.3333333333334</xmin>
			<ymin>106.0</ymin>
			<xmax>770.8333333333334</xmax>
			<ymax>181.0</ymax>
		</bndbox>
	</object>
	<object>
		<name>Others</name>
		<pose>Unspecified</pose>
		<truncated>1</truncated>
		<difficult>0</difficult>
		<bndbox>
			<xmin>678.3333333333334</xmin>
			<ymin>29.333333333333336</ymin>
			<xmax>773.170731707317</xmax>
			<ymax>122.21951219512195</ymax>
		</bndbox>
	</object>
	<object>
		<name>Others</name>
		<pose>Unspecified</pose>
		<truncated>1</truncated>
		<difficult>0</difficult>
		<bndbox>
			<xmin>491.6666666666667</xmin>
			<ymin>93.5</ymin>
			<xmax>579.1666666666667</xmax>
			<ymax>240.16666666666669</ymax>
		</bndbox>
	</object>
	<object>
		<name>Others</name>
		<pose>Unspecified</pose>
		<truncated>1</truncated>
		<difficult>0</difficult>
		<bndbox>
			<xmin>558.3333333333334</xmin>
			<ymin>76.83333333333334</ymin>
			<xmax>677.5</xmax>
			<ymax>184.33333333333334</ymax>
		</bndbox>
	</object>
	<object>
		<name>Drinking</name>
		<pose>Unspecified</pose>
		<truncated>1</truncated>
		<difficult>0</difficult>
		<bndbox>
			<xmin>357.5</xmin>
			<ymin>22.66666666666667</ymin>
			<xmax>454.1666666666667</xmax>
			<ymax>141.83333333333334</ymax>
		</bndbox>
	</object>
	<object>
		<name>Others</name>
		<pose>Unspecified</pose>
		<truncated>1</truncated>
		<difficult>0</difficult>
		<bndbox>
			<xmin>320.3252032520325</xmin>
			<ymin>16.528455284552848</ymin>
			<xmax>465.14227642276427</xmax>
			<ymax>114.29268292682929</ymax>
		</bndbox>
	</object>
	<object>
		<name>Heat Stress</name>
		<pose>Unspecified</pose>
		<truncated>1</truncated>
		<difficult>0</difficult>
		<bndbox>
			<xmin>129.16666666666669</xmin>
			<ymin>40.16666666666667</ymin>
			<xmax>193.33333333333334</xmax>
			<ymax>110.16666666666669</ymax>
		</bndbox>
	</object>
	<object>
		<name>Others</name>
		<pose>Unspecified</pose>
		<truncated>1</truncated>
		<difficult>0</difficult>
		<bndbox>
			<xmin>215.0</xmin>
			<ymin>29.333333333333336</ymin>
			<xmax>295.83333333333337</xmax>
			<ymax>192.66666666666669</ymax>
		</bndbox>
	</object>
	<object>
		<name>Heat Stress</name>
		<pose>Unspecified</pose>
		<truncated>1</truncated>
		<difficult>0</difficult>
		<bndbox>
			<xmin>222.5</xmin>
			<ymin>134.33333333333334</ymin>
			<xmax>382.5</xmax>
			<ymax>226.0</ymax>
		</bndbox>
	</object>
	<object>
		<name>Others</name>
		<pose>Unspecified</pose>
		<truncated>1</truncated>
		<difficult>0</difficult>
		<bndbox>
			<xmin>100.83333333333334</xmin>
			<ymin>86.83333333333334</ymin>
			<xmax>147.5</xmax>
			<ymax>227.66666666666669</ymax>
		</bndbox>
	</object>
	<object>
		<name>Others</name>
		<pose>Unspecified</pose>
		<truncated>1</truncated>
		<difficult>0</difficult>
		<bndbox>
			<xmin>130.0</xmin>
			<ymin>90.16666666666667</ymin>
			<xmax>233.33333333333334</xmax>
			<ymax>157.66666666666669</ymax>
		</bndbox>
	</object>
	<object>
		<name>Others</name>
		<pose>Unspecified</pose>
		<truncated>1</truncated>
		<difficult>0</difficult>
		<bndbox>
			<xmin>115.0</xmin>
			<ymin>224.33333333333334</ymin>
			<xmax>239.16666666666669</xmax>
			<ymax>283.5</ymax>
		</bndbox>
	</object>
	<object>
		<name>Others</name>
		<pose>Unspecified</pose>
		<truncated>1</truncated>
		<difficult>0</difficult>
		<bndbox>
			<xmin>135.0</xmin>
			<ymin>142.66666666666669</ymin>
			<xmax>214.16666666666669</xmax>
			<ymax>221.83333333333334</ymax>
		</bndbox>
	</object>
	<object>
		<name>Others</name>
		<pose>Unspecified</pose>
		<truncated>1</truncated>
		<difficult>0</difficult>
		<bndbox>
			<xmin>593.5365853658537</xmin>
			<ymin>369.1910569105691</ymin>
			<xmax>682.7032520325204</xmax>
			<ymax>511.69105691056876</ymax>
		</bndbox>
	</object>
</annotation>