<annotation>
	<folder>UAV_data</folder>
	<filename>:\ssss\zuizhong\201907261520030830.875.8.jpg</filename>
	<source>
		<database>The UAV autolanding</database>
		<annotation>UAV AutoLanding</annotation>
		<image>flickr</image>
		<flickrid>NULL</flickrid>
	</source>
	<owner>
		<flickrid>NULL</flickrid>
		<name>ChaojieZhu</name>
	</owner>
	<size>
		<width>1280</width>
		<height>720</height>
		<depth>3</depth>
	</size>
		<segmented>0</segmented>
	<object>
		<name>Others</name>
		<pose>Unspecified</pose>
		<truncated>1</truncated>
		<difficult>0</difficult>
		<bndbox>
			<xmin>844.1666666666667</xmin>
			<ymin>581.8333333333334</ymin>
			<xmax>937.5</xmax>
			<ymax>699.3333333333334</ymax>
		</bndbox>
	</object>
	<object>
		<name>Heat Stress</name>
		<pose>Unspecified</pose>
		<truncated>1</truncated>
		<difficult>0</difficult>
		<bndbox>
			<xmin>878.3333333333334</xmin>
			<ymin>481.0</ymin>
			<xmax>943.3333333333334</xmax>
			<ymax>610.1666666666667</ymax>
		</bndbox>
	</object>
	<object>
		<name>Others</name>
		<pose>Unspecified</pose>
		<truncated>1</truncated>
		<difficult>0</difficult>
		<bndbox>
			<xmin>682.5</xmin>
			<ymin>408.5</ymin>
			<xmax>811.6666666666667</xmax>
			<ymax>486.0</ymax>
		</bndbox>
	</object>
	<object>
		<name>Heat Stress</name>
		<pose>Unspecified</pose>
		<truncated>1</truncated>
		<difficult>0</difficult>
		<bndbox>
			<xmin>838.3333333333334</xmin>
			<ymin>307.6666666666667</ymin>
			<xmax>960.0</xmax>
			<ymax>411.0</ymax>
		</bndbox>
	</object>
	<object>
		<name>Others</name>
		<pose>Unspecified</pose>
		<truncated>1</truncated>
		<difficult>0</difficult>
		<bndbox>
			<xmin>539.1666666666667</xmin>
			<ymin>643.5</ymin>
			<xmax>683.0</xmax>
			<ymax>719.0</ymax>
		</bndbox>
	</object>
	<object>
		<name>Others</name>
		<pose>Unspecified</pose>
		<truncated>1</truncated>
		<difficult>0</difficult>
		<bndbox>
			<xmin>393.33333333333337</xmin>
			<ymin>604.3333333333334</ymin>
			<xmax>543.3333333333334</xmax>
			<ymax>687.6666666666667</ymax>
		</bndbox>
	</object>
	<object>
		<name>Others</name>
		<pose>Unspecified</pose>
		<truncated>1</truncated>
		<difficult>0</difficult>
		<bndbox>
			<xmin>440.83333333333337</xmin>
			<ymin>411.83333333333337</ymin>
			<xmax>530.0</xmax>
			<ymax>556.0</ymax>
		</bndbox>
	</object>
	<object>
		<name>Eating</name>
		<pose>Unspecified</pose>
		<truncated>1</truncated>
		<difficult>0</difficult>
		<bndbox>
			<xmin>191.66666666666669</xmin>
			<ymin>449.33333333333337</ymin>
			<xmax>350.83333333333337</xmax>
			<ymax>556.0</ymax>
		</bndbox>
	</object>
	<object>
		<name>Others</name>
		<pose>Unspecified</pose>
		<truncated>1</truncated>
		<difficult>0</difficult>
		<bndbox>
			<xmin>145.83333333333334</xmin>
			<ymin>461.83333333333337</ymin>
			<xmax>233.33333333333334</xmax>
			<ymax>590.1666666666667</ymax>
		</bndbox>
	</object>
	<object>
		<name>Others</name>
		<pose>Unspecified</pose>
		<truncated>1</truncated>
		<difficult>0</difficult>
		<bndbox>
			<xmin>134.16666666666669</xmin>
			<ymin>563.5</ymin>
			<xmax>259.1666666666667</xmax>
			<ymax>651.0</ymax>
		</bndbox>
	</object>
	<object>
		<name>Others</name>
		<pose>Unspecified</pose>
		<truncated>1</truncated>
		<difficult>0</difficult>
		<bndbox>
			<xmin>324.1666666666667</xmin>
			<ymin>378.5</ymin>
			<xmax>485.0</xmax>
			<ymax>445.1666666666667</ymax>
		</bndbox>
	</object>
	<object>
		<name>Others</name>
		<pose>Unspecified</pose>
		<truncated>1</truncated>
		<difficult>0</difficult>
		<bndbox>
			<xmin>372.5</xmin>
			<ymin>311.0</ymin>
			<xmax>520.8333333333334</xmax>
			<ymax>406.0</ymax>
		</bndbox>
	</object>
	<object>
		<name>Others</name>
		<pose>Unspecified</pose>
		<truncated>1</truncated>
		<difficult>0</difficult>
		<bndbox>
			<xmin>496.6666666666667</xmin>
			<ymin>210.16666666666669</ymin>
			<xmax>588.3333333333334</xmax>
			<ymax>397.6666666666667</ymax>
		</bndbox>
	</object>
	<object>
		<name>Heat Stress</name>
		<pose>Unspecified</pose>
		<truncated>1</truncated>
		<difficult>0</difficult>
		<bndbox>
			<xmin>565.0</xmin>
			<ymin>171.83333333333334</ymin>
			<xmax>692.5</xmax>
			<ymax>293.5</ymax>
		</bndbox>
	</object>
	<object>
		<name>Heat Stress</name>
		<pose>Unspecified</pose>
		<truncated>1</truncated>
		<difficult>0</difficult>
		<bndbox>
			<xmin>734.1666666666667</xmin>
			<ymin>92.66666666666667</ymin>
			<xmax>813.3333333333334</xmax>
			<ymax>251.0</ymax>
		</bndbox>
	</object>
	<object>
		<name>Heat Stress</name>
		<pose>Unspecified</pose>
		<truncated>1</truncated>
		<difficult>0</difficult>
		<bndbox>
			<xmin>813.3333333333334</xmin>
			<ymin>149.33333333333334</ymin>
			<xmax>941.6666666666667</xmax>
			<ymax>246.83333333333337</ymax>
		</bndbox>
	</object>
	<object>
		<name>Drinking</name>
		<pose>Unspecified</pose>
		<truncated>1</truncated>
		<difficult>0</difficult>
		<bndbox>
			<xmin>606.6666666666667</xmin>
			<ymin>66.83333333333334</ymin>
			<xmax>710.0</xmax>
			<ymax>206.0</ymax>
		</bndbox>
	</object>
	<object>
		<name>Others</name>
		<pose>Unspecified</pose>
		<truncated>1</truncated>
		<difficult>0</difficult>
		<bndbox>
			<xmin>690.8333333333334</xmin>
			<ymin>21.833333333333336</ymin>
			<xmax>815.8333333333334</xmax>
			<ymax>71.0</ymax>
		</bndbox>
	</object>
	<object>
		<name>Others</name>
		<pose>Unspecified</pose>
		<truncated>1</truncated>
		<difficult>0</difficult>
		<bndbox>
			<xmin>500.0</xmin>
			<ymin>40.16666666666667</ymin>
			<xmax>592.5</xmax>
			<ymax>178.5</ymax>
		</bndbox>
	</object>
	<object>
		<name>Others</name>
		<pose>Unspecified</pose>
		<truncated>1</truncated>
		<difficult>0</difficult>
		<bndbox>
			<xmin>377.5</xmin>
			<ymin>22.66666666666667</ymin>
			<xmax>473.33333333333337</xmax>
			<ymax>164.33333333333334</ymax>
		</bndbox>
	</object>
	<object>
		<name>Others</name>
		<pose>Unspecified</pose>
		<truncated>1</truncated>
		<difficult>0</difficult>
		<bndbox>
			<xmin>305.0</xmin>
			<ymin>160.16666666666669</ymin>
			<xmax>444.1666666666667</xmax>
			<ymax>267.6666666666667</ymax>
		</bndbox>
	</object>
	<object>
		<name>Heat Stress</name>
		<pose>Unspecified</pose>
		<truncated>1</truncated>
		<difficult>0</difficult>
		<bndbox>
			<xmin>246.66666666666669</xmin>
			<ymin>16.0</ymin>
			<xmax>368.33333333333337</xmax>
			<ymax>77.66666666666667</ymax>
		</bndbox>
	</object>
	<object>
		<name>Others</name>
		<pose>Unspecified</pose>
		<truncated>1</truncated>
		<difficult>0</difficult>
		<bndbox>
			<xmin>183.33333333333334</xmin>
			<ymin>41.833333333333336</ymin>
			<xmax>277.5</xmax>
			<ymax>115.16666666666669</ymax>
		</bndbox>
	</object>
	<object>
		<name>Heat Stress</name>
		<pose>Unspecified</pose>
		<truncated>1</truncated>
		<difficult>0</difficult>
		<bndbox>
			<xmin>258.33333333333337</xmin>
			<ymin>86.83333333333334</ymin>
			<xmax>317.5</xmax>
			<ymax>195.16666666666669</ymax>
		</bndbox>
	</object>
	<object>
		<name>Heat Stress</name>
		<pose>Unspecified</pose>
		<truncated>1</truncated>
		<difficult>0</difficult>
		<bndbox>
			<xmin>251.66666666666669</xmin>
			<ymin>148.5</ymin>
			<xmax>314.1666666666667</xmax>
			<ymax>264.33333333333337</ymax>
		</bndbox>
	</object>
	<object>
		<name>Others</name>
		<pose>Unspecified</pose>
		<truncated>1</truncated>
		<difficult>0</difficult>
		<bndbox>
			<xmin>197.5</xmin>
			<ymin>253.5</ymin>
			<xmax>302.5</xmax>
			<ymax>338.5</ymax>
		</bndbox>
	</object>
	<object>
		<name>Heat Stress</name>
		<pose>Unspecified</pose>
		<truncated>1</truncated>
		<difficult>0</difficult>
		<bndbox>
			<xmin>236.66666666666669</xmin>
			<ymin>291.0</ymin>
			<xmax>351.6666666666667</xmax>
			<ymax>391.83333333333337</ymax>
		</bndbox>
	</object>
	<object>
		<name>Others</name>
		<pose>Unspecified</pose>
		<truncated>1</truncated>
		<difficult>0</difficult>
		<bndbox>
			<xmin>85.0</xmin>
			<ymin>261.83333333333337</ymin>
			<xmax>147.5</xmax>
			<ymax>393.5</ymax>
		</bndbox>
	</object>
	<object>
		<name>Others</name>
		<pose>Unspecified</pose>
		<truncated>1</truncated>
		<difficult>0</difficult>
		<bndbox>
			<xmin>81.66666666666667</xmin>
			<ymin>159.33333333333334</ymin>
			<xmax>191.66666666666669</xmax>
			<ymax>261.83333333333337</ymax>
		</bndbox>
	</object>
	<object>
		<name>Heat Stress</name>
		<pose>Unspecified</pose>
		<truncated>1</truncated>
		<difficult>0</difficult>
		<bndbox>
			<xmin>120.83333333333334</xmin>
			<ymin>71.0</ymin>
			<xmax>177.5</xmax>
			<ymax>174.33333333333334</ymax>
		</bndbox>
	</object>
</annotation>