<annotation>
	<folder>UAV_data</folder>
	<filename>:\ssss\zuizhong\201907250700002130.582.8.jpg</filename>
	<source>
		<database>The UAV autolanding</database>
		<annotation>UAV AutoLanding</annotation>
		<image>flickr</image>
		<flickrid>NULL</flickrid>
	</source>
	<owner>
		<flickrid>NULL</flickrid>
		<name>ChaojieZhu</name>
	</owner>
	<size>
		<width>1280</width>
		<height>720</height>
		<depth>3</depth>
	</size>
		<segmented>0</segmented>
	<object>
		<name>Eating</name>
		<pose>Unspecified</pose>
		<truncated>1</truncated>
		<difficult>0</difficult>
		<bndbox>
			<xmin>852.5</xmin>
			<ymin>542.6666666666667</ymin>
			<xmax>931.6666666666667</xmax>
			<ymax>622.6666666666667</ymax>
		</bndbox>
	</object>
	<object>
		<name>Others</name>
		<pose>Unspecified</pose>
		<truncated>1</truncated>
		<difficult>0</difficult>
		<bndbox>
			<xmin>571.6666666666667</xmin>
			<ymin>548.5</ymin>
			<xmax>713.3333333333334</xmax>
			<ymax>652.6666666666667</ymax>
		</bndbox>
	</object>
	<object>
		<name>Others</name>
		<pose>Unspecified</pose>
		<truncated>1</truncated>
		<difficult>0</difficult>
		<bndbox>
			<xmin>595.0</xmin>
			<ymin>387.6666666666667</ymin>
			<xmax>705.8333333333334</xmax>
			<ymax>513.5</ymax>
		</bndbox>
	</object>
	<object>
		<name>Eating</name>
		<pose>Unspecified</pose>
		<truncated>1</truncated>
		<difficult>0</difficult>
		<bndbox>
			<xmin>455.83333333333337</xmin>
			<ymin>526.8333333333334</ymin>
			<xmax>559.1666666666667</xmax>
			<ymax>666.0</ymax>
		</bndbox>
	</object>
	<object>
		<name>Eating</name>
		<pose>Unspecified</pose>
		<truncated>1</truncated>
		<difficult>0</difficult>
		<bndbox>
			<xmin>270.83333333333337</xmin>
			<ymin>583.5</ymin>
			<xmax>385.83333333333337</xmax>
			<ymax>652.6666666666667</ymax>
		</bndbox>
	</object>
	<object>
		<name>Others</name>
		<pose>Unspecified</pose>
		<truncated>1</truncated>
		<difficult>0</difficult>
		<bndbox>
			<xmin>148.33333333333334</xmin>
			<ymin>569.3333333333334</ymin>
			<xmax>260.83333333333337</xmax>
			<ymax>646.0</ymax>
		</bndbox>
	</object>
	<object>
		<name>Others</name>
		<pose>Unspecified</pose>
		<truncated>1</truncated>
		<difficult>0</difficult>
		<bndbox>
			<xmin>107.5</xmin>
			<ymin>594.3333333333334</ymin>
			<xmax>190.0</xmax>
			<ymax>651.0</ymax>
		</bndbox>
	</object>
	<object>
		<name>Others</name>
		<pose>Unspecified</pose>
		<truncated>1</truncated>
		<difficult>0</difficult>
		<bndbox>
			<xmin>121.66666666666667</xmin>
			<ymin>454.33333333333337</ymin>
			<xmax>193.33333333333334</xmax>
			<ymax>593.5</ymax>
		</bndbox>
	</object>
	<object>
		<name>Others</name>
		<pose>Unspecified</pose>
		<truncated>1</truncated>
		<difficult>0</difficult>
		<bndbox>
			<xmin>138.33333333333334</xmin>
			<ymin>398.5</ymin>
			<xmax>247.5</xmax>
			<ymax>471.83333333333337</ymax>
		</bndbox>
	</object>
	<object>
		<name>Others</name>
		<pose>Unspecified</pose>
		<truncated>1</truncated>
		<difficult>0</difficult>
		<bndbox>
			<xmin>92.5</xmin>
			<ymin>286.83333333333337</ymin>
			<xmax>157.5</xmax>
			<ymax>436.83333333333337</ymax>
		</bndbox>
	</object>
	<object>
		<name>Heat Stress</name>
		<pose>Unspecified</pose>
		<truncated>1</truncated>
		<difficult>0</difficult>
		<bndbox>
			<xmin>339.1666666666667</xmin>
			<ymin>238.5</ymin>
			<xmax>471.6666666666667</xmax>
			<ymax>388.5</ymax>
		</bndbox>
	</object>
	<object>
		<name>Others</name>
		<pose>Unspecified</pose>
		<truncated>1</truncated>
		<difficult>0</difficult>
		<bndbox>
			<xmin>718.3333333333334</xmin>
			<ymin>271.83333333333337</ymin>
			<xmax>830.0</xmax>
			<ymax>406.83333333333337</ymax>
		</bndbox>
	</object>
	<object>
		<name>Heat Stress</name>
		<pose>Unspecified</pose>
		<truncated>1</truncated>
		<difficult>0</difficult>
		<bndbox>
			<xmin>783.3333333333334</xmin>
			<ymin>150.16666666666669</ymin>
			<xmax>850.8333333333334</xmax>
			<ymax>289.33333333333337</ymax>
		</bndbox>
	</object>
	<object>
		<name>Others</name>
		<pose>Unspecified</pose>
		<truncated>1</truncated>
		<difficult>0</difficult>
		<bndbox>
			<xmin>190.0</xmin>
			<ymin>256.83333333333337</ymin>
			<xmax>310.0</xmax>
			<ymax>350.1666666666667</ymax>
		</bndbox>
	</object>
	<object>
		<name>Others</name>
		<pose>Unspecified</pose>
		<truncated>1</truncated>
		<difficult>0</difficult>
		<bndbox>
			<xmin>104.16666666666667</xmin>
			<ymin>220.16666666666669</ymin>
			<xmax>243.33333333333334</xmax>
			<ymax>281.83333333333337</ymax>
		</bndbox>
	</object>
	<object>
		<name>Others</name>
		<pose>Unspecified</pose>
		<truncated>1</truncated>
		<difficult>0</difficult>
		<bndbox>
			<xmin>125.02032520325204</xmin>
			<ymin>142.6869918699187</ymin>
			<xmax>230.85365853658539</xmax>
			<ymax>224.35365853658544</ymax>
		</bndbox>
	</object>
	<object>
		<name>Others</name>
		<pose>Unspecified</pose>
		<truncated>1</truncated>
		<difficult>0</difficult>
		<bndbox>
			<xmin>84.16666666666667</xmin>
			<ymin>142.66666666666669</ymin>
			<xmax>148.33333333333334</xmax>
			<ymax>229.33333333333334</ymax>
		</bndbox>
	</object>
	<object>
		<name>Heat Stress</name>
		<pose>Unspecified</pose>
		<truncated>1</truncated>
		<difficult>0</difficult>
		<bndbox>
			<xmin>117.5</xmin>
			<ymin>71.83333333333334</ymin>
			<xmax>193.33333333333334</xmax>
			<ymax>151.0</ymax>
		</bndbox>
	</object>
	<object>
		<name>Others</name>
		<pose>Unspecified</pose>
		<truncated>1</truncated>
		<difficult>0</difficult>
		<bndbox>
			<xmin>128.33333333333334</xmin>
			<ymin>8.5</ymin>
			<xmax>236.66666666666669</xmax>
			<ymax>106.83333333333334</ymax>
		</bndbox>
	</object>
	<object>
		<name>Others</name>
		<pose>Unspecified</pose>
		<truncated>1</truncated>
		<difficult>0</difficult>
		<bndbox>
			<xmin>219.16666666666669</xmin>
			<ymin>1.0</ymin>
			<xmax>301.6666666666667</xmax>
			<ymax>112.66666666666669</ymax>
		</bndbox>
	</object>
	<object>
		<name>Others</name>
		<pose>Unspecified</pose>
		<truncated>1</truncated>
		<difficult>0</difficult>
		<bndbox>
			<xmin>200.83333333333334</xmin>
			<ymin>40.16666666666667</ymin>
			<xmax>259.1666666666667</xmax>
			<ymax>161.0</ymax>
		</bndbox>
	</object>
	<object>
		<name>Others</name>
		<pose>Unspecified</pose>
		<truncated>1</truncated>
		<difficult>0</difficult>
		<bndbox>
			<xmin>224.16666666666669</xmin>
			<ymin>121.0</ymin>
			<xmax>315.83333333333337</xmax>
			<ymax>234.33333333333334</ymax>
		</bndbox>
	</object>
	<object>
		<name>Others</name>
		<pose>Unspecified</pose>
		<truncated>1</truncated>
		<difficult>0</difficult>
		<bndbox>
			<xmin>272.5</xmin>
			<ymin>56.0</ymin>
			<xmax>413.33333333333337</xmax>
			<ymax>119.33333333333334</ymax>
		</bndbox>
	</object>
	<object>
		<name>Others</name>
		<pose>Unspecified</pose>
		<truncated>1</truncated>
		<difficult>0</difficult>
		<bndbox>
			<xmin>515.8333333333334</xmin>
			<ymin>161.83333333333334</ymin>
			<xmax>598.3333333333334</xmax>
			<ymax>339.33333333333337</ymax>
		</bndbox>
	</object>
	<object>
		<name>Others</name>
		<pose>Unspecified</pose>
		<truncated>1</truncated>
		<difficult>0</difficult>
		<bndbox>
			<xmin>592.5</xmin>
			<ymin>146.83333333333334</ymin>
			<xmax>680.8333333333334</xmax>
			<ymax>296.0</ymax>
		</bndbox>
	</object>
	<object>
		<name>Others</name>
		<pose>Unspecified</pose>
		<truncated>1</truncated>
		<difficult>0</difficult>
		<bndbox>
			<xmin>691.6666666666667</xmin>
			<ymin>94.33333333333334</ymin>
			<xmax>770.8333333333334</xmax>
			<ymax>231.83333333333334</ymax>
		</bndbox>
	</object>
	<object>
		<name>Drinking</name>
		<pose>Unspecified</pose>
		<truncated>1</truncated>
		<difficult>0</difficult>
		<bndbox>
			<xmin>468.33333333333337</xmin>
			<ymin>86.83333333333334</ymin>
			<xmax>551.6666666666667</xmax>
			<ymax>241.0</ymax>
		</bndbox>
	</object>
	<object>
		<name>Drinking</name>
		<pose>Unspecified</pose>
		<truncated>1</truncated>
		<difficult>0</difficult>
		<bndbox>
			<xmin>387.5</xmin>
			<ymin>75.16666666666667</ymin>
			<xmax>495.83333333333337</xmax>
			<ymax>206.83333333333334</ymax>
		</bndbox>
	</object>
	<object>
		<name>Others</name>
		<pose>Unspecified</pose>
		<truncated>1</truncated>
		<difficult>0</difficult>
		<bndbox>
			<xmin>344.1666666666667</xmin>
			<ymin>69.33333333333334</ymin>
			<xmax>426.6666666666667</xmax>
			<ymax>225.16666666666669</ymax>
		</bndbox>
	</object>
	<object>
		<name>Others</name>
		<pose>Unspecified</pose>
		<truncated>1</truncated>
		<difficult>0</difficult>
		<bndbox>
			<xmin>539.0853658536586</xmin>
			<ymin>98.41869918699187</ymin>
			<xmax>675.7520325203252</xmax>
			<ymax>177.58536585365854</ymax>
		</bndbox>
	</object>
	<object>
		<name>Others</name>
		<pose>Unspecified</pose>
		<truncated>1</truncated>
		<difficult>0</difficult>
		<bndbox>
			<xmin>691.829268292683</xmin>
			<ymin>10.796747967479678</ymin>
			<xmax>786.9918699186992</xmax>
			<ymax>79.130081300813</ymax>
		</bndbox>
	</object>
	<object>
		<name>Drinking</name>
		<pose>Unspecified</pose>
		<truncated>1</truncated>
		<difficult>0</difficult>
		<bndbox>
			<xmin>362.6016260162602</xmin>
			<ymin>10.837398373983739</ymin>
			<xmax>510.0</xmax>
			<ymax>64.33333333333334</ymax>
		</bndbox>
	</object>
</annotation>