<annotation>
	<folder>UAV_data</folder>
	<filename>:\ssss\zuizhong\201907261520002431.174.9.jpg</filename>
	<source>
		<database>The UAV autolanding</database>
		<annotation>UAV AutoLanding</annotation>
		<image>flickr</image>
		<flickrid>NULL</flickrid>
	</source>
	<owner>
		<flickrid>NULL</flickrid>
		<name>ChaojieZhu</name>
	</owner>
	<size>
		<width>1280</width>
		<height>720</height>
		<depth>3</depth>
	</size>
		<segmented>0</segmented>
	<object>
		<name>Heat Stress</name>
		<pose>Unspecified</pose>
		<truncated>1</truncated>
		<difficult>0</difficult>
		<bndbox>
			<xmin>848.3333333333334</xmin>
			<ymin>551.0</ymin>
			<xmax>911.6666666666667</xmax>
			<ymax>671.0</ymax>
		</bndbox>
	</object>
	<object>
		<name>Eating</name>
		<pose>Unspecified</pose>
		<truncated>1</truncated>
		<difficult>0</difficult>
		<bndbox>
			<xmin>595.8739837398374</xmin>
			<ymin>548.2560975609756</ymin>
			<xmax>734.1463414634146</xmax>
			<ymax>644.170731707317</ymax>
		</bndbox>
	</object>
	<object>
		<name>Heat Stress</name>
		<pose>Unspecified</pose>
		<truncated>1</truncated>
		<difficult>0</difficult>
		<bndbox>
			<xmin>786.6260162601626</xmin>
			<ymin>360.7967479674797</ymin>
			<xmax>919.5121951219512</xmax>
			<ymax>507.5853658536586</ymax>
		</bndbox>
	</object>
	<object>
		<name>Heat Stress</name>
		<pose>Unspecified</pose>
		<truncated>1</truncated>
		<difficult>0</difficult>
		<bndbox>
			<xmin>456.5243902439024</xmin>
			<ymin>539.8983739837399</ymin>
			<xmax>542.2764227642276</xmax>
			<ymax>712.4634146341464</ymax>
		</bndbox>
	</object>
	<object>
		<name>Heat Stress</name>
		<pose>Unspecified</pose>
		<truncated>1</truncated>
		<difficult>0</difficult>
		<bndbox>
			<xmin>215.7926829268293</xmin>
			<ymin>586.630081300813</ymin>
			<xmax>358.5365853658537</xmax>
			<ymax>670.1869918699188</ymax>
		</bndbox>
	</object>
	<object>
		<name>Others</name>
		<pose>Unspecified</pose>
		<truncated>1</truncated>
		<difficult>0</difficult>
		<bndbox>
			<xmin>274.1666666666667</xmin>
			<ymin>392.6666666666667</ymin>
			<xmax>412.5</xmax>
			<ymax>502.66666666666674</ymax>
		</bndbox>
	</object>
	<object>
		<name>Others</name>
		<pose>Unspecified</pose>
		<truncated>1</truncated>
		<difficult>0</difficult>
		<bndbox>
			<xmin>120.83333333333334</xmin>
			<ymin>551.8333333333334</ymin>
			<xmax>196.66666666666669</xmax>
			<ymax>686.0</ymax>
		</bndbox>
	</object>
	<object>
		<name>Heat Stress</name>
		<pose>Unspecified</pose>
		<truncated>1</truncated>
		<difficult>0</difficult>
		<bndbox>
			<xmin>121.66666666666667</xmin>
			<ymin>382.6666666666667</ymin>
			<xmax>260.83333333333337</xmax>
			<ymax>476.83333333333337</ymax>
		</bndbox>
	</object>
	<object>
		<name>Heat Stress</name>
		<pose>Unspecified</pose>
		<truncated>1</truncated>
		<difficult>0</difficult>
		<bndbox>
			<xmin>346.6666666666667</xmin>
			<ymin>326.0</ymin>
			<xmax>468.33333333333337</xmax>
			<ymax>417.6666666666667</ymax>
		</bndbox>
	</object>
	<object>
		<name>Heat Stress</name>
		<pose>Unspecified</pose>
		<truncated>1</truncated>
		<difficult>0</difficult>
		<bndbox>
			<xmin>406.6666666666667</xmin>
			<ymin>333.5</ymin>
			<xmax>510.83333333333337</xmax>
			<ymax>479.33333333333337</ymax>
		</bndbox>
	</object>
	<object>
		<name>Others</name>
		<pose>Unspecified</pose>
		<truncated>1</truncated>
		<difficult>0</difficult>
		<bndbox>
			<xmin>553.3333333333334</xmin>
			<ymin>285.1666666666667</ymin>
			<xmax>628.3333333333334</xmax>
			<ymax>437.6666666666667</ymax>
		</bndbox>
	</object>
	<object>
		<name>Others</name>
		<pose>Unspecified</pose>
		<truncated>1</truncated>
		<difficult>0</difficult>
		<bndbox>
			<xmin>610.8333333333334</xmin>
			<ymin>308.5</ymin>
			<xmax>755.8333333333334</xmax>
			<ymax>432.6666666666667</ymax>
		</bndbox>
	</object>
	<object>
		<name>Others</name>
		<pose>Unspecified</pose>
		<truncated>1</truncated>
		<difficult>0</difficult>
		<bndbox>
			<xmin>788.3333333333334</xmin>
			<ymin>274.33333333333337</ymin>
			<xmax>955.8333333333334</xmax>
			<ymax>375.1666666666667</ymax>
		</bndbox>
	</object>
	<object>
		<name>Others</name>
		<pose>Unspecified</pose>
		<truncated>1</truncated>
		<difficult>0</difficult>
		<bndbox>
			<xmin>825.0</xmin>
			<ymin>125.16666666666669</ymin>
			<xmax>939.1666666666667</xmax>
			<ymax>233.5</ymax>
		</bndbox>
	</object>
	<object>
		<name>Others</name>
		<pose>Unspecified</pose>
		<truncated>1</truncated>
		<difficult>0</difficult>
		<bndbox>
			<xmin>788.3333333333334</xmin>
			<ymin>31.0</ymin>
			<xmax>862.5</xmax>
			<ymax>139.33333333333334</ymax>
		</bndbox>
	</object>
	<object>
		<name>Others</name>
		<pose>Unspecified</pose>
		<truncated>1</truncated>
		<difficult>0</difficult>
		<bndbox>
			<xmin>840.8333333333334</xmin>
			<ymin>22.66666666666667</ymin>
			<xmax>955.8333333333334</xmax>
			<ymax>127.66666666666669</ymax>
		</bndbox>
	</object>
	<object>
		<name>Others</name>
		<pose>Unspecified</pose>
		<truncated>1</truncated>
		<difficult>0</difficult>
		<bndbox>
			<xmin>692.5</xmin>
			<ymin>75.16666666666667</ymin>
			<xmax>808.3333333333334</xmax>
			<ymax>174.33333333333334</ymax>
		</bndbox>
	</object>
	<object>
		<name>Heat Stress</name>
		<pose>Unspecified</pose>
		<truncated>1</truncated>
		<difficult>0</difficult>
		<bndbox>
			<xmin>694.1666666666667</xmin>
			<ymin>156.83333333333334</ymin>
			<xmax>776.6666666666667</xmax>
			<ymax>323.5</ymax>
		</bndbox>
	</object>
	<object>
		<name>Heat Stress</name>
		<pose>Unspecified</pose>
		<truncated>1</truncated>
		<difficult>0</difficult>
		<bndbox>
			<xmin>617.5</xmin>
			<ymin>88.5</ymin>
			<xmax>704.1666666666667</xmax>
			<ymax>224.33333333333334</ymax>
		</bndbox>
	</object>
	<object>
		<name>Heat Stress</name>
		<pose>Unspecified</pose>
		<truncated>1</truncated>
		<difficult>0</difficult>
		<bndbox>
			<xmin>538.3333333333334</xmin>
			<ymin>86.0</ymin>
			<xmax>619.1666666666667</xmax>
			<ymax>269.33333333333337</ymax>
		</bndbox>
	</object>
	<object>
		<name>Others</name>
		<pose>Unspecified</pose>
		<truncated>1</truncated>
		<difficult>0</difficult>
		<bndbox>
			<xmin>428.33333333333337</xmin>
			<ymin>66.0</ymin>
			<xmax>569.1666666666667</xmax>
			<ymax>178.5</ymax>
		</bndbox>
	</object>
	<object>
		<name>Drinking</name>
		<pose>Unspecified</pose>
		<truncated>1</truncated>
		<difficult>0</difficult>
		<bndbox>
			<xmin>418.33333333333337</xmin>
			<ymin>9.333333333333336</ymin>
			<xmax>489.1666666666667</xmax>
			<ymax>149.33333333333334</ymax>
		</bndbox>
	</object>
	<object>
		<name>Drinking</name>
		<pose>Unspecified</pose>
		<truncated>1</truncated>
		<difficult>0</difficult>
		<bndbox>
			<xmin>364.1666666666667</xmin>
			<ymin>78.5</ymin>
			<xmax>435.0</xmax>
			<ymax>221.0</ymax>
		</bndbox>
	</object>
	<object>
		<name>Others</name>
		<pose>Unspecified</pose>
		<truncated>1</truncated>
		<difficult>0</difficult>
		<bndbox>
			<xmin>426.6666666666667</xmin>
			<ymin>194.33333333333334</ymin>
			<xmax>550.0</xmax>
			<ymax>320.1666666666667</ymax>
		</bndbox>
	</object>
	<object>
		<name>Others</name>
		<pose>Unspecified</pose>
		<truncated>1</truncated>
		<difficult>0</difficult>
		<bndbox>
			<xmin>284.1666666666667</xmin>
			<ymin>0.16666666666666785</ymin>
			<xmax>345.83333333333337</xmax>
			<ymax>145.16666666666669</ymax>
		</bndbox>
	</object>
	<object>
		<name>Others</name>
		<pose>Unspecified</pose>
		<truncated>1</truncated>
		<difficult>0</difficult>
		<bndbox>
			<xmin>186.66666666666669</xmin>
			<ymin>3.5</ymin>
			<xmax>308.33333333333337</xmax>
			<ymax>96.0</ymax>
		</bndbox>
	</object>
	<object>
		<name>Others</name>
		<pose>Unspecified</pose>
		<truncated>1</truncated>
		<difficult>0</difficult>
		<bndbox>
			<xmin>139.16666666666669</xmin>
			<ymin>91.0</ymin>
			<xmax>237.5</xmax>
			<ymax>213.5</ymax>
		</bndbox>
	</object>
	<object>
		<name>Others</name>
		<pose>Unspecified</pose>
		<truncated>1</truncated>
		<difficult>0</difficult>
		<bndbox>
			<xmin>223.33333333333334</xmin>
			<ymin>108.5</ymin>
			<xmax>286.6666666666667</xmax>
			<ymax>251.0</ymax>
		</bndbox>
	</object>
	<object>
		<name>Heat Stress</name>
		<pose>Unspecified</pose>
		<truncated>1</truncated>
		<difficult>0</difficult>
		<bndbox>
			<xmin>210.0</xmin>
			<ymin>230.16666666666669</ymin>
			<xmax>363.33333333333337</xmax>
			<ymax>316.83333333333337</ymax>
		</bndbox>
	</object>
	<object>
		<name>Others</name>
		<pose>Unspecified</pose>
		<truncated>1</truncated>
		<difficult>0</difficult>
		<bndbox>
			<xmin>115.83333333333334</xmin>
			<ymin>43.5</ymin>
			<xmax>203.33333333333334</xmax>
			<ymax>121.0</ymax>
		</bndbox>
	</object>
	<object>
		<name>Others</name>
		<pose>Unspecified</pose>
		<truncated>1</truncated>
		<difficult>0</difficult>
		<bndbox>
			<xmin>96.66666666666667</xmin>
			<ymin>114.33333333333334</ymin>
			<xmax>156.66666666666669</xmax>
			<ymax>245.16666666666669</ymax>
		</bndbox>
	</object>
	<object>
		<name>Others</name>
		<pose>Unspecified</pose>
		<truncated>1</truncated>
		<difficult>0</difficult>
		<bndbox>
			<xmin>94.1260162601626</xmin>
			<ymin>300.8577235772358</ymin>
			<xmax>207.3170731707317</xmax>
			<ymax>374.2520325203252</ymax>
		</bndbox>
	</object>
</annotation>