<annotation>
	<folder>UAV_data</folder>
	<filename>:\ssss\zuizhong\201907250700001730.582.8.jpg</filename>
	<source>
		<database>The UAV autolanding</database>
		<annotation>UAV AutoLanding</annotation>
		<image>flickr</image>
		<flickrid>NULL</flickrid>
	</source>
	<owner>
		<flickrid>NULL</flickrid>
		<name>ChaojieZhu</name>
	</owner>
	<size>
		<width>1280</width>
		<height>720</height>
		<depth>3</depth>
	</size>
		<segmented>0</segmented>
	<object>
		<name>Others</name>
		<pose>Unspecified</pose>
		<truncated>1</truncated>
		<difficult>0</difficult>
		<bndbox>
			<xmin>593.3333333333334</xmin>
			<ymin>386.0</ymin>
			<xmax>699.1666666666667</xmax>
			<ymax>517.6666666666667</ymax>
		</bndbox>
	</object>
	<object>
		<name>Eating</name>
		<pose>Unspecified</pose>
		<truncated>1</truncated>
		<difficult>0</difficult>
		<bndbox>
			<xmin>830.0</xmin>
			<ymin>516.0</ymin>
			<xmax>930.0</xmax>
			<ymax>625.1666666666667</ymax>
		</bndbox>
	</object>
	<object>
		<name>Eating</name>
		<pose>Unspecified</pose>
		<truncated>1</truncated>
		<difficult>0</difficult>
		<bndbox>
			<xmin>265.0</xmin>
			<ymin>577.6666666666667</ymin>
			<xmax>395.83333333333337</xmax>
			<ymax>651.0</ymax>
		</bndbox>
	</object>
	<object>
		<name>Others</name>
		<pose>Unspecified</pose>
		<truncated>1</truncated>
		<difficult>0</difficult>
		<bndbox>
			<xmin>465.0</xmin>
			<ymin>534.3333333333334</ymin>
			<xmax>563.3333333333334</xmax>
			<ymax>681.8333333333334</ymax>
		</bndbox>
	</object>
	<object>
		<name>Others</name>
		<pose>Unspecified</pose>
		<truncated>1</truncated>
		<difficult>0</difficult>
		<bndbox>
			<xmin>579.1666666666667</xmin>
			<ymin>553.5</ymin>
			<xmax>714.1666666666667</xmax>
			<ymax>648.5</ymax>
		</bndbox>
	</object>
	<object>
		<name>Others</name>
		<pose>Unspecified</pose>
		<truncated>1</truncated>
		<difficult>0</difficult>
		<bndbox>
			<xmin>149.16666666666669</xmin>
			<ymin>572.6666666666667</ymin>
			<xmax>263.33333333333337</xmax>
			<ymax>648.5</ymax>
		</bndbox>
	</object>
	<object>
		<name>Others</name>
		<pose>Unspecified</pose>
		<truncated>1</truncated>
		<difficult>0</difficult>
		<bndbox>
			<xmin>119.16666666666667</xmin>
			<ymin>455.1666666666667</ymin>
			<xmax>188.33333333333334</xmax>
			<ymax>586.8333333333334</ymax>
		</bndbox>
	</object>
	<object>
		<name>Others</name>
		<pose>Unspecified</pose>
		<truncated>1</truncated>
		<difficult>0</difficult>
		<bndbox>
			<xmin>110.0</xmin>
			<ymin>577.6666666666667</ymin>
			<xmax>195.83333333333334</xmax>
			<ymax>650.1666666666667</ymax>
		</bndbox>
	</object>
	<object>
		<name>Others</name>
		<pose>Unspecified</pose>
		<truncated>1</truncated>
		<difficult>0</difficult>
		<bndbox>
			<xmin>164.16666666666669</xmin>
			<ymin>390.1666666666667</ymin>
			<xmax>243.33333333333334</xmax>
			<ymax>477.6666666666667</ymax>
		</bndbox>
	</object>
	<object>
		<name>Heat Stress</name>
		<pose>Unspecified</pose>
		<truncated>1</truncated>
		<difficult>0</difficult>
		<bndbox>
			<xmin>99.16666666666667</xmin>
			<ymin>293.5</ymin>
			<xmax>164.16666666666669</xmax>
			<ymax>426.83333333333337</ymax>
		</bndbox>
	</object>
	<object>
		<name>Others</name>
		<pose>Unspecified</pose>
		<truncated>1</truncated>
		<difficult>0</difficult>
		<bndbox>
			<xmin>188.33333333333334</xmin>
			<ymin>240.16666666666669</ymin>
			<xmax>270.83333333333337</xmax>
			<ymax>398.5</ymax>
		</bndbox>
	</object>
	<object>
		<name>Others</name>
		<pose>Unspecified</pose>
		<truncated>1</truncated>
		<difficult>0</difficult>
		<bndbox>
			<xmin>116.66666666666667</xmin>
			<ymin>221.0</ymin>
			<xmax>249.16666666666669</xmax>
			<ymax>279.33333333333337</ymax>
		</bndbox>
	</object>
	<object>
		<name>Others</name>
		<pose>Unspecified</pose>
		<truncated>1</truncated>
		<difficult>0</difficult>
		<bndbox>
			<xmin>129.16666666666669</xmin>
			<ymin>136.83333333333334</ymin>
			<xmax>229.16666666666669</xmax>
			<ymax>221.83333333333334</ymax>
		</bndbox>
	</object>
	<object>
		<name>Others</name>
		<pose>Unspecified</pose>
		<truncated>1</truncated>
		<difficult>0</difficult>
		<bndbox>
			<xmin>90.0</xmin>
			<ymin>151.83333333333334</ymin>
			<xmax>157.5</xmax>
			<ymax>237.66666666666669</ymax>
		</bndbox>
	</object>
	<object>
		<name>Heat Stress</name>
		<pose>Unspecified</pose>
		<truncated>1</truncated>
		<difficult>0</difficult>
		<bndbox>
			<xmin>121.66666666666667</xmin>
			<ymin>55.16666666666667</ymin>
			<xmax>180.0</xmax>
			<ymax>149.33333333333334</ymax>
		</bndbox>
	</object>
	<object>
		<name>Others</name>
		<pose>Unspecified</pose>
		<truncated>1</truncated>
		<difficult>0</difficult>
		<bndbox>
			<xmin>198.33333333333334</xmin>
			<ymin>42.66666666666667</ymin>
			<xmax>262.5</xmax>
			<ymax>157.66666666666669</ymax>
		</bndbox>
	</object>
	<object>
		<name>Others</name>
		<pose>Unspecified</pose>
		<truncated>1</truncated>
		<difficult>0</difficult>
		<bndbox>
			<xmin>145.0</xmin>
			<ymin>4.333333333333336</ymin>
			<xmax>222.5</xmax>
			<ymax>99.33333333333334</ymax>
		</bndbox>
	</object>
	<object>
		<name>Others</name>
		<pose>Unspecified</pose>
		<truncated>1</truncated>
		<difficult>0</difficult>
		<bndbox>
			<xmin>212.5</xmin>
			<ymin>5.166666666666668</ymin>
			<xmax>300.0</xmax>
			<ymax>101.0</ymax>
		</bndbox>
	</object>
	<object>
		<name>Others</name>
		<pose>Unspecified</pose>
		<truncated>1</truncated>
		<difficult>0</difficult>
		<bndbox>
			<xmin>227.5</xmin>
			<ymin>127.66666666666669</ymin>
			<xmax>322.5</xmax>
			<ymax>232.66666666666669</ymax>
		</bndbox>
	</object>
	<object>
		<name>Others</name>
		<pose>Unspecified</pose>
		<truncated>1</truncated>
		<difficult>0</difficult>
		<bndbox>
			<xmin>710.8130081300812</xmin>
			<ymin>284.8617886178862</ymin>
			<xmax>838.2113821138212</xmax>
			<ymax>400.2682926829268</ymax>
		</bndbox>
	</object>
	<object>
		<name>Heat Stress</name>
		<pose>Unspecified</pose>
		<truncated>1</truncated>
		<difficult>0</difficult>
		<bndbox>
			<xmin>776.8495934959351</xmin>
			<ymin>147.66666666666669</ymin>
			<xmax>844.7154471544716</xmax>
			<ymax>290.5121951219512</ymax>
		</bndbox>
	</object>
	<object>
		<name>Heat Stress</name>
		<pose>Unspecified</pose>
		<truncated>1</truncated>
		<difficult>0</difficult>
		<bndbox>
			<xmin>409.1666666666667</xmin>
			<ymin>186.83333333333334</ymin>
			<xmax>500.83333333333337</xmax>
			<ymax>316.0</ymax>
		</bndbox>
	</object>
	<object>
		<name>Others</name>
		<pose>Unspecified</pose>
		<truncated>1</truncated>
		<difficult>0</difficult>
		<bndbox>
			<xmin>519.1666666666667</xmin>
			<ymin>166.83333333333334</ymin>
			<xmax>607.5</xmax>
			<ymax>346.0</ymax>
		</bndbox>
	</object>
	<object>
		<name>Others</name>
		<pose>Unspecified</pose>
		<truncated>1</truncated>
		<difficult>0</difficult>
		<bndbox>
			<xmin>593.3333333333334</xmin>
			<ymin>141.0</ymin>
			<xmax>688.3333333333334</xmax>
			<ymax>307.6666666666667</ymax>
		</bndbox>
	</object>
	<object>
		<name>Drinking</name>
		<pose>Unspecified</pose>
		<truncated>1</truncated>
		<difficult>0</difficult>
		<bndbox>
			<xmin>692.5</xmin>
			<ymin>80.16666666666667</ymin>
			<xmax>799.1666666666667</xmax>
			<ymax>243.5</ymax>
		</bndbox>
	</object>
	<object>
		<name>Others</name>
		<pose>Unspecified</pose>
		<truncated>1</truncated>
		<difficult>0</difficult>
		<bndbox>
			<xmin>530.020325203252</xmin>
			<ymin>97.4430894308943</ymin>
			<xmax>670.7317073170732</xmax>
			<ymax>179.9430894308943</ymax>
		</bndbox>
	</object>
	<object>
		<name>Others</name>
		<pose>Unspecified</pose>
		<truncated>1</truncated>
		<difficult>0</difficult>
		<bndbox>
			<xmin>665.589430894309</xmin>
			<ymin>6.9146341463414664</ymin>
			<xmax>792.6829268292684</xmax>
			<ymax>80.75609756097562</ymax>
		</bndbox>
	</object>
	<object>
		<name>Drinking</name>
		<pose>Unspecified</pose>
		<truncated>1</truncated>
		<difficult>0</difficult>
		<bndbox>
			<xmin>463.35365853658544</xmin>
			<ymin>71.14227642276424</ymin>
			<xmax>543.3536585365855</xmax>
			<ymax>227.8089430894309</ymax>
		</bndbox>
	</object>
	<object>
		<name>Others</name>
		<pose>Unspecified</pose>
		<truncated>1</truncated>
		<difficult>0</difficult>
		<bndbox>
			<xmin>276.6666666666667</xmin>
			<ymin>51.83333333333334</ymin>
			<xmax>405.0</xmax>
			<ymax>117.66666666666669</ymax>
		</bndbox>
	</object>
	<object>
		<name>Drinking</name>
		<pose>Unspecified</pose>
		<truncated>1</truncated>
		<difficult>0</difficult>
		<bndbox>
			<xmin>396.6666666666667</xmin>
			<ymin>66.83333333333334</ymin>
			<xmax>473.33333333333337</xmax>
			<ymax>211.0</ymax>
		</bndbox>
	</object>
	<object>
		<name>Others</name>
		<pose>Unspecified</pose>
		<truncated>1</truncated>
		<difficult>0</difficult>
		<bndbox>
			<xmin>345.5284552845529</xmin>
			<ymin>74.2520325203252</ymin>
			<xmax>453.33333333333337</xmax>
			<ymax>221.0</ymax>
		</bndbox>
	</object>
	<object>
		<name>Drinking</name>
		<pose>Unspecified</pose>
		<truncated>1</truncated>
		<difficult>0</difficult>
		<bndbox>
			<xmin>365.8536585365854</xmin>
			<ymin>10.837398373983739</ymin>
			<xmax>513.3333333333334</xmax>
			<ymax>62.66666666666667</ymax>
		</bndbox>
	</object>
</annotation>