<annotation>
	<folder>UAV_data</folder>
	<filename>:\ssss\zuizhong\201907261520027230.975.6.jpg</filename>
	<source>
		<database>The UAV autolanding</database>
		<annotation>UAV AutoLanding</annotation>
		<image>flickr</image>
		<flickrid>NULL</flickrid>
	</source>
	<owner>
		<flickrid>NULL</flickrid>
		<name>ChaojieZhu</name>
	</owner>
	<size>
		<width>1280</width>
		<height>720</height>
		<depth>3</depth>
	</size>
		<segmented>0</segmented>
	<object>
		<name>Heat Stress</name>
		<pose>Unspecified</pose>
		<truncated>1</truncated>
		<difficult>0</difficult>
		<bndbox>
			<xmin>694.1666666666667</xmin>
			<ymin>406.83333333333337</ymin>
			<xmax>808.3333333333334</xmax>
			<ymax>493.5</ymax>
		</bndbox>
	</object>
	<object>
		<name>Heat Stress</name>
		<pose>Unspecified</pose>
		<truncated>1</truncated>
		<difficult>0</difficult>
		<bndbox>
			<xmin>845.8333333333334</xmin>
			<ymin>317.6666666666667</ymin>
			<xmax>954.1666666666667</xmax>
			<ymax>418.5</ymax>
		</bndbox>
	</object>
	<object>
		<name>Heat Stress</name>
		<pose>Unspecified</pose>
		<truncated>1</truncated>
		<difficult>0</difficult>
		<bndbox>
			<xmin>873.3333333333334</xmin>
			<ymin>486.83333333333337</ymin>
			<xmax>945.8333333333334</xmax>
			<ymax>611.0</ymax>
		</bndbox>
	</object>
	<object>
		<name>Heat Stress</name>
		<pose>Unspecified</pose>
		<truncated>1</truncated>
		<difficult>0</difficult>
		<bndbox>
			<xmin>842.5</xmin>
			<ymin>588.5</ymin>
			<xmax>937.5</xmax>
			<ymax>714.3333333333334</ymax>
		</bndbox>
	</object>
	<object>
		<name>Others</name>
		<pose>Unspecified</pose>
		<truncated>1</truncated>
		<difficult>0</difficult>
		<bndbox>
			<xmin>545.0</xmin>
			<ymin>641.0</ymin>
			<xmax>680.0</xmax>
			<ymax>719.0</ymax>
		</bndbox>
	</object>
	<object>
		<name>Others</name>
		<pose>Unspecified</pose>
		<truncated>1</truncated>
		<difficult>0</difficult>
		<bndbox>
			<xmin>460.83333333333337</xmin>
			<ymin>431.83333333333337</ymin>
			<xmax>531.6666666666667</xmax>
			<ymax>612.6666666666667</ymax>
		</bndbox>
	</object>
	<object>
		<name>Heat Stress</name>
		<pose>Unspecified</pose>
		<truncated>1</truncated>
		<difficult>0</difficult>
		<bndbox>
			<xmin>225.83333333333334</xmin>
			<ymin>580.1666666666667</ymin>
			<xmax>358.33333333333337</xmax>
			<ymax>672.6666666666667</ymax>
		</bndbox>
	</object>
	<object>
		<name>Heat Stress</name>
		<pose>Unspecified</pose>
		<truncated>1</truncated>
		<difficult>0</difficult>
		<bndbox>
			<xmin>169.16666666666669</xmin>
			<ymin>426.83333333333337</ymin>
			<xmax>238.33333333333334</xmax>
			<ymax>559.3333333333334</ymax>
		</bndbox>
	</object>
	<object>
		<name>Eating</name>
		<pose>Unspecified</pose>
		<truncated>1</truncated>
		<difficult>0</difficult>
		<bndbox>
			<xmin>186.5447154471545</xmin>
			<ymin>443.47967479674804</ymin>
			<xmax>355.7113821138212</xmax>
			<ymax>551.8130081300814</ymax>
		</bndbox>
	</object>
	<object>
		<name>Heat Stress</name>
		<pose>Unspecified</pose>
		<truncated>1</truncated>
		<difficult>0</difficult>
		<bndbox>
			<xmin>512.5</xmin>
			<ymin>230.16666666666669</ymin>
			<xmax>630.0</xmax>
			<ymax>374.33333333333337</ymax>
		</bndbox>
	</object>
	<object>
		<name>Heat Stress</name>
		<pose>Unspecified</pose>
		<truncated>1</truncated>
		<difficult>0</difficult>
		<bndbox>
			<xmin>809.1666666666667</xmin>
			<ymin>149.33333333333334</ymin>
			<xmax>929.1666666666667</xmax>
			<ymax>252.66666666666669</ymax>
		</bndbox>
	</object>
	<object>
		<name>Heat Stress</name>
		<pose>Unspecified</pose>
		<truncated>1</truncated>
		<difficult>0</difficult>
		<bndbox>
			<xmin>721.6666666666667</xmin>
			<ymin>51.0</ymin>
			<xmax>809.1666666666667</xmax>
			<ymax>243.5</ymax>
		</bndbox>
	</object>
	<object>
		<name>Heat Stress</name>
		<pose>Unspecified</pose>
		<truncated>1</truncated>
		<difficult>0</difficult>
		<bndbox>
			<xmin>600.0</xmin>
			<ymin>44.333333333333336</ymin>
			<xmax>710.8333333333334</xmax>
			<ymax>203.5</ymax>
		</bndbox>
	</object>
	<object>
		<name>Others</name>
		<pose>Unspecified</pose>
		<truncated>1</truncated>
		<difficult>0</difficult>
		<bndbox>
			<xmin>578.3333333333334</xmin>
			<ymin>151.0</ymin>
			<xmax>684.1666666666667</xmax>
			<ymax>284.33333333333337</ymax>
		</bndbox>
	</object>
	<object>
		<name>Others</name>
		<pose>Unspecified</pose>
		<truncated>1</truncated>
		<difficult>0</difficult>
		<bndbox>
			<xmin>500.0</xmin>
			<ymin>43.5</ymin>
			<xmax>590.8333333333334</xmax>
			<ymax>177.66666666666669</ymax>
		</bndbox>
	</object>
	<object>
		<name>Others</name>
		<pose>Unspecified</pose>
		<truncated>1</truncated>
		<difficult>0</difficult>
		<bndbox>
			<xmin>383.33333333333337</xmin>
			<ymin>146.0</ymin>
			<xmax>517.5</xmax>
			<ymax>233.5</ymax>
		</bndbox>
	</object>
	<object>
		<name>Others</name>
		<pose>Unspecified</pose>
		<truncated>1</truncated>
		<difficult>0</difficult>
		<bndbox>
			<xmin>375.0</xmin>
			<ymin>269.33333333333337</ymin>
			<xmax>488.33333333333337</xmax>
			<ymax>412.6666666666667</ymax>
		</bndbox>
	</object>
	<object>
		<name>Others</name>
		<pose>Unspecified</pose>
		<truncated>1</truncated>
		<difficult>0</difficult>
		<bndbox>
			<xmin>251.66666666666669</xmin>
			<ymin>334.33333333333337</ymin>
			<xmax>377.5</xmax>
			<ymax>422.6666666666667</ymax>
		</bndbox>
	</object>
	<object>
		<name>Others</name>
		<pose>Unspecified</pose>
		<truncated>1</truncated>
		<difficult>0</difficult>
		<bndbox>
			<xmin>256.6666666666667</xmin>
			<ymin>242.6869918699187</ymin>
			<xmax>335.83333333333337</xmax>
			<ymax>364.3536585365854</ymax>
		</bndbox>
	</object>
	<object>
		<name>Heat Stress</name>
		<pose>Unspecified</pose>
		<truncated>1</truncated>
		<difficult>0</difficult>
		<bndbox>
			<xmin>242.5</xmin>
			<ymin>146.83333333333334</ymin>
			<xmax>312.5</xmax>
			<ymax>290.1666666666667</ymax>
		</bndbox>
	</object>
	<object>
		<name>Others</name>
		<pose>Unspecified</pose>
		<truncated>1</truncated>
		<difficult>0</difficult>
		<bndbox>
			<xmin>290.0</xmin>
			<ymin>71.83333333333334</ymin>
			<xmax>367.5</xmax>
			<ymax>241.83333333333337</ymax>
		</bndbox>
	</object>
	<object>
		<name>Others</name>
		<pose>Unspecified</pose>
		<truncated>1</truncated>
		<difficult>0</difficult>
		<bndbox>
			<xmin>172.5</xmin>
			<ymin>43.5</ymin>
			<xmax>272.5</xmax>
			<ymax>107.66666666666667</ymax>
		</bndbox>
	</object>
	<object>
		<name>Heat Stress</name>
		<pose>Unspecified</pose>
		<truncated>1</truncated>
		<difficult>0</difficult>
		<bndbox>
			<xmin>248.33333333333334</xmin>
			<ymin>12.666666666666668</ymin>
			<xmax>366.6666666666667</xmax>
			<ymax>76.0</ymax>
		</bndbox>
	</object>
	<object>
		<name>Others</name>
		<pose>Unspecified</pose>
		<truncated>1</truncated>
		<difficult>0</difficult>
		<bndbox>
			<xmin>395.83333333333337</xmin>
			<ymin>22.66666666666667</ymin>
			<xmax>465.0</xmax>
			<ymax>157.66666666666669</ymax>
		</bndbox>
	</object>
	<object>
		<name>Heat Stress</name>
		<pose>Unspecified</pose>
		<truncated>1</truncated>
		<difficult>0</difficult>
		<bndbox>
			<xmin>120.83333333333334</xmin>
			<ymin>75.16666666666667</ymin>
			<xmax>181.66666666666669</xmax>
			<ymax>189.33333333333334</ymax>
		</bndbox>
	</object>
	<object>
		<name>Heat Stress</name>
		<pose>Unspecified</pose>
		<truncated>1</truncated>
		<difficult>0</difficult>
		<bndbox>
			<xmin>120.83333333333334</xmin>
			<ymin>120.16666666666669</ymin>
			<xmax>185.0</xmax>
			<ymax>213.5</ymax>
		</bndbox>
	</object>
	<object>
		<name>Others</name>
		<pose>Unspecified</pose>
		<truncated>1</truncated>
		<difficult>0</difficult>
		<bndbox>
			<xmin>92.6829268292683</xmin>
			<ymin>202.52032520325204</ymin>
			<xmax>243.33333333333334</xmax>
			<ymax>295.1666666666667</ymax>
		</bndbox>
	</object>
</annotation>