<annotation>
	<folder>UAV_data</folder>
	<filename>:\ssss\zuizhong\201907250700012130.682.8.jpg</filename>
	<source>
		<database>The UAV autolanding</database>
		<annotation>UAV AutoLanding</annotation>
		<image>flickr</image>
		<flickrid>NULL</flickrid>
	</source>
	<owner>
		<flickrid>NULL</flickrid>
		<name>ChaojieZhu</name>
	</owner>
	<size>
		<width>1280</width>
		<height>720</height>
		<depth>3</depth>
	</size>
		<segmented>0</segmented>
	<object>
		<name>Eating</name>
		<pose>Unspecified</pose>
		<truncated>1</truncated>
		<difficult>0</difficult>
		<bndbox>
			<xmin>836.6666666666667</xmin>
			<ymin>512.6666666666667</ymin>
			<xmax>912.5</xmax>
			<ymax>631.0</ymax>
		</bndbox>
	</object>
	<object>
		<name>Others</name>
		<pose>Unspecified</pose>
		<truncated>1</truncated>
		<difficult>0</difficult>
		<bndbox>
			<xmin>600.691056910569</xmin>
			<ymin>475.73577235772365</ymin>
			<xmax>755.2845528455284</xmax>
			<ymax>563.6829268292684</ymax>
		</bndbox>
	</object>
	<object>
		<name>Others</name>
		<pose>Unspecified</pose>
		<truncated>1</truncated>
		<difficult>0</difficult>
		<bndbox>
			<xmin>590.0</xmin>
			<ymin>373.5</ymin>
			<xmax>692.5</xmax>
			<ymax>506.0</ymax>
		</bndbox>
	</object>
	<object>
		<name>Heat Stress</name>
		<pose>Unspecified</pose>
		<truncated>1</truncated>
		<difficult>0</difficult>
		<bndbox>
			<xmin>719.1666666666667</xmin>
			<ymin>290.1666666666667</ymin>
			<xmax>811.6666666666667</xmax>
			<ymax>416.0</ymax>
		</bndbox>
	</object>
	<object>
		<name>Others</name>
		<pose>Unspecified</pose>
		<truncated>1</truncated>
		<difficult>0</difficult>
		<bndbox>
			<xmin>475.83333333333337</xmin>
			<ymin>266.0</ymin>
			<xmax>556.6666666666667</xmax>
			<ymax>434.33333333333337</ymax>
		</bndbox>
	</object>
	<object>
		<name>Others</name>
		<pose>Unspecified</pose>
		<truncated>1</truncated>
		<difficult>0</difficult>
		<bndbox>
			<xmin>539.1666666666667</xmin>
			<ymin>237.66666666666669</ymin>
			<xmax>639.1666666666667</xmax>
			<ymax>396.0</ymax>
		</bndbox>
	</object>
	<object>
		<name>Heat Stress</name>
		<pose>Unspecified</pose>
		<truncated>1</truncated>
		<difficult>0</difficult>
		<bndbox>
			<xmin>583.3333333333334</xmin>
			<ymin>116.83333333333334</ymin>
			<xmax>680.0</xmax>
			<ymax>275.1666666666667</ymax>
		</bndbox>
	</object>
	<object>
		<name>Heat Stress</name>
		<pose>Unspecified</pose>
		<truncated>1</truncated>
		<difficult>0</difficult>
		<bndbox>
			<xmin>792.5</xmin>
			<ymin>136.83333333333334</ymin>
			<xmax>954.1666666666667</xmax>
			<ymax>229.33333333333334</ymax>
		</bndbox>
	</object>
	<object>
		<name>Heat Stress</name>
		<pose>Unspecified</pose>
		<truncated>1</truncated>
		<difficult>0</difficult>
		<bndbox>
			<xmin>668.130081300813</xmin>
			<ymin>106.7520325203252</ymin>
			<xmax>770.7317073170732</xmax>
			<ymax>204.33333333333334</ymax>
		</bndbox>
	</object>
	<object>
		<name>Drinking</name>
		<pose>Unspecified</pose>
		<truncated>1</truncated>
		<difficult>0</difficult>
		<bndbox>
			<xmin>439.1869918699187</xmin>
			<ymin>71.95528455284554</ymin>
			<xmax>516.6869918699188</xmax>
			<ymax>250.28861788617888</ymax>
		</bndbox>
	</object>
	<object>
		<name>Drinking</name>
		<pose>Unspecified</pose>
		<truncated>1</truncated>
		<difficult>0</difficult>
		<bndbox>
			<xmin>496.56504065040644</xmin>
			<ymin>82.64634146341464</ymin>
			<xmax>589.8983739837398</xmax>
			<ymax>227.64634146341464</ymax>
		</bndbox>
	</object>
	<object>
		<name>Drinking</name>
		<pose>Unspecified</pose>
		<truncated>1</truncated>
		<difficult>0</difficult>
		<bndbox>
			<xmin>359.1666666666667</xmin>
			<ymin>11.0</ymin>
			<xmax>432.5</xmax>
			<ymax>137.66666666666669</ymax>
		</bndbox>
	</object>
	<object>
		<name>Others</name>
		<pose>Unspecified</pose>
		<truncated>1</truncated>
		<difficult>0</difficult>
		<bndbox>
			<xmin>402.5</xmin>
			<ymin>13.5</ymin>
			<xmax>555.0</xmax>
			<ymax>70.16666666666667</ymax>
		</bndbox>
	</object>
	<object>
		<name>Others</name>
		<pose>Unspecified</pose>
		<truncated>1</truncated>
		<difficult>0</difficult>
		<bndbox>
			<xmin>672.0934959349594</xmin>
			<ymin>31.528455284552855</ymin>
			<xmax>773.9837398373984</xmax>
			<ymax>125.47154471544715</ymax>
		</bndbox>
	</object>
	<object>
		<name>Others</name>
		<pose>Unspecified</pose>
		<truncated>1</truncated>
		<difficult>0</difficult>
		<bndbox>
			<xmin>561.6666666666667</xmin>
			<ymin>100.16666666666667</ymin>
			<xmax>690.0</xmax>
			<ymax>176.0</ymax>
		</bndbox>
	</object>
	<object>
		<name>Others</name>
		<pose>Unspecified</pose>
		<truncated>1</truncated>
		<difficult>0</difficult>
		<bndbox>
			<xmin>264.81707317073176</xmin>
			<ymin>250.8780487804878</ymin>
			<xmax>368.2926829268293</xmax>
			<ymax>376.6910569105691</ymax>
		</bndbox>
	</object>
	<object>
		<name>Others</name>
		<pose>Unspecified</pose>
		<truncated>1</truncated>
		<difficult>0</difficult>
		<bndbox>
			<xmin>284.1666666666667</xmin>
			<ymin>382.6666666666667</ymin>
			<xmax>449.1666666666667</xmax>
			<ymax>451.0</ymax>
		</bndbox>
	</object>
	<object>
		<name>Others</name>
		<pose>Unspecified</pose>
		<truncated>1</truncated>
		<difficult>0</difficult>
		<bndbox>
			<xmin>450.4065040650407</xmin>
			<ymin>614.089430894309</ymin>
			<xmax>575.0609756097562</xmax>
			<ymax>694.3333333333334</ymax>
		</bndbox>
	</object>
	<object>
		<name>Others</name>
		<pose>Unspecified</pose>
		<truncated>1</truncated>
		<difficult>0</difficult>
		<bndbox>
			<xmin>110.56910569105692</xmin>
			<ymin>462.0569105691057</ymin>
			<xmax>205.89430894308944</xmax>
			<ymax>526.0813008130083</ymax>
		</bndbox>
	</object>
	<object>
		<name>Others</name>
		<pose>Unspecified</pose>
		<truncated>1</truncated>
		<difficult>0</difficult>
		<bndbox>
			<xmin>152.5</xmin>
			<ymin>516.0</ymin>
			<xmax>230.0</xmax>
			<ymax>589.3333333333334</ymax>
		</bndbox>
	</object>
	<object>
		<name>Others</name>
		<pose>Unspecified</pose>
		<truncated>1</truncated>
		<difficult>0</difficult>
		<bndbox>
			<xmin>155.7317073170732</xmin>
			<ymin>586.7317073170733</ymin>
			<xmax>251.21951219512195</xmax>
			<ymax>648.2357723577236</ymax>
		</bndbox>
	</object>
	<object>
		<name>Others</name>
		<pose>Unspecified</pose>
		<truncated>1</truncated>
		<difficult>0</difficult>
		<bndbox>
			<xmin>235.6707317073171</xmin>
			<ymin>485.1260162601626</ymin>
			<xmax>305.6910569105691</xmax>
			<ymax>649.0487804878048</ymax>
		</bndbox>
	</object>
	<object>
		<name>Drinking</name>
		<pose>Unspecified</pose>
		<truncated>1</truncated>
		<difficult>0</difficult>
		<bndbox>
			<xmin>209.16666666666669</xmin>
			<ymin>76.0</ymin>
			<xmax>381.6666666666667</xmax>
			<ymax>136.0</ymax>
		</bndbox>
	</object>
	<object>
		<name>Heat Stress</name>
		<pose>Unspecified</pose>
		<truncated>1</truncated>
		<difficult>0</difficult>
		<bndbox>
			<xmin>194.16666666666669</xmin>
			<ymin>135.16666666666669</ymin>
			<xmax>373.33333333333337</xmax>
			<ymax>229.33333333333334</ymax>
		</bndbox>
	</object>
	<object>
		<name>Others</name>
		<pose>Unspecified</pose>
		<truncated>1</truncated>
		<difficult>0</difficult>
		<bndbox>
			<xmin>116.66666666666667</xmin>
			<ymin>341.0</ymin>
			<xmax>203.33333333333334</xmax>
			<ymax>446.83333333333337</ymax>
		</bndbox>
	</object>
	<object>
		<name>Heat Stress</name>
		<pose>Unspecified</pose>
		<truncated>1</truncated>
		<difficult>0</difficult>
		<bndbox>
			<xmin>112.5</xmin>
			<ymin>259.33333333333337</ymin>
			<xmax>165.83333333333334</xmax>
			<ymax>358.5</ymax>
		</bndbox>
	</object>
	<object>
		<name>Others</name>
		<pose>Unspecified</pose>
		<truncated>1</truncated>
		<difficult>0</difficult>
		<bndbox>
			<xmin>97.5</xmin>
			<ymin>211.0</ymin>
			<xmax>238.33333333333334</xmax>
			<ymax>282.6666666666667</ymax>
		</bndbox>
	</object>
	<object>
		<name>Others</name>
		<pose>Unspecified</pose>
		<truncated>1</truncated>
		<difficult>0</difficult>
		<bndbox>
			<xmin>140.83333333333334</xmin>
			<ymin>84.33333333333334</ymin>
			<xmax>240.83333333333334</xmax>
			<ymax>155.16666666666669</ymax>
		</bndbox>
	</object>
	<object>
		<name>Others</name>
		<pose>Unspecified</pose>
		<truncated>1</truncated>
		<difficult>0</difficult>
		<bndbox>
			<xmin>154.0650406504065</xmin>
			<ymin>13.37804878048781</ymin>
			<xmax>306.5040650406504</xmax>
			<ymax>75.0650406504065</ymax>
		</bndbox>
	</object>
	<object>
		<name>Others</name>
		<pose>Unspecified</pose>
		<truncated>1</truncated>
		<difficult>0</difficult>
		<bndbox>
			<xmin>120.32520325203252</xmin>
			<ymin>39.29268292682927</ymin>
			<xmax>189.4308943089431</xmax>
			<ymax>147.6869918699187</ymax>
		</bndbox>
	</object>
	<object>
		<name>Others</name>
		<pose>Unspecified</pose>
		<truncated>1</truncated>
		<difficult>0</difficult>
		<bndbox>
			<xmin>111.66666666666667</xmin>
			<ymin>148.5</ymin>
			<xmax>222.5</xmax>
			<ymax>227.66666666666669</ymax>
		</bndbox>
	</object>
</annotation>