<annotation>
	<folder>UAV_data</folder>
	<filename>:\ssss\zuizhong\201907250700012530.682.7.jpg</filename>
	<source>
		<database>The UAV autolanding</database>
		<annotation>UAV AutoLanding</annotation>
		<image>flickr</image>
		<flickrid>NULL</flickrid>
	</source>
	<owner>
		<flickrid>NULL</flickrid>
		<name>ChaojieZhu</name>
	</owner>
	<size>
		<width>1280</width>
		<height>720</height>
		<depth>3</depth>
	</size>
		<segmented>0</segmented>
	<object>
		<name>Others</name>
		<pose>Unspecified</pose>
		<truncated>1</truncated>
		<difficult>0</difficult>
		<bndbox>
			<xmin>845.0</xmin>
			<ymin>545.1666666666667</ymin>
			<xmax>914.1666666666667</xmax>
			<ymax>626.8333333333334</ymax>
		</bndbox>
	</object>
	<object>
		<name>Others</name>
		<pose>Unspecified</pose>
		<truncated>1</truncated>
		<difficult>0</difficult>
		<bndbox>
			<xmin>496.6666666666667</xmin>
			<ymin>518.5</ymin>
			<xmax>577.5</xmax>
			<ymax>678.5</ymax>
		</bndbox>
	</object>
	<object>
		<name>Heat Stress</name>
		<pose>Unspecified</pose>
		<truncated>1</truncated>
		<difficult>0</difficult>
		<bndbox>
			<xmin>230.0</xmin>
			<ymin>487.6666666666667</ymin>
			<xmax>310.0</xmax>
			<ymax>631.8333333333334</ymax>
		</bndbox>
	</object>
	<object>
		<name>Others</name>
		<pose>Unspecified</pose>
		<truncated>1</truncated>
		<difficult>0</difficult>
		<bndbox>
			<xmin>281.6666666666667</xmin>
			<ymin>376.0</ymin>
			<xmax>450.83333333333337</xmax>
			<ymax>454.33333333333337</ymax>
		</bndbox>
	</object>
	<object>
		<name>Others</name>
		<pose>Unspecified</pose>
		<truncated>1</truncated>
		<difficult>0</difficult>
		<bndbox>
			<xmin>595.8536585365854</xmin>
			<ymin>373.5</ymin>
			<xmax>695.8536585365854</xmax>
			<ymax>506.83333333333337</ymax>
		</bndbox>
	</object>
	<object>
		<name>Eating</name>
		<pose>Unspecified</pose>
		<truncated>1</truncated>
		<difficult>0</difficult>
		<bndbox>
			<xmin>664.0853658536586</xmin>
			<ymin>398.3983739837399</ymin>
			<xmax>797.5609756097562</xmax>
			<ymax>504.33333333333337</ymax>
		</bndbox>
	</object>
	<object>
		<name>Heat Stress</name>
		<pose>Unspecified</pose>
		<truncated>1</truncated>
		<difficult>0</difficult>
		<bndbox>
			<xmin>720.0</xmin>
			<ymin>291.83333333333337</ymin>
			<xmax>813.3333333333334</xmax>
			<ymax>406.0</ymax>
		</bndbox>
	</object>
	<object>
		<name>Others</name>
		<pose>Unspecified</pose>
		<truncated>1</truncated>
		<difficult>0</difficult>
		<bndbox>
			<xmin>476.7682926829269</xmin>
			<ymin>269.3130081300813</ymin>
			<xmax>552.0325203252032</xmax>
			<ymax>435.2276422764228</ymax>
		</bndbox>
	</object>
	<object>
		<name>Others</name>
		<pose>Unspecified</pose>
		<truncated>1</truncated>
		<difficult>0</difficult>
		<bndbox>
			<xmin>545.0</xmin>
			<ymin>237.66666666666669</ymin>
			<xmax>634.1666666666667</xmax>
			<ymax>395.1666666666667</ymax>
		</bndbox>
	</object>
	<object>
		<name>Heat Stress</name>
		<pose>Unspecified</pose>
		<truncated>1</truncated>
		<difficult>0</difficult>
		<bndbox>
			<xmin>580.8333333333334</xmin>
			<ymin>121.83333333333334</ymin>
			<xmax>682.5</xmax>
			<ymax>272.6666666666667</ymax>
		</bndbox>
	</object>
	<object>
		<name>Heat Stress</name>
		<pose>Unspecified</pose>
		<truncated>1</truncated>
		<difficult>0</difficult>
		<bndbox>
			<xmin>795.0</xmin>
			<ymin>131.0</ymin>
			<xmax>961.6666666666667</xmax>
			<ymax>227.66666666666669</ymax>
		</bndbox>
	</object>
	<object>
		<name>Heat Stress</name>
		<pose>Unspecified</pose>
		<truncated>1</truncated>
		<difficult>0</difficult>
		<bndbox>
			<xmin>665.8333333333334</xmin>
			<ymin>106.0</ymin>
			<xmax>774.1666666666667</xmax>
			<ymax>202.66666666666669</ymax>
		</bndbox>
	</object>
	<object>
		<name>Others</name>
		<pose>Unspecified</pose>
		<truncated>1</truncated>
		<difficult>0</difficult>
		<bndbox>
			<xmin>135.0</xmin>
			<ymin>440.1666666666667</ymin>
			<xmax>223.33333333333334</xmax>
			<ymax>505.16666666666674</ymax>
		</bndbox>
	</object>
	<object>
		<name>Others</name>
		<pose>Unspecified</pose>
		<truncated>1</truncated>
		<difficult>0</difficult>
		<bndbox>
			<xmin>158.33333333333334</xmin>
			<ymin>516.8333333333334</ymin>
			<xmax>235.83333333333334</xmax>
			<ymax>592.6666666666667</ymax>
		</bndbox>
	</object>
	<object>
		<name>Others</name>
		<pose>Unspecified</pose>
		<truncated>1</truncated>
		<difficult>0</difficult>
		<bndbox>
			<xmin>152.5</xmin>
			<ymin>577.6666666666667</ymin>
			<xmax>249.16666666666669</xmax>
			<ymax>666.0</ymax>
		</bndbox>
	</object>
	<object>
		<name>Others</name>
		<pose>Unspecified</pose>
		<truncated>1</truncated>
		<difficult>0</difficult>
		<bndbox>
			<xmin>113.33333333333334</xmin>
			<ymin>333.5</ymin>
			<xmax>200.83333333333334</xmax>
			<ymax>443.5</ymax>
		</bndbox>
	</object>
	<object>
		<name>Heat Stress</name>
		<pose>Unspecified</pose>
		<truncated>1</truncated>
		<difficult>0</difficult>
		<bndbox>
			<xmin>274.1666666666667</xmin>
			<ymin>232.66666666666669</ymin>
			<xmax>395.0</xmax>
			<ymax>343.5</ymax>
		</bndbox>
	</object>
	<object>
		<name>Drinking</name>
		<pose>Unspecified</pose>
		<truncated>1</truncated>
		<difficult>0</difficult>
		<bndbox>
			<xmin>444.2276422764228</xmin>
			<ymin>72.78861788617887</ymin>
			<xmax>511.72764227642296</xmax>
			<ymax>241.95528455284557</ymax>
		</bndbox>
	</object>
	<object>
		<name>Others</name>
		<pose>Unspecified</pose>
		<truncated>1</truncated>
		<difficult>0</difficult>
		<bndbox>
			<xmin>485.0</xmin>
			<ymin>99.33333333333334</ymin>
			<xmax>594.1666666666667</xmax>
			<ymax>234.33333333333334</ymax>
		</bndbox>
	</object>
	<object>
		<name>Others</name>
		<pose>Unspecified</pose>
		<truncated>1</truncated>
		<difficult>0</difficult>
		<bndbox>
			<xmin>564.1869918699186</xmin>
			<ymin>104.15040650406505</ymin>
			<xmax>683.739837398374</xmax>
			<ymax>173.4390243902439</ymax>
		</bndbox>
	</object>
	<object>
		<name>Others</name>
		<pose>Unspecified</pose>
		<truncated>1</truncated>
		<difficult>0</difficult>
		<bndbox>
			<xmin>655.8333333333334</xmin>
			<ymin>20.16666666666667</ymin>
			<xmax>777.5</xmax>
			<ymax>128.5</ymax>
		</bndbox>
	</object>
	<object>
		<name>Others</name>
		<pose>Unspecified</pose>
		<truncated>1</truncated>
		<difficult>0</difficult>
		<bndbox>
			<xmin>411.6666666666667</xmin>
			<ymin>20.16666666666667</ymin>
			<xmax>541.4634146341464</xmax>
			<ymax>66.1219512195122</ymax>
		</bndbox>
	</object>
	<object>
		<name>Drinking</name>
		<pose>Unspecified</pose>
		<truncated>1</truncated>
		<difficult>0</difficult>
		<bndbox>
			<xmin>359.1666666666667</xmin>
			<ymin>23.5</ymin>
			<xmax>438.33333333333337</xmax>
			<ymax>141.0</ymax>
		</bndbox>
	</object>
	<object>
		<name>Drinking</name>
		<pose>Unspecified</pose>
		<truncated>1</truncated>
		<difficult>0</difficult>
		<bndbox>
			<xmin>226.66666666666669</xmin>
			<ymin>76.0</ymin>
			<xmax>387.5</xmax>
			<ymax>141.83333333333334</ymax>
		</bndbox>
	</object>
	<object>
		<name>Heat Stress</name>
		<pose>Unspecified</pose>
		<truncated>1</truncated>
		<difficult>0</difficult>
		<bndbox>
			<xmin>233.33333333333334</xmin>
			<ymin>132.66666666666669</ymin>
			<xmax>379.1666666666667</xmax>
			<ymax>228.5</ymax>
		</bndbox>
	</object>
	<object>
		<name>Others</name>
		<pose>Unspecified</pose>
		<truncated>1</truncated>
		<difficult>0</difficult>
		<bndbox>
			<xmin>160.83333333333334</xmin>
			<ymin>13.5</ymin>
			<xmax>326.6666666666667</xmax>
			<ymax>68.5</ymax>
		</bndbox>
	</object>
	<object>
		<name>Others</name>
		<pose>Unspecified</pose>
		<truncated>1</truncated>
		<difficult>0</difficult>
		<bndbox>
			<xmin>147.5</xmin>
			<ymin>86.83333333333334</ymin>
			<xmax>242.5</xmax>
			<ymax>164.33333333333334</ymax>
		</bndbox>
	</object>
	<object>
		<name>Others</name>
		<pose>Unspecified</pose>
		<truncated>1</truncated>
		<difficult>0</difficult>
		<bndbox>
			<xmin>120.83333333333334</xmin>
			<ymin>36.833333333333336</ymin>
			<xmax>190.0</xmax>
			<ymax>153.5</ymax>
		</bndbox>
	</object>
	<object>
		<name>Others</name>
		<pose>Unspecified</pose>
		<truncated>1</truncated>
		<difficult>0</difficult>
		<bndbox>
			<xmin>116.66666666666667</xmin>
			<ymin>152.66666666666669</ymin>
			<xmax>234.16666666666669</xmax>
			<ymax>225.16666666666669</ymax>
		</bndbox>
	</object>
	<object>
		<name>Others</name>
		<pose>Unspecified</pose>
		<truncated>1</truncated>
		<difficult>0</difficult>
		<bndbox>
			<xmin>88.33333333333334</xmin>
			<ymin>214.33333333333334</ymin>
			<xmax>242.5</xmax>
			<ymax>281.83333333333337</ymax>
		</bndbox>
	</object>
	<object>
		<name>Heat Stress</name>
		<pose>Unspecified</pose>
		<truncated>1</truncated>
		<difficult>0</difficult>
		<bndbox>
			<xmin>105.0</xmin>
			<ymin>261.0</ymin>
			<xmax>168.33333333333334</xmax>
			<ymax>351.0</ymax>
		</bndbox>
	</object>
</annotation>