<annotation>
	<folder>UAV_data</folder>
	<filename>:\ssss\zuizhong\201907261520014030.976.4.jpg</filename>
	<source>
		<database>The UAV autolanding</database>
		<annotation>UAV AutoLanding</annotation>
		<image>flickr</image>
		<flickrid>NULL</flickrid>
	</source>
	<owner>
		<flickrid>NULL</flickrid>
		<name>ChaojieZhu</name>
	</owner>
	<size>
		<width>1280</width>
		<height>720</height>
		<depth>3</depth>
	</size>
		<segmented>0</segmented>
	<object>
		<name>Heat Stress</name>
		<pose>Unspecified</pose>
		<truncated>1</truncated>
		<difficult>0</difficult>
		<bndbox>
			<xmin>840.0</xmin>
			<ymin>551.8333333333334</ymin>
			<xmax>917.5</xmax>
			<ymax>671.8333333333334</ymax>
		</bndbox>
	</object>
	<object>
		<name>Others</name>
		<pose>Unspecified</pose>
		<truncated>1</truncated>
		<difficult>0</difficult>
		<bndbox>
			<xmin>568.3333333333334</xmin>
			<ymin>483.5</ymin>
			<xmax>727.5</xmax>
			<ymax>611.0</ymax>
		</bndbox>
	</object>
	<object>
		<name>Others</name>
		<pose>Unspecified</pose>
		<truncated>1</truncated>
		<difficult>0</difficult>
		<bndbox>
			<xmin>752.5</xmin>
			<ymin>398.5</ymin>
			<xmax>932.5</xmax>
			<ymax>473.5</ymax>
		</bndbox>
	</object>
	<object>
		<name>Heat Stress</name>
		<pose>Unspecified</pose>
		<truncated>1</truncated>
		<difficult>0</difficult>
		<bndbox>
			<xmin>840.0</xmin>
			<ymin>307.6666666666667</ymin>
			<xmax>923.3333333333334</xmax>
			<ymax>433.5</ymax>
		</bndbox>
	</object>
	<object>
		<name>Heat Stress</name>
		<pose>Unspecified</pose>
		<truncated>1</truncated>
		<difficult>0</difficult>
		<bndbox>
			<xmin>687.5</xmin>
			<ymin>251.0</ymin>
			<xmax>857.5</xmax>
			<ymax>351.0</ymax>
		</bndbox>
	</object>
	<object>
		<name>Others</name>
		<pose>Unspecified</pose>
		<truncated>1</truncated>
		<difficult>0</difficult>
		<bndbox>
			<xmin>623.3333333333334</xmin>
			<ymin>297.6666666666667</ymin>
			<xmax>753.3333333333334</xmax>
			<ymax>401.83333333333337</ymax>
		</bndbox>
	</object>
	<object>
		<name>Heat Stress</name>
		<pose>Unspecified</pose>
		<truncated>1</truncated>
		<difficult>0</difficult>
		<bndbox>
			<xmin>547.5</xmin>
			<ymin>242.66666666666669</ymin>
			<xmax>670.0</xmax>
			<ymax>322.6666666666667</ymax>
		</bndbox>
	</object>
	<object>
		<name>Heat Stress</name>
		<pose>Unspecified</pose>
		<truncated>1</truncated>
		<difficult>0</difficult>
		<bndbox>
			<xmin>470.0</xmin>
			<ymin>332.6666666666667</ymin>
			<xmax>640.8333333333334</xmax>
			<ymax>444.33333333333337</ymax>
		</bndbox>
	</object>
	<object>
		<name>Heat Stress</name>
		<pose>Unspecified</pose>
		<truncated>1</truncated>
		<difficult>0</difficult>
		<bndbox>
			<xmin>348.33333333333337</xmin>
			<ymin>319.33333333333337</ymin>
			<xmax>507.5</xmax>
			<ymax>408.5</ymax>
		</bndbox>
	</object>
	<object>
		<name>Others</name>
		<pose>Unspecified</pose>
		<truncated>1</truncated>
		<difficult>0</difficult>
		<bndbox>
			<xmin>331.6666666666667</xmin>
			<ymin>250.16666666666669</ymin>
			<xmax>495.83333333333337</xmax>
			<ymax>333.5</ymax>
		</bndbox>
	</object>
	<object>
		<name>Others</name>
		<pose>Unspecified</pose>
		<truncated>1</truncated>
		<difficult>0</difficult>
		<bndbox>
			<xmin>290.0</xmin>
			<ymin>243.5</ymin>
			<xmax>379.1666666666667</xmax>
			<ymax>356.0</ymax>
		</bndbox>
	</object>
	<object>
		<name>Heat Stress</name>
		<pose>Unspecified</pose>
		<truncated>1</truncated>
		<difficult>0</difficult>
		<bndbox>
			<xmin>251.66666666666669</xmin>
			<ymin>424.33333333333337</ymin>
			<xmax>335.0</xmax>
			<ymax>552.6666666666667</ymax>
		</bndbox>
	</object>
	<object>
		<name>Heat Stress</name>
		<pose>Unspecified</pose>
		<truncated>1</truncated>
		<difficult>0</difficult>
		<bndbox>
			<xmin>220.83333333333334</xmin>
			<ymin>589.3333333333334</ymin>
			<xmax>359.1666666666667</xmax>
			<ymax>670.1666666666667</ymax>
		</bndbox>
	</object>
	<object>
		<name>Heat Stress</name>
		<pose>Unspecified</pose>
		<truncated>1</truncated>
		<difficult>0</difficult>
		<bndbox>
			<xmin>172.5</xmin>
			<ymin>422.6666666666667</ymin>
			<xmax>233.33333333333334</xmax>
			<ymax>562.6666666666667</ymax>
		</bndbox>
	</object>
	<object>
		<name>Others</name>
		<pose>Unspecified</pose>
		<truncated>1</truncated>
		<difficult>0</difficult>
		<bndbox>
			<xmin>85.0</xmin>
			<ymin>341.83333333333337</ymin>
			<xmax>183.33333333333334</xmax>
			<ymax>418.5</ymax>
		</bndbox>
	</object>
	<object>
		<name>Heat Stress</name>
		<pose>Unspecified</pose>
		<truncated>1</truncated>
		<difficult>0</difficult>
		<bndbox>
			<xmin>175.83333333333334</xmin>
			<ymin>251.83333333333337</ymin>
			<xmax>279.1666666666667</xmax>
			<ymax>331.83333333333337</ymax>
		</bndbox>
	</object>
	<object>
		<name>Others</name>
		<pose>Unspecified</pose>
		<truncated>1</truncated>
		<difficult>0</difficult>
		<bndbox>
			<xmin>78.33333333333334</xmin>
			<ymin>216.0</ymin>
			<xmax>190.83333333333334</xmax>
			<ymax>291.0</ymax>
		</bndbox>
	</object>
	<object>
		<name>Heat Stress</name>
		<pose>Unspecified</pose>
		<truncated>1</truncated>
		<difficult>0</difficult>
		<bndbox>
			<xmin>120.83333333333334</xmin>
			<ymin>80.16666666666667</ymin>
			<xmax>181.66666666666669</xmax>
			<ymax>180.16666666666669</ymax>
		</bndbox>
	</object>
	<object>
		<name>Heat Stress</name>
		<pose>Unspecified</pose>
		<truncated>1</truncated>
		<difficult>0</difficult>
		<bndbox>
			<xmin>123.33333333333334</xmin>
			<ymin>128.5</ymin>
			<xmax>182.5</xmax>
			<ymax>223.5</ymax>
		</bndbox>
	</object>
	<object>
		<name>Heat Stress</name>
		<pose>Unspecified</pose>
		<truncated>1</truncated>
		<difficult>0</difficult>
		<bndbox>
			<xmin>200.83333333333334</xmin>
			<ymin>156.0</ymin>
			<xmax>315.0</xmax>
			<ymax>244.33333333333337</ymax>
		</bndbox>
	</object>
	<object>
		<name>Heat Stress</name>
		<pose>Unspecified</pose>
		<truncated>1</truncated>
		<difficult>0</difficult>
		<bndbox>
			<xmin>250.83333333333334</xmin>
			<ymin>87.66666666666667</ymin>
			<xmax>315.0</xmax>
			<ymax>189.33333333333334</ymax>
		</bndbox>
	</object>
	<object>
		<name>Others</name>
		<pose>Unspecified</pose>
		<truncated>1</truncated>
		<difficult>0</difficult>
		<bndbox>
			<xmin>196.66666666666669</xmin>
			<ymin>4.333333333333336</ymin>
			<xmax>274.1666666666667</xmax>
			<ymax>156.0</ymax>
		</bndbox>
	</object>
	<object>
		<name>Others</name>
		<pose>Unspecified</pose>
		<truncated>1</truncated>
		<difficult>0</difficult>
		<bndbox>
			<xmin>288.33333333333337</xmin>
			<ymin>1.0</ymin>
			<xmax>351.6666666666667</xmax>
			<ymax>132.66666666666669</ymax>
		</bndbox>
	</object>
	<object>
		<name>Drinking</name>
		<pose>Unspecified</pose>
		<truncated>1</truncated>
		<difficult>0</difficult>
		<bndbox>
			<xmin>375.0</xmin>
			<ymin>15.166666666666671</ymin>
			<xmax>525.0</xmax>
			<ymax>77.66666666666667</ymax>
		</bndbox>
	</object>
	<object>
		<name>Drinking</name>
		<pose>Unspecified</pose>
		<truncated>1</truncated>
		<difficult>0</difficult>
		<bndbox>
			<xmin>674.1666666666667</xmin>
			<ymin>6.833333333333336</ymin>
			<xmax>825.0</xmax>
			<ymax>86.83333333333334</ymax>
		</bndbox>
	</object>
	<object>
		<name>Others</name>
		<pose>Unspecified</pose>
		<truncated>1</truncated>
		<difficult>0</difficult>
		<bndbox>
			<xmin>853.3333333333334</xmin>
			<ymin>0.16666666666666785</ymin>
			<xmax>925.8333333333334</xmax>
			<ymax>146.83333333333334</ymax>
		</bndbox>
	</object>
	<object>
		<name>Others</name>
		<pose>Unspecified</pose>
		<truncated>1</truncated>
		<difficult>0</difficult>
		<bndbox>
			<xmin>616.6666666666667</xmin>
			<ymin>81.0</ymin>
			<xmax>735.0</xmax>
			<ymax>216.83333333333334</ymax>
		</bndbox>
	</object>
	<object>
		<name>Others</name>
		<pose>Unspecified</pose>
		<truncated>1</truncated>
		<difficult>0</difficult>
		<bndbox>
			<xmin>420.83333333333337</xmin>
			<ymin>110.16666666666669</ymin>
			<xmax>588.3333333333334</xmax>
			<ymax>197.66666666666669</ymax>
		</bndbox>
	</object>
	<object>
		<name>Others</name>
		<pose>Unspecified</pose>
		<truncated>1</truncated>
		<difficult>0</difficult>
		<bndbox>
			<xmin>423.33333333333337</xmin>
			<ymin>161.83333333333334</ymin>
			<xmax>564.1666666666667</xmax>
			<ymax>273.5</ymax>
		</bndbox>
	</object>
	<object>
		<name>Others</name>
		<pose>Unspecified</pose>
		<truncated>1</truncated>
		<difficult>0</difficult>
		<bndbox>
			<xmin>389.1666666666667</xmin>
			<ymin>72.66666666666667</ymin>
			<xmax>461.6666666666667</xmax>
			<ymax>187.66666666666669</ymax>
		</bndbox>
	</object>
	<object>
		<name>Heat Stress</name>
		<pose>Unspecified</pose>
		<truncated>1</truncated>
		<difficult>0</difficult>
		<bndbox>
			<xmin>730.0</xmin>
			<ymin>107.66666666666667</ymin>
			<xmax>821.6666666666667</xmax>
			<ymax>261.0</ymax>
		</bndbox>
	</object>
	<object>
		<name>Others</name>
		<pose>Unspecified</pose>
		<truncated>1</truncated>
		<difficult>0</difficult>
		<bndbox>
			<xmin>836.6666666666667</xmin>
			<ymin>131.83333333333334</ymin>
			<xmax>955.0</xmax>
			<ymax>246.0</ymax>
		</bndbox>
	</object>
</annotation>