<annotation>
	<folder>UAV_data</folder>
	<filename>:\ssss\zuizhong\201907261520002831.174.9.jpg</filename>
	<source>
		<database>The UAV autolanding</database>
		<annotation>UAV AutoLanding</annotation>
		<image>flickr</image>
		<flickrid>NULL</flickrid>
	</source>
	<owner>
		<flickrid>NULL</flickrid>
		<name>ChaojieZhu</name>
	</owner>
	<size>
		<width>1280</width>
		<height>720</height>
		<depth>3</depth>
	</size>
		<segmented>0</segmented>
	<object>
		<name>Heat Stress</name>
		<pose>Unspecified</pose>
		<truncated>1</truncated>
		<difficult>0</difficult>
		<bndbox>
			<xmin>840.0</xmin>
			<ymin>556.8333333333334</ymin>
			<xmax>910.8333333333334</xmax>
			<ymax>680.1666666666667</ymax>
		</bndbox>
	</object>
	<object>
		<name>Eating</name>
		<pose>Unspecified</pose>
		<truncated>1</truncated>
		<difficult>0</difficult>
		<bndbox>
			<xmin>596.7479674796748</xmin>
			<ymin>538.479674796748</ymin>
			<xmax>761.7886178861788</xmax>
			<ymax>640.9186991869918</ymax>
		</bndbox>
	</object>
	<object>
		<name>Heat Stress</name>
		<pose>Unspecified</pose>
		<truncated>1</truncated>
		<difficult>0</difficult>
		<bndbox>
			<xmin>785.0</xmin>
			<ymin>360.1666666666667</ymin>
			<xmax>903.2520325203252</xmax>
			<ymax>510.8373983739838</ymax>
		</bndbox>
	</object>
	<object>
		<name>Others</name>
		<pose>Unspecified</pose>
		<truncated>1</truncated>
		<difficult>0</difficult>
		<bndbox>
			<xmin>633.3333333333334</xmin>
			<ymin>262.6666666666667</ymin>
			<xmax>705.8333333333334</xmax>
			<ymax>441.0</ymax>
		</bndbox>
	</object>
	<object>
		<name>Others</name>
		<pose>Unspecified</pose>
		<truncated>1</truncated>
		<difficult>0</difficult>
		<bndbox>
			<xmin>542.5</xmin>
			<ymin>296.83333333333337</ymin>
			<xmax>639.1666666666667</xmax>
			<ymax>409.33333333333337</ymax>
		</bndbox>
	</object>
	<object>
		<name>Heat Stress</name>
		<pose>Unspecified</pose>
		<truncated>1</truncated>
		<difficult>0</difficult>
		<bndbox>
			<xmin>354.1666666666667</xmin>
			<ymin>328.5</ymin>
			<xmax>509.1666666666667</xmax>
			<ymax>420.1666666666667</ymax>
		</bndbox>
	</object>
	<object>
		<name>Heat Stress</name>
		<pose>Unspecified</pose>
		<truncated>1</truncated>
		<difficult>0</difficult>
		<bndbox>
			<xmin>400.83333333333337</xmin>
			<ymin>336.83333333333337</ymin>
			<xmax>514.1666666666667</xmax>
			<ymax>472.6666666666667</ymax>
		</bndbox>
	</object>
	<object>
		<name>Eating</name>
		<pose>Unspecified</pose>
		<truncated>1</truncated>
		<difficult>0</difficult>
		<bndbox>
			<xmin>270.83333333333337</xmin>
			<ymin>395.1666666666667</ymin>
			<xmax>413.8211382113821</xmax>
			<ymax>522.219512195122</ymax>
		</bndbox>
	</object>
	<object>
		<name>Heat Stress</name>
		<pose>Unspecified</pose>
		<truncated>1</truncated>
		<difficult>0</difficult>
		<bndbox>
			<xmin>219.16666666666669</xmin>
			<ymin>591.8333333333334</ymin>
			<xmax>355.83333333333337</xmax>
			<ymax>671.0</ymax>
		</bndbox>
	</object>
	<object>
		<name>Heat Stress</name>
		<pose>Unspecified</pose>
		<truncated>1</truncated>
		<difficult>0</difficult>
		<bndbox>
			<xmin>461.5447154471545</xmin>
			<ymin>556.8536585365854</ymin>
			<xmax>555.8780487804878</xmax>
			<ymax>718.1869918699186</ymax>
		</bndbox>
	</object>
	<object>
		<name>Heat Stress</name>
		<pose>Unspecified</pose>
		<truncated>1</truncated>
		<difficult>0</difficult>
		<bndbox>
			<xmin>128.33333333333334</xmin>
			<ymin>399.33333333333337</ymin>
			<xmax>255.83333333333334</xmax>
			<ymax>483.5</ymax>
		</bndbox>
	</object>
	<object>
		<name>Others</name>
		<pose>Unspecified</pose>
		<truncated>1</truncated>
		<difficult>0</difficult>
		<bndbox>
			<xmin>107.5</xmin>
			<ymin>286.83333333333337</ymin>
			<xmax>211.66666666666669</xmax>
			<ymax>366.0</ymax>
		</bndbox>
	</object>
	<object>
		<name>Others</name>
		<pose>Unspecified</pose>
		<truncated>1</truncated>
		<difficult>0</difficult>
		<bndbox>
			<xmin>125.0</xmin>
			<ymin>552.6666666666667</ymin>
			<xmax>194.16666666666669</xmax>
			<ymax>681.0</ymax>
		</bndbox>
	</object>
	<object>
		<name>Others</name>
		<pose>Unspecified</pose>
		<truncated>1</truncated>
		<difficult>0</difficult>
		<bndbox>
			<xmin>796.6666666666667</xmin>
			<ymin>276.0</ymin>
			<xmax>953.3333333333334</xmax>
			<ymax>376.83333333333337</ymax>
		</bndbox>
	</object>
	<object>
		<name>Others</name>
		<pose>Unspecified</pose>
		<truncated>1</truncated>
		<difficult>0</difficult>
		<bndbox>
			<xmin>825.8333333333334</xmin>
			<ymin>116.83333333333334</ymin>
			<xmax>938.3333333333334</xmax>
			<ymax>236.0</ymax>
		</bndbox>
	</object>
	<object>
		<name>Others</name>
		<pose>Unspecified</pose>
		<truncated>1</truncated>
		<difficult>0</difficult>
		<bndbox>
			<xmin>840.8333333333334</xmin>
			<ymin>30.16666666666667</ymin>
			<xmax>939.1666666666667</xmax>
			<ymax>118.5</ymax>
		</bndbox>
	</object>
	<object>
		<name>Drinking</name>
		<pose>Unspecified</pose>
		<truncated>1</truncated>
		<difficult>0</difficult>
		<bndbox>
			<xmin>781.6666666666667</xmin>
			<ymin>18.5</ymin>
			<xmax>872.5</xmax>
			<ymax>139.33333333333334</ymax>
		</bndbox>
	</object>
	<object>
		<name>Others</name>
		<pose>Unspecified</pose>
		<truncated>1</truncated>
		<difficult>0</difficult>
		<bndbox>
			<xmin>692.5</xmin>
			<ymin>73.5</ymin>
			<xmax>810.0</xmax>
			<ymax>173.5</ymax>
		</bndbox>
	</object>
	<object>
		<name>Heat Stress</name>
		<pose>Unspecified</pose>
		<truncated>1</truncated>
		<difficult>0</difficult>
		<bndbox>
			<xmin>695.0</xmin>
			<ymin>146.0</ymin>
			<xmax>774.1666666666667</xmax>
			<ymax>317.6666666666667</ymax>
		</bndbox>
	</object>
	<object>
		<name>Heat Stress</name>
		<pose>Unspecified</pose>
		<truncated>1</truncated>
		<difficult>0</difficult>
		<bndbox>
			<xmin>610.8333333333334</xmin>
			<ymin>96.0</ymin>
			<xmax>699.1666666666667</xmax>
			<ymax>226.0</ymax>
		</bndbox>
	</object>
	<object>
		<name>Drinking</name>
		<pose>Unspecified</pose>
		<truncated>1</truncated>
		<difficult>0</difficult>
		<bndbox>
			<xmin>551.6666666666667</xmin>
			<ymin>70.16666666666667</ymin>
			<xmax>614.1666666666667</xmax>
			<ymax>263.5</ymax>
		</bndbox>
	</object>
	<object>
		<name>Drinking</name>
		<pose>Unspecified</pose>
		<truncated>1</truncated>
		<difficult>0</difficult>
		<bndbox>
			<xmin>437.5</xmin>
			<ymin>72.66666666666667</ymin>
			<xmax>597.5609756097562</xmax>
			<ymax>171.8130081300813</ymax>
		</bndbox>
	</object>
	<object>
		<name>Drinking</name>
		<pose>Unspecified</pose>
		<truncated>1</truncated>
		<difficult>0</difficult>
		<bndbox>
			<xmin>406.6666666666667</xmin>
			<ymin>5.166666666666668</ymin>
			<xmax>482.5</xmax>
			<ymax>149.33333333333334</ymax>
		</bndbox>
	</object>
	<object>
		<name>Drinking</name>
		<pose>Unspecified</pose>
		<truncated>1</truncated>
		<difficult>0</difficult>
		<bndbox>
			<xmin>364.1666666666667</xmin>
			<ymin>81.83333333333334</ymin>
			<xmax>440.0</xmax>
			<ymax>217.66666666666669</ymax>
		</bndbox>
	</object>
	<object>
		<name>Others</name>
		<pose>Unspecified</pose>
		<truncated>1</truncated>
		<difficult>0</difficult>
		<bndbox>
			<xmin>420.83333333333337</xmin>
			<ymin>193.5</ymin>
			<xmax>548.3333333333334</xmax>
			<ymax>311.83333333333337</ymax>
		</bndbox>
	</object>
	<object>
		<name>Others</name>
		<pose>Unspecified</pose>
		<truncated>1</truncated>
		<difficult>0</difficult>
		<bndbox>
			<xmin>289.0243902439025</xmin>
			<ymin>181.83333333333334</ymin>
			<xmax>400.0</xmax>
			<ymax>284.0081300813008</ymax>
		</bndbox>
	</object>
	<object>
		<name>Others</name>
		<pose>Unspecified</pose>
		<truncated>1</truncated>
		<difficult>0</difficult>
		<bndbox>
			<xmin>285.0</xmin>
			<ymin>3.5</ymin>
			<xmax>343.9024390243903</xmax>
			<ymax>123.03252032520325</ymax>
		</bndbox>
	</object>
	<object>
		<name>Others</name>
		<pose>Unspecified</pose>
		<truncated>1</truncated>
		<difficult>0</difficult>
		<bndbox>
			<xmin>182.5</xmin>
			<ymin>8.5</ymin>
			<xmax>306.6666666666667</xmax>
			<ymax>96.0</ymax>
		</bndbox>
	</object>
	<object>
		<name>Others</name>
		<pose>Unspecified</pose>
		<truncated>1</truncated>
		<difficult>0</difficult>
		<bndbox>
			<xmin>203.33333333333334</xmin>
			<ymin>101.83333333333334</ymin>
			<xmax>289.1666666666667</xmax>
			<ymax>234.33333333333334</ymax>
		</bndbox>
	</object>
	<object>
		<name>Others</name>
		<pose>Unspecified</pose>
		<truncated>1</truncated>
		<difficult>0</difficult>
		<bndbox>
			<xmin>115.0</xmin>
			<ymin>31.0</ymin>
			<xmax>208.33333333333334</xmax>
			<ymax>127.66666666666669</ymax>
		</bndbox>
	</object>
	<object>
		<name>Others</name>
		<pose>Unspecified</pose>
		<truncated>1</truncated>
		<difficult>0</difficult>
		<bndbox>
			<xmin>97.3780487804878</xmin>
			<ymin>123.31707317073173</ymin>
			<xmax>163.41463414634146</xmax>
			<ymax>244.1707317073171</ymax>
		</bndbox>
	</object>
	<object>
		<name>Others</name>
		<pose>Unspecified</pose>
		<truncated>1</truncated>
		<difficult>0</difficult>
		<bndbox>
			<xmin>163.27235772357724</xmin>
			<ymin>164.35365853658539</ymin>
			<xmax>232.4390243902439</xmax>
			<ymax>252.6869918699187</ymax>
		</bndbox>
	</object>
	<object>
		<name>Heat Stress</name>
		<pose>Unspecified</pose>
		<truncated>1</truncated>
		<difficult>0</difficult>
		<bndbox>
			<xmin>256.0975609756098</xmin>
			<ymin>107.58536585365854</ymin>
			<xmax>352.0325203252033</xmax>
			<ymax>178.3170731707317</ymax>
		</bndbox>
	</object>
</annotation>