<annotation>
	<folder>UAV_data</folder>
	<filename>:\ssss\zuizhong\201907250700005230.582.8.jpg</filename>
	<source>
		<database>The UAV autolanding</database>
		<annotation>UAV AutoLanding</annotation>
		<image>flickr</image>
		<flickrid>NULL</flickrid>
	</source>
	<owner>
		<flickrid>NULL</flickrid>
		<name>ChaojieZhu</name>
	</owner>
	<size>
		<width>1280</width>
		<height>720</height>
		<depth>3</depth>
	</size>
		<segmented>0</segmented>
	<object>
		<name>Eating</name>
		<pose>Unspecified</pose>
		<truncated>1</truncated>
		<difficult>0</difficult>
		<bndbox>
			<xmin>824.390243902439</xmin>
			<ymin>515.7154471544716</ymin>
			<xmax>927.5</xmax>
			<ymax>625.1666666666667</ymax>
		</bndbox>
	</object>
	<object>
		<name>Eating</name>
		<pose>Unspecified</pose>
		<truncated>1</truncated>
		<difficult>0</difficult>
		<bndbox>
			<xmin>275.0</xmin>
			<ymin>582.6666666666667</ymin>
			<xmax>390.83333333333337</xmax>
			<ymax>656.8333333333334</ymax>
		</bndbox>
	</object>
	<object>
		<name>Eating</name>
		<pose>Unspecified</pose>
		<truncated>1</truncated>
		<difficult>0</difficult>
		<bndbox>
			<xmin>565.0</xmin>
			<ymin>481.0</ymin>
			<xmax>763.4146341463414</xmax>
			<ymax>564.4959349593496</ymax>
		</bndbox>
	</object>
	<object>
		<name>Others</name>
		<pose>Unspecified</pose>
		<truncated>1</truncated>
		<difficult>0</difficult>
		<bndbox>
			<xmin>597.5</xmin>
			<ymin>380.1666666666667</ymin>
			<xmax>691.6666666666667</xmax>
			<ymax>520.1666666666667</ymax>
		</bndbox>
	</object>
	<object>
		<name>Others</name>
		<pose>Unspecified</pose>
		<truncated>1</truncated>
		<difficult>0</difficult>
		<bndbox>
			<xmin>572.5</xmin>
			<ymin>552.6666666666667</ymin>
			<xmax>712.5</xmax>
			<ymax>658.5</ymax>
		</bndbox>
	</object>
	<object>
		<name>Heat Stress</name>
		<pose>Unspecified</pose>
		<truncated>1</truncated>
		<difficult>0</difficult>
		<bndbox>
			<xmin>220.0</xmin>
			<ymin>491.0</ymin>
			<xmax>307.5</xmax>
			<ymax>639.3333333333334</ymax>
		</bndbox>
	</object>
	<object>
		<name>Others</name>
		<pose>Unspecified</pose>
		<truncated>1</truncated>
		<difficult>0</difficult>
		<bndbox>
			<xmin>122.5</xmin>
			<ymin>388.5</ymin>
			<xmax>235.0</xmax>
			<ymax>461.0</ymax>
		</bndbox>
	</object>
	<object>
		<name>Others</name>
		<pose>Unspecified</pose>
		<truncated>1</truncated>
		<difficult>0</difficult>
		<bndbox>
			<xmin>119.16666666666667</xmin>
			<ymin>463.5</ymin>
			<xmax>200.0</xmax>
			<ymax>588.5</ymax>
		</bndbox>
	</object>
	<object>
		<name>Others</name>
		<pose>Unspecified</pose>
		<truncated>1</truncated>
		<difficult>0</difficult>
		<bndbox>
			<xmin>130.83333333333334</xmin>
			<ymin>580.1666666666667</ymin>
			<xmax>240.0</xmax>
			<ymax>646.0</ymax>
		</bndbox>
	</object>
	<object>
		<name>Others</name>
		<pose>Unspecified</pose>
		<truncated>1</truncated>
		<difficult>0</difficult>
		<bndbox>
			<xmin>105.0</xmin>
			<ymin>541.0</ymin>
			<xmax>196.66666666666669</xmax>
			<ymax>656.0</ymax>
		</bndbox>
	</object>
	<object>
		<name>Others</name>
		<pose>Unspecified</pose>
		<truncated>1</truncated>
		<difficult>0</difficult>
		<bndbox>
			<xmin>701.6666666666667</xmin>
			<ymin>283.5</ymin>
			<xmax>825.8333333333334</xmax>
			<ymax>401.0</ymax>
		</bndbox>
	</object>
	<object>
		<name>Heat Stress</name>
		<pose>Unspecified</pose>
		<truncated>1</truncated>
		<difficult>0</difficult>
		<bndbox>
			<xmin>789.1666666666667</xmin>
			<ymin>158.5</ymin>
			<xmax>861.6666666666667</xmax>
			<ymax>297.6666666666667</ymax>
		</bndbox>
	</object>
	<object>
		<name>Others</name>
		<pose>Unspecified</pose>
		<truncated>1</truncated>
		<difficult>0</difficult>
		<bndbox>
			<xmin>505.0</xmin>
			<ymin>208.5</ymin>
			<xmax>595.0</xmax>
			<ymax>347.6666666666667</ymax>
		</bndbox>
	</object>
	<object>
		<name>Heat Stress</name>
		<pose>Unspecified</pose>
		<truncated>1</truncated>
		<difficult>0</difficult>
		<bndbox>
			<xmin>576.6666666666667</xmin>
			<ymin>134.33333333333334</ymin>
			<xmax>691.6666666666667</xmax>
			<ymax>291.0</ymax>
		</bndbox>
	</object>
	<object>
		<name>Drinking</name>
		<pose>Unspecified</pose>
		<truncated>1</truncated>
		<difficult>0</difficult>
		<bndbox>
			<xmin>717.5</xmin>
			<ymin>88.5</ymin>
			<xmax>796.6666666666667</xmax>
			<ymax>238.5</ymax>
		</bndbox>
	</object>
	<object>
		<name>Others</name>
		<pose>Unspecified</pose>
		<truncated>1</truncated>
		<difficult>0</difficult>
		<bndbox>
			<xmin>693.3739837398374</xmin>
			<ymin>11.58943089430894</ymin>
			<xmax>786.178861788618</xmax>
			<ymax>75.0650406504065</ymax>
		</bndbox>
	</object>
	<object>
		<name>Drinking</name>
		<pose>Unspecified</pose>
		<truncated>1</truncated>
		<difficult>0</difficult>
		<bndbox>
			<xmin>400.0</xmin>
			<ymin>76.83333333333334</ymin>
			<xmax>506.6666666666667</xmax>
			<ymax>218.5</ymax>
		</bndbox>
	</object>
	<object>
		<name>Drinking</name>
		<pose>Unspecified</pose>
		<truncated>1</truncated>
		<difficult>0</difficult>
		<bndbox>
			<xmin>476.6666666666667</xmin>
			<ymin>83.5</ymin>
			<xmax>598.3333333333334</xmax>
			<ymax>216.83333333333334</ymax>
		</bndbox>
	</object>
	<object>
		<name>Others</name>
		<pose>Unspecified</pose>
		<truncated>1</truncated>
		<difficult>0</difficult>
		<bndbox>
			<xmin>575.0</xmin>
			<ymin>96.0</ymin>
			<xmax>684.1666666666667</xmax>
			<ymax>177.66666666666669</ymax>
		</bndbox>
	</object>
	<object>
		<name>Heat Stress</name>
		<pose>Unspecified</pose>
		<truncated>1</truncated>
		<difficult>0</difficult>
		<bndbox>
			<xmin>320.0</xmin>
			<ymin>151.0</ymin>
			<xmax>408.33333333333337</xmax>
			<ymax>320.1666666666667</ymax>
		</bndbox>
	</object>
	<object>
		<name>Others</name>
		<pose>Unspecified</pose>
		<truncated>1</truncated>
		<difficult>0</difficult>
		<bndbox>
			<xmin>339.1666666666667</xmin>
			<ymin>76.0</ymin>
			<xmax>431.6666666666667</xmax>
			<ymax>191.83333333333334</ymax>
		</bndbox>
	</object>
	<object>
		<name>Others</name>
		<pose>Unspecified</pose>
		<truncated>1</truncated>
		<difficult>0</difficult>
		<bndbox>
			<xmin>356.0975609756098</xmin>
			<ymin>13.27642276422764</ymin>
			<xmax>502.5</xmax>
			<ymax>61.83333333333334</ymax>
		</bndbox>
	</object>
	<object>
		<name>Others</name>
		<pose>Unspecified</pose>
		<truncated>1</truncated>
		<difficult>0</difficult>
		<bndbox>
			<xmin>268.33333333333337</xmin>
			<ymin>56.83333333333334</ymin>
			<xmax>404.1666666666667</xmax>
			<ymax>117.66666666666669</ymax>
		</bndbox>
	</object>
	<object>
		<name>Others</name>
		<pose>Unspecified</pose>
		<truncated>1</truncated>
		<difficult>0</difficult>
		<bndbox>
			<xmin>95.0</xmin>
			<ymin>243.5</ymin>
			<xmax>158.33333333333334</xmax>
			<ymax>392.6666666666667</ymax>
		</bndbox>
	</object>
	<object>
		<name>Others</name>
		<pose>Unspecified</pose>
		<truncated>1</truncated>
		<difficult>0</difficult>
		<bndbox>
			<xmin>113.33333333333334</xmin>
			<ymin>221.0</ymin>
			<xmax>245.83333333333334</xmax>
			<ymax>286.83333333333337</ymax>
		</bndbox>
	</object>
	<object>
		<name>Others</name>
		<pose>Unspecified</pose>
		<truncated>1</truncated>
		<difficult>0</difficult>
		<bndbox>
			<xmin>118.33333333333334</xmin>
			<ymin>143.5</ymin>
			<xmax>242.5</xmax>
			<ymax>224.33333333333334</ymax>
		</bndbox>
	</object>
	<object>
		<name>Others</name>
		<pose>Unspecified</pose>
		<truncated>1</truncated>
		<difficult>0</difficult>
		<bndbox>
			<xmin>221.4430894308943</xmin>
			<ymin>85.85772357723577</ymin>
			<xmax>313.8211382113821</xmax>
			<ymax>238.479674796748</ymax>
		</bndbox>
	</object>
	<object>
		<name>Heat Stress</name>
		<pose>Unspecified</pose>
		<truncated>1</truncated>
		<difficult>0</difficult>
		<bndbox>
			<xmin>202.520325203252</xmin>
			<ymin>37.6869918699187</ymin>
			<xmax>301.6869918699187</xmax>
			<ymax>140.1869918699187</ymax>
		</bndbox>
	</object>
	<object>
		<name>Others</name>
		<pose>Unspecified</pose>
		<truncated>1</truncated>
		<difficult>0</difficult>
		<bndbox>
			<xmin>134.16666666666669</xmin>
			<ymin>14.333333333333336</ymin>
			<xmax>218.33333333333334</xmax>
			<ymax>103.5</ymax>
		</bndbox>
	</object>
	<object>
		<name>Others</name>
		<pose>Unspecified</pose>
		<truncated>1</truncated>
		<difficult>0</difficult>
		<bndbox>
			<xmin>193.33333333333334</xmin>
			<ymin>9.333333333333336</ymin>
			<xmax>273.33333333333337</xmax>
			<ymax>128.5</ymax>
		</bndbox>
	</object>
</annotation>