<annotation>
	<folder>UAV_data</folder>
	<filename>:\ssss\zuizhong\201907271156002532.780.8.jpg</filename>
	<source>
		<database>The UAV autolanding</database>
		<annotation>UAV AutoLanding</annotation>
		<image>flickr</image>
		<flickrid>NULL</flickrid>
	</source>
	<owner>
		<flickrid>NULL</flickrid>
		<name>ChaojieZhu</name>
	</owner>
	<size>
		<width>1280</width>
		<height>720</height>
		<depth>3</depth>
	</size>
		<segmented>0</segmented>
	<object>
		<name>Heat Stress</name>
		<pose>Unspecified</pose>
		<truncated>1</truncated>
		<difficult>0</difficult>
		<bndbox>
			<xmin>812.5</xmin>
			<ymin>314.33333333333337</ymin>
			<xmax>905.8333333333334</xmax>
			<ymax>446.0</ymax>
		</bndbox>
	</object>
	<object>
		<name>Heat Stress</name>
		<pose>Unspecified</pose>
		<truncated>1</truncated>
		<difficult>0</difficult>
		<bndbox>
			<xmin>909.1666666666667</xmin>
			<ymin>343.5</ymin>
			<xmax>978.3333333333334</xmax>
			<ymax>470.1666666666667</ymax>
		</bndbox>
	</object>
	<object>
		<name>Others</name>
		<pose>Unspecified</pose>
		<truncated>1</truncated>
		<difficult>0</difficult>
		<bndbox>
			<xmin>1013.3333333333334</xmin>
			<ymin>205.16666666666669</ymin>
			<xmax>1097.5</xmax>
			<ymax>299.33333333333337</ymax>
		</bndbox>
	</object>
	<object>
		<name>Others</name>
		<pose>Unspecified</pose>
		<truncated>1</truncated>
		<difficult>0</difficult>
		<bndbox>
			<xmin>915.8333333333334</xmin>
			<ymin>12.666666666666668</ymin>
			<xmax>983.3333333333334</xmax>
			<ymax>161.83333333333334</ymax>
		</bndbox>
	</object>
	<object>
		<name>Others</name>
		<pose>Unspecified</pose>
		<truncated>1</truncated>
		<difficult>0</difficult>
		<bndbox>
			<xmin>637.5</xmin>
			<ymin>146.83333333333334</ymin>
			<xmax>805.0</xmax>
			<ymax>221.83333333333334</ymax>
		</bndbox>
	</object>
	<object>
		<name>Heat Stress</name>
		<pose>Unspecified</pose>
		<truncated>1</truncated>
		<difficult>0</difficult>
		<bndbox>
			<xmin>558.3333333333334</xmin>
			<ymin>258.5</ymin>
			<xmax>670.0</xmax>
			<ymax>413.5</ymax>
		</bndbox>
	</object>
	<object>
		<name>Heat Stress</name>
		<pose>Unspecified</pose>
		<truncated>1</truncated>
		<difficult>0</difficult>
		<bndbox>
			<xmin>400.83333333333337</xmin>
			<ymin>346.83333333333337</ymin>
			<xmax>512.5</xmax>
			<ymax>486.0</ymax>
		</bndbox>
	</object>
	<object>
		<name>Heat Stress</name>
		<pose>Unspecified</pose>
		<truncated>1</truncated>
		<difficult>0</difficult>
		<bndbox>
			<xmin>467.5</xmin>
			<ymin>177.66666666666669</ymin>
			<xmax>550.0</xmax>
			<ymax>335.1666666666667</ymax>
		</bndbox>
	</object>
	<object>
		<name>Others</name>
		<pose>Unspecified</pose>
		<truncated>1</truncated>
		<difficult>0</difficult>
		<bndbox>
			<xmin>506.6666666666667</xmin>
			<ymin>96.83333333333334</ymin>
			<xmax>680.8333333333334</xmax>
			<ymax>189.33333333333334</ymax>
		</bndbox>
	</object>
	<object>
		<name>Drinking</name>
		<pose>Unspecified</pose>
		<truncated>1</truncated>
		<difficult>0</difficult>
		<bndbox>
			<xmin>669.1666666666667</xmin>
			<ymin>12.666666666666668</ymin>
			<xmax>773.3333333333334</xmax>
			<ymax>154.33333333333334</ymax>
		</bndbox>
	</object>
	<object>
		<name>Others</name>
		<pose>Unspecified</pose>
		<truncated>1</truncated>
		<difficult>0</difficult>
		<bndbox>
			<xmin>763.3333333333334</xmin>
			<ymin>30.16666666666667</ymin>
			<xmax>876.6666666666667</xmax>
			<ymax>106.0</ymax>
		</bndbox>
	</object>
	<object>
		<name>Others</name>
		<pose>Unspecified</pose>
		<truncated>1</truncated>
		<difficult>0</difficult>
		<bndbox>
			<xmin>492.5</xmin>
			<ymin>26.0</ymin>
			<xmax>590.0</xmax>
			<ymax>148.5</ymax>
		</bndbox>
	</object>
	<object>
		<name>Others</name>
		<pose>Unspecified</pose>
		<truncated>1</truncated>
		<difficult>0</difficult>
		<bndbox>
			<xmin>403.33333333333337</xmin>
			<ymin>4.333333333333336</ymin>
			<xmax>541.6666666666667</xmax>
			<ymax>64.33333333333334</ymax>
		</bndbox>
	</object>
	<object>
		<name>Others</name>
		<pose>Unspecified</pose>
		<truncated>1</truncated>
		<difficult>0</difficult>
		<bndbox>
			<xmin>288.33333333333337</xmin>
			<ymin>21.833333333333336</ymin>
			<xmax>380.0</xmax>
			<ymax>191.0</ymax>
		</bndbox>
	</object>
	<object>
		<name>Others</name>
		<pose>Unspecified</pose>
		<truncated>1</truncated>
		<difficult>0</difficult>
		<bndbox>
			<xmin>397.5</xmin>
			<ymin>60.16666666666667</ymin>
			<xmax>500.83333333333337</xmax>
			<ymax>200.16666666666669</ymax>
		</bndbox>
	</object>
	<object>
		<name>Heat Stress</name>
		<pose>Unspecified</pose>
		<truncated>1</truncated>
		<difficult>0</difficult>
		<bndbox>
			<xmin>214.16666666666669</xmin>
			<ymin>246.83333333333337</ymin>
			<xmax>310.0</xmax>
			<ymax>388.5</ymax>
		</bndbox>
	</object>
	<object>
		<name>Heat Stress</name>
		<pose>Unspecified</pose>
		<truncated>1</truncated>
		<difficult>0</difficult>
		<bndbox>
			<xmin>111.66666666666667</xmin>
			<ymin>331.83333333333337</ymin>
			<xmax>230.0</xmax>
			<ymax>424.33333333333337</ymax>
		</bndbox>
	</object>
	<object>
		<name>Eating</name>
		<pose>Unspecified</pose>
		<truncated>1</truncated>
		<difficult>0</difficult>
		<bndbox>
			<xmin>208.33333333333334</xmin>
			<ymin>489.33333333333337</ymin>
			<xmax>352.8455284552846</xmax>
			<ymax>566.7479674796748</ymax>
		</bndbox>
	</object>
	<object>
		<name>Heat Stress</name>
		<pose>Unspecified</pose>
		<truncated>1</truncated>
		<difficult>0</difficult>
		<bndbox>
			<xmin>89.16666666666667</xmin>
			<ymin>436.0</ymin>
			<xmax>178.33333333333334</xmax>
			<ymax>522.6666666666667</ymax>
		</bndbox>
	</object>
	<object>
		<name>Others</name>
		<pose>Unspecified</pose>
		<truncated>1</truncated>
		<difficult>0</difficult>
		<bndbox>
			<xmin>145.83333333333334</xmin>
			<ymin>544.3333333333334</ymin>
			<xmax>258.33333333333337</xmax>
			<ymax>629.3333333333334</ymax>
		</bndbox>
	</object>
	<object>
		<name>Heat Stress</name>
		<pose>Unspecified</pose>
		<truncated>1</truncated>
		<difficult>0</difficult>
		<bndbox>
			<xmin>112.5</xmin>
			<ymin>579.3333333333334</ymin>
			<xmax>220.83333333333334</xmax>
			<ymax>683.5</ymax>
		</bndbox>
	</object>
	<object>
		<name>Others</name>
		<pose>Unspecified</pose>
		<truncated>1</truncated>
		<difficult>0</difficult>
		<bndbox>
			<xmin>76.66666666666667</xmin>
			<ymin>280.1666666666667</ymin>
			<xmax>148.33333333333334</xmax>
			<ymax>401.0</ymax>
		</bndbox>
	</object>
	<object>
		<name>Others</name>
		<pose>Unspecified</pose>
		<truncated>1</truncated>
		<difficult>0</difficult>
		<bndbox>
			<xmin>77.5</xmin>
			<ymin>186.83333333333334</ymin>
			<xmax>141.66666666666669</xmax>
			<ymax>327.6666666666667</ymax>
		</bndbox>
	</object>
	<object>
		<name>Others</name>
		<pose>Unspecified</pose>
		<truncated>1</truncated>
		<difficult>0</difficult>
		<bndbox>
			<xmin>126.66666666666667</xmin>
			<ymin>159.33333333333334</ymin>
			<xmax>221.66666666666669</xmax>
			<ymax>304.33333333333337</ymax>
		</bndbox>
	</object>
	<object>
		<name>Others</name>
		<pose>Unspecified</pose>
		<truncated>1</truncated>
		<difficult>0</difficult>
		<bndbox>
			<xmin>155.0</xmin>
			<ymin>86.83333333333334</ymin>
			<xmax>257.5</xmax>
			<ymax>152.66666666666669</ymax>
		</bndbox>
	</object>
	<object>
		<name>Others</name>
		<pose>Unspecified</pose>
		<truncated>1</truncated>
		<difficult>0</difficult>
		<bndbox>
			<xmin>182.5</xmin>
			<ymin>16.833333333333336</ymin>
			<xmax>295.83333333333337</xmax>
			<ymax>85.16666666666667</ymax>
		</bndbox>
	</object>
	<object>
		<name>Others</name>
		<pose>Unspecified</pose>
		<truncated>1</truncated>
		<difficult>0</difficult>
		<bndbox>
			<xmin>113.33333333333334</xmin>
			<ymin>48.5</ymin>
			<xmax>216.66666666666669</xmax>
			<ymax>116.0</ymax>
		</bndbox>
	</object>
	<object>
		<name>Others</name>
		<pose>Unspecified</pose>
		<truncated>1</truncated>
		<difficult>0</difficult>
		<bndbox>
			<xmin>115.0</xmin>
			<ymin>16.833333333333336</ymin>
			<xmax>190.83333333333334</xmax>
			<ymax>103.5</ymax>
		</bndbox>
	</object>
	<object>
		<name>Others</name>
		<pose>Unspecified</pose>
		<truncated>1</truncated>
		<difficult>0</difficult>
		<bndbox>
			<xmin>101.66666666666667</xmin>
			<ymin>118.5</ymin>
			<xmax>175.0</xmax>
			<ymax>231.0</ymax>
		</bndbox>
	</object>
</annotation>