<annotation>
	<folder>UAV_data</folder>
	<filename>:\ssss\zuizhong\201907271156004632.780.5.jpg</filename>
	<source>
		<database>The UAV autolanding</database>
		<annotation>UAV AutoLanding</annotation>
		<image>flickr</image>
		<flickrid>NULL</flickrid>
	</source>
	<owner>
		<flickrid>NULL</flickrid>
		<name>ChaojieZhu</name>
	</owner>
	<size>
		<width>1280</width>
		<height>720</height>
		<depth>3</depth>
	</size>
		<segmented>0</segmented>
	<object>
		<name>Eating</name>
		<pose>Unspecified</pose>
		<truncated>1</truncated>
		<difficult>0</difficult>
		<bndbox>
			<xmin>620.0</xmin>
			<ymin>391.83333333333337</ymin>
			<xmax>785.8333333333334</xmax>
			<ymax>518.5</ymax>
		</bndbox>
	</object>
	<object>
		<name>Eating</name>
		<pose>Unspecified</pose>
		<truncated>1</truncated>
		<difficult>0</difficult>
		<bndbox>
			<xmin>215.0</xmin>
			<ymin>496.0</ymin>
			<xmax>342.5</xmax>
			<ymax>564.3333333333334</ymax>
		</bndbox>
	</object>
	<object>
		<name>Heat Stress</name>
		<pose>Unspecified</pose>
		<truncated>1</truncated>
		<difficult>0</difficult>
		<bndbox>
			<xmin>112.5</xmin>
			<ymin>575.1666666666667</ymin>
			<xmax>222.5</xmax>
			<ymax>684.3333333333334</ymax>
		</bndbox>
	</object>
	<object>
		<name>Heat Stress</name>
		<pose>Unspecified</pose>
		<truncated>1</truncated>
		<difficult>0</difficult>
		<bndbox>
			<xmin>100.0</xmin>
			<ymin>490.1666666666667</ymin>
			<xmax>202.5</xmax>
			<ymax>577.6666666666667</ymax>
		</bndbox>
	</object>
	<object>
		<name>Others</name>
		<pose>Unspecified</pose>
		<truncated>1</truncated>
		<difficult>0</difficult>
		<bndbox>
			<xmin>89.16666666666667</xmin>
			<ymin>446.0</ymin>
			<xmax>188.33333333333334</xmax>
			<ymax>521.0</ymax>
		</bndbox>
	</object>
	<object>
		<name>Others</name>
		<pose>Unspecified</pose>
		<truncated>1</truncated>
		<difficult>0</difficult>
		<bndbox>
			<xmin>71.66666666666667</xmin>
			<ymin>392.6666666666667</ymin>
			<xmax>167.5</xmax>
			<ymax>485.1666666666667</ymax>
		</bndbox>
	</object>
	<object>
		<name>Others</name>
		<pose>Unspecified</pose>
		<truncated>1</truncated>
		<difficult>0</difficult>
		<bndbox>
			<xmin>211.66666666666669</xmin>
			<ymin>271.0</ymin>
			<xmax>309.1666666666667</xmax>
			<ymax>384.33333333333337</ymax>
		</bndbox>
	</object>
	<object>
		<name>Heat Stress</name>
		<pose>Unspecified</pose>
		<truncated>1</truncated>
		<difficult>0</difficult>
		<bndbox>
			<xmin>320.0</xmin>
			<ymin>221.0</ymin>
			<xmax>462.5</xmax>
			<ymax>376.83333333333337</ymax>
		</bndbox>
	</object>
	<object>
		<name>Others</name>
		<pose>Unspecified</pose>
		<truncated>1</truncated>
		<difficult>0</difficult>
		<bndbox>
			<xmin>112.5</xmin>
			<ymin>332.6666666666667</ymin>
			<xmax>227.5</xmax>
			<ymax>418.5</ymax>
		</bndbox>
	</object>
	<object>
		<name>Others</name>
		<pose>Unspecified</pose>
		<truncated>1</truncated>
		<difficult>0</difficult>
		<bndbox>
			<xmin>79.16666666666667</xmin>
			<ymin>211.83333333333334</ymin>
			<xmax>150.83333333333334</xmax>
			<ymax>341.83333333333337</ymax>
		</bndbox>
	</object>
	<object>
		<name>Others</name>
		<pose>Unspecified</pose>
		<truncated>1</truncated>
		<difficult>0</difficult>
		<bndbox>
			<xmin>80.0</xmin>
			<ymin>126.83333333333334</ymin>
			<xmax>142.5</xmax>
			<ymax>241.0</ymax>
		</bndbox>
	</object>
	<object>
		<name>Others</name>
		<pose>Unspecified</pose>
		<truncated>1</truncated>
		<difficult>0</difficult>
		<bndbox>
			<xmin>70.0</xmin>
			<ymin>203.5</ymin>
			<xmax>129.16666666666669</xmax>
			<ymax>321.0</ymax>
		</bndbox>
	</object>
	<object>
		<name>Others</name>
		<pose>Unspecified</pose>
		<truncated>1</truncated>
		<difficult>0</difficult>
		<bndbox>
			<xmin>96.66666666666667</xmin>
			<ymin>63.5</ymin>
			<xmax>166.66666666666669</xmax>
			<ymax>161.0</ymax>
		</bndbox>
	</object>
	<object>
		<name>Heat Stress</name>
		<pose>Unspecified</pose>
		<truncated>1</truncated>
		<difficult>0</difficult>
		<bndbox>
			<xmin>158.33333333333334</xmin>
			<ymin>76.83333333333334</ymin>
			<xmax>245.83333333333334</xmax>
			<ymax>194.33333333333334</ymax>
		</bndbox>
	</object>
	<object>
		<name>Others</name>
		<pose>Unspecified</pose>
		<truncated>1</truncated>
		<difficult>0</difficult>
		<bndbox>
			<xmin>193.33333333333334</xmin>
			<ymin>1.0</ymin>
			<xmax>293.33333333333337</xmax>
			<ymax>91.0</ymax>
		</bndbox>
	</object>
	<object>
		<name>Others</name>
		<pose>Unspecified</pose>
		<truncated>1</truncated>
		<difficult>0</difficult>
		<bndbox>
			<xmin>116.66666666666667</xmin>
			<ymin>47.66666666666667</ymin>
			<xmax>215.0</xmax>
			<ymax>110.16666666666669</ymax>
		</bndbox>
	</object>
	<object>
		<name>Heat Stress</name>
		<pose>Unspecified</pose>
		<truncated>1</truncated>
		<difficult>0</difficult>
		<bndbox>
			<xmin>284.1666666666667</xmin>
			<ymin>66.0</ymin>
			<xmax>358.33333333333337</xmax>
			<ymax>178.5</ymax>
		</bndbox>
	</object>
	<object>
		<name>Heat Stress</name>
		<pose>Unspecified</pose>
		<truncated>1</truncated>
		<difficult>0</difficult>
		<bndbox>
			<xmin>332.5</xmin>
			<ymin>102.66666666666667</ymin>
			<xmax>444.1666666666667</xmax>
			<ymax>218.5</ymax>
		</bndbox>
	</object>
	<object>
		<name>Drinking</name>
		<pose>Unspecified</pose>
		<truncated>1</truncated>
		<difficult>0</difficult>
		<bndbox>
			<xmin>378.8617886178862</xmin>
			<ymin>80.56910569105692</ymin>
			<xmax>480.83333333333337</xmax>
			<ymax>167.66666666666669</ymax>
		</bndbox>
	</object>
	<object>
		<name>Heat Stress</name>
		<pose>Unspecified</pose>
		<truncated>1</truncated>
		<difficult>0</difficult>
		<bndbox>
			<xmin>470.0</xmin>
			<ymin>91.83333333333334</ymin>
			<xmax>571.6666666666667</xmax>
			<ymax>265.1666666666667</ymax>
		</bndbox>
	</object>
	<object>
		<name>Others</name>
		<pose>Unspecified</pose>
		<truncated>1</truncated>
		<difficult>0</difficult>
		<bndbox>
			<xmin>576.6666666666667</xmin>
			<ymin>76.83333333333334</ymin>
			<xmax>650.0</xmax>
			<ymax>242.66666666666669</ymax>
		</bndbox>
	</object>
	<object>
		<name>Others</name>
		<pose>Unspecified</pose>
		<truncated>1</truncated>
		<difficult>0</difficult>
		<bndbox>
			<xmin>638.3333333333334</xmin>
			<ymin>132.66666666666669</ymin>
			<xmax>803.3333333333334</xmax>
			<ymax>221.0</ymax>
		</bndbox>
	</object>
	<object>
		<name>Heat Stress</name>
		<pose>Unspecified</pose>
		<truncated>1</truncated>
		<difficult>0</difficult>
		<bndbox>
			<xmin>813.3333333333334</xmin>
			<ymin>316.83333333333337</ymin>
			<xmax>898.3333333333334</xmax>
			<ymax>481.0</ymax>
		</bndbox>
	</object>
	<object>
		<name>Heat Stress</name>
		<pose>Unspecified</pose>
		<truncated>1</truncated>
		<difficult>0</difficult>
		<bndbox>
			<xmin>911.6666666666667</xmin>
			<ymin>344.33333333333337</ymin>
			<xmax>987.5</xmax>
			<ymax>473.5</ymax>
		</bndbox>
	</object>
	<object>
		<name>Others</name>
		<pose>Unspecified</pose>
		<truncated>1</truncated>
		<difficult>0</difficult>
		<bndbox>
			<xmin>1000.0</xmin>
			<ymin>253.5</ymin>
			<xmax>1090.0</xmax>
			<ymax>381.0</ymax>
		</bndbox>
	</object>
	<object>
		<name>Others</name>
		<pose>Unspecified</pose>
		<truncated>1</truncated>
		<difficult>0</difficult>
		<bndbox>
			<xmin>915.8333333333334</xmin>
			<ymin>55.16666666666667</ymin>
			<xmax>980.8333333333334</xmax>
			<ymax>160.16666666666669</ymax>
		</bndbox>
	</object>
	<object>
		<name>Others</name>
		<pose>Unspecified</pose>
		<truncated>1</truncated>
		<difficult>0</difficult>
		<bndbox>
			<xmin>768.3333333333334</xmin>
			<ymin>21.0</ymin>
			<xmax>878.3333333333334</xmax>
			<ymax>100.16666666666667</ymax>
		</bndbox>
	</object>
	<object>
		<name>Others</name>
		<pose>Unspecified</pose>
		<truncated>1</truncated>
		<difficult>0</difficult>
		<bndbox>
			<xmin>705.8333333333334</xmin>
			<ymin>11.0</ymin>
			<xmax>772.5</xmax>
			<ymax>114.33333333333334</ymax>
		</bndbox>
	</object>
	<object>
		<name>Others</name>
		<pose>Unspecified</pose>
		<truncated>1</truncated>
		<difficult>0</difficult>
		<bndbox>
			<xmin>493.33333333333337</xmin>
			<ymin>16.0</ymin>
			<xmax>584.1666666666667</xmax>
			<ymax>128.5</ymax>
		</bndbox>
	</object>
	<object>
		<name>Others</name>
		<pose>Unspecified</pose>
		<truncated>1</truncated>
		<difficult>0</difficult>
		<bndbox>
			<xmin>415.0</xmin>
			<ymin>1.0</ymin>
			<xmax>535.8333333333334</xmax>
			<ymax>80.16666666666667</ymax>
		</bndbox>
	</object>
</annotation>