<annotation>
	<folder>UAV_data</folder>
	<filename>:\ssss\zuizhong\201907271156001832.780.8.jpg</filename>
	<source>
		<database>The UAV autolanding</database>
		<annotation>UAV AutoLanding</annotation>
		<image>flickr</image>
		<flickrid>NULL</flickrid>
	</source>
	<owner>
		<flickrid>NULL</flickrid>
		<name>ChaojieZhu</name>
	</owner>
	<size>
		<width>1280</width>
		<height>720</height>
		<depth>3</depth>
	</size>
		<segmented>0</segmented>
	<object>
		<name>Heat Stress</name>
		<pose>Unspecified</pose>
		<truncated>1</truncated>
		<difficult>0</difficult>
		<bndbox>
			<xmin>911.6666666666667</xmin>
			<ymin>345.1666666666667</ymin>
			<xmax>984.1666666666667</xmax>
			<ymax>470.1666666666667</ymax>
		</bndbox>
	</object>
	<object>
		<name>Heat Stress</name>
		<pose>Unspecified</pose>
		<truncated>1</truncated>
		<difficult>0</difficult>
		<bndbox>
			<xmin>870.8333333333334</xmin>
			<ymin>226.83333333333334</ymin>
			<xmax>953.3333333333334</xmax>
			<ymax>388.5</ymax>
		</bndbox>
	</object>
	<object>
		<name>Others</name>
		<pose>Unspecified</pose>
		<truncated>1</truncated>
		<difficult>0</difficult>
		<bndbox>
			<xmin>1015.8333333333334</xmin>
			<ymin>206.0</ymin>
			<xmax>1082.5</xmax>
			<ymax>306.83333333333337</ymax>
		</bndbox>
	</object>
	<object>
		<name>Others</name>
		<pose>Unspecified</pose>
		<truncated>1</truncated>
		<difficult>0</difficult>
		<bndbox>
			<xmin>914.1666666666667</xmin>
			<ymin>10.166666666666668</ymin>
			<xmax>984.1666666666667</xmax>
			<ymax>166.0</ymax>
		</bndbox>
	</object>
	<object>
		<name>Others</name>
		<pose>Unspecified</pose>
		<truncated>1</truncated>
		<difficult>0</difficult>
		<bndbox>
			<xmin>647.5</xmin>
			<ymin>126.0</ymin>
			<xmax>825.0</xmax>
			<ymax>213.5</ymax>
		</bndbox>
	</object>
	<object>
		<name>Others</name>
		<pose>Unspecified</pose>
		<truncated>1</truncated>
		<difficult>0</difficult>
		<bndbox>
			<xmin>593.3333333333334</xmin>
			<ymin>198.5</ymin>
			<xmax>742.5</xmax>
			<ymax>296.0</ymax>
		</bndbox>
	</object>
	<object>
		<name>Others</name>
		<pose>Unspecified</pose>
		<truncated>1</truncated>
		<difficult>0</difficult>
		<bndbox>
			<xmin>484.1666666666667</xmin>
			<ymin>186.0</ymin>
			<xmax>581.6666666666667</xmax>
			<ymax>316.0</ymax>
		</bndbox>
	</object>
	<object>
		<name>Others</name>
		<pose>Unspecified</pose>
		<truncated>1</truncated>
		<difficult>0</difficult>
		<bndbox>
			<xmin>514.1666666666667</xmin>
			<ymin>68.5</ymin>
			<xmax>605.8333333333334</xmax>
			<ymax>185.16666666666669</ymax>
		</bndbox>
	</object>
	<object>
		<name>Others</name>
		<pose>Unspecified</pose>
		<truncated>1</truncated>
		<difficult>0</difficult>
		<bndbox>
			<xmin>615.0</xmin>
			<ymin>71.0</ymin>
			<xmax>724.1666666666667</xmax>
			<ymax>153.5</ymax>
		</bndbox>
	</object>
	<object>
		<name>Others</name>
		<pose>Unspecified</pose>
		<truncated>1</truncated>
		<difficult>0</difficult>
		<bndbox>
			<xmin>695.8333333333334</xmin>
			<ymin>8.5</ymin>
			<xmax>765.0</xmax>
			<ymax>148.5</ymax>
		</bndbox>
	</object>
	<object>
		<name>Others</name>
		<pose>Unspecified</pose>
		<truncated>1</truncated>
		<difficult>0</difficult>
		<bndbox>
			<xmin>774.1666666666667</xmin>
			<ymin>35.16666666666667</ymin>
			<xmax>879.1666666666667</xmax>
			<ymax>105.16666666666667</ymax>
		</bndbox>
	</object>
	<object>
		<name>Others</name>
		<pose>Unspecified</pose>
		<truncated>1</truncated>
		<difficult>0</difficult>
		<bndbox>
			<xmin>425.0</xmin>
			<ymin>1.0</ymin>
			<xmax>560.0</xmax>
			<ymax>61.83333333333334</ymax>
		</bndbox>
	</object>
	<object>
		<name>Heat Stress</name>
		<pose>Unspecified</pose>
		<truncated>1</truncated>
		<difficult>0</difficult>
		<bndbox>
			<xmin>393.33333333333337</xmin>
			<ymin>91.0</ymin>
			<xmax>507.5</xmax>
			<ymax>208.5</ymax>
		</bndbox>
	</object>
	<object>
		<name>Others</name>
		<pose>Unspecified</pose>
		<truncated>1</truncated>
		<difficult>0</difficult>
		<bndbox>
			<xmin>293.3536585365854</xmin>
			<ymin>26.040650406504085</ymin>
			<xmax>366.6869918699187</xmax>
			<ymax>190.2073170731708</ymax>
		</bndbox>
	</object>
	<object>
		<name>Others</name>
		<pose>Unspecified</pose>
		<truncated>1</truncated>
		<difficult>0</difficult>
		<bndbox>
			<xmin>186.66666666666669</xmin>
			<ymin>19.333333333333336</ymin>
			<xmax>300.83333333333337</xmax>
			<ymax>86.83333333333334</ymax>
		</bndbox>
	</object>
	<object>
		<name>Others</name>
		<pose>Unspecified</pose>
		<truncated>1</truncated>
		<difficult>0</difficult>
		<bndbox>
			<xmin>110.0</xmin>
			<ymin>46.83333333333334</ymin>
			<xmax>216.66666666666669</xmax>
			<ymax>116.83333333333334</ymax>
		</bndbox>
	</object>
	<object>
		<name>Others</name>
		<pose>Unspecified</pose>
		<truncated>1</truncated>
		<difficult>0</difficult>
		<bndbox>
			<xmin>92.5</xmin>
			<ymin>129.33333333333334</ymin>
			<xmax>182.5</xmax>
			<ymax>213.5</ymax>
		</bndbox>
	</object>
	<object>
		<name>Others</name>
		<pose>Unspecified</pose>
		<truncated>1</truncated>
		<difficult>0</difficult>
		<bndbox>
			<xmin>161.66666666666669</xmin>
			<ymin>74.33333333333334</ymin>
			<xmax>282.5</xmax>
			<ymax>167.66666666666669</ymax>
		</bndbox>
	</object>
	<object>
		<name>Others</name>
		<pose>Unspecified</pose>
		<truncated>1</truncated>
		<difficult>0</difficult>
		<bndbox>
			<xmin>155.83333333333334</xmin>
			<ymin>129.33333333333334</ymin>
			<xmax>221.66666666666669</xmax>
			<ymax>316.83333333333337</ymax>
		</bndbox>
	</object>
	<object>
		<name>Others</name>
		<pose>Unspecified</pose>
		<truncated>1</truncated>
		<difficult>0</difficult>
		<bndbox>
			<xmin>205.0</xmin>
			<ymin>260.1666666666667</ymin>
			<xmax>311.6666666666667</xmax>
			<ymax>373.5</ymax>
		</bndbox>
	</object>
	<object>
		<name>Others</name>
		<pose>Unspecified</pose>
		<truncated>1</truncated>
		<difficult>0</difficult>
		<bndbox>
			<xmin>126.66666666666667</xmin>
			<ymin>339.33333333333337</ymin>
			<xmax>224.16666666666669</xmax>
			<ymax>421.83333333333337</ymax>
		</bndbox>
	</object>
	<object>
		<name>Heat Stress</name>
		<pose>Unspecified</pose>
		<truncated>1</truncated>
		<difficult>0</difficult>
		<bndbox>
			<xmin>409.1666666666667</xmin>
			<ymin>366.0</ymin>
			<xmax>523.3333333333334</xmax>
			<ymax>509.33333333333337</ymax>
		</bndbox>
	</object>
	<object>
		<name>Eating</name>
		<pose>Unspecified</pose>
		<truncated>1</truncated>
		<difficult>0</difficult>
		<bndbox>
			<xmin>205.83333333333334</xmin>
			<ymin>491.0</ymin>
			<xmax>350.83333333333337</xmax>
			<ymax>563.5</ymax>
		</bndbox>
	</object>
	<object>
		<name>Heat Stress</name>
		<pose>Unspecified</pose>
		<truncated>1</truncated>
		<difficult>0</difficult>
		<bndbox>
			<xmin>90.83333333333334</xmin>
			<ymin>438.5</ymin>
			<xmax>179.16666666666669</xmax>
			<ymax>519.3333333333334</ymax>
		</bndbox>
	</object>
	<object>
		<name>Others</name>
		<pose>Unspecified</pose>
		<truncated>1</truncated>
		<difficult>0</difficult>
		<bndbox>
			<xmin>153.33333333333334</xmin>
			<ymin>555.1666666666667</ymin>
			<xmax>275.83333333333337</xmax>
			<ymax>644.3333333333334</ymax>
		</bndbox>
	</object>
	<object>
		<name>Heat Stress</name>
		<pose>Unspecified</pose>
		<truncated>1</truncated>
		<difficult>0</difficult>
		<bndbox>
			<xmin>120.0</xmin>
			<ymin>578.5</ymin>
			<xmax>219.16666666666669</xmax>
			<ymax>682.6666666666667</ymax>
		</bndbox>
	</object>
	<object>
		<name>Others</name>
		<pose>Unspecified</pose>
		<truncated>1</truncated>
		<difficult>0</difficult>
		<bndbox>
			<xmin>80.83333333333334</xmin>
			<ymin>276.0</ymin>
			<xmax>150.83333333333334</xmax>
			<ymax>398.5</ymax>
		</bndbox>
	</object>
	<object>
		<name>Others</name>
		<pose>Unspecified</pose>
		<truncated>1</truncated>
		<difficult>0</difficult>
		<bndbox>
			<xmin>72.5</xmin>
			<ymin>205.16666666666669</ymin>
			<xmax>140.0</xmax>
			<ymax>330.1666666666667</ymax>
		</bndbox>
	</object>
</annotation>