<annotation>
	<folder>UAV_data</folder>
	<filename>:\ssss\zuizhong\201907261520024130.975.8.jpg</filename>
	<source>
		<database>The UAV autolanding</database>
		<annotation>UAV AutoLanding</annotation>
		<image>flickr</image>
		<flickrid>NULL</flickrid>
	</source>
	<owner>
		<flickrid>NULL</flickrid>
		<name>ChaojieZhu</name>
	</owner>
	<size>
		<width>1280</width>
		<height>720</height>
		<depth>3</depth>
	</size>
		<segmented>0</segmented>
	<object>
		<name>Heat Stress</name>
		<pose>Unspecified</pose>
		<truncated>1</truncated>
		<difficult>0</difficult>
		<bndbox>
			<xmin>845.5</xmin>
			<ymin>551.6666666666667</ymin>
			<xmax>916.3333333333334</xmax>
			<ymax>660.8333333333334</ymax>
		</bndbox>
	</object>
	<object>
		<name>Heat Stress</name>
		<pose>Unspecified</pose>
		<truncated>1</truncated>
		<difficult>0</difficult>
		<bndbox>
			<xmin>871.3333333333334</xmin>
			<ymin>415.83333333333337</ymin>
			<xmax>948.8333333333334</xmax>
			<ymax>559.1666666666667</ymax>
		</bndbox>
	</object>
	<object>
		<name>Heat Stress</name>
		<pose>Unspecified</pose>
		<truncated>1</truncated>
		<difficult>0</difficult>
		<bndbox>
			<xmin>803.8333333333334</xmin>
			<ymin>321.6666666666667</ymin>
			<xmax>948.8333333333334</xmax>
			<ymax>422.5</ymax>
		</bndbox>
	</object>
	<object>
		<name>Heat Stress</name>
		<pose>Unspecified</pose>
		<truncated>1</truncated>
		<difficult>0</difficult>
		<bndbox>
			<xmin>715.5</xmin>
			<ymin>365.83333333333337</ymin>
			<xmax>838.8333333333334</xmax>
			<ymax>460.83333333333337</ymax>
		</bndbox>
	</object>
	<object>
		<name>Others</name>
		<pose>Unspecified</pose>
		<truncated>1</truncated>
		<difficult>0</difficult>
		<bndbox>
			<xmin>597.1666666666667</xmin>
			<ymin>233.33333333333337</ymin>
			<xmax>722.1666666666667</xmax>
			<ymax>370.0</ymax>
		</bndbox>
	</object>
	<object>
		<name>Others</name>
		<pose>Unspecified</pose>
		<truncated>1</truncated>
		<difficult>0</difficult>
		<bndbox>
			<xmin>512.1666666666667</xmin>
			<ymin>335.0</ymin>
			<xmax>638.8333333333334</xmax>
			<ymax>446.6666666666667</ymax>
		</bndbox>
	</object>
	<object>
		<name>Others</name>
		<pose>Unspecified</pose>
		<truncated>1</truncated>
		<difficult>0</difficult>
		<bndbox>
			<xmin>417.1666666666667</xmin>
			<ymin>402.479674796748</ymin>
			<xmax>549.6666666666667</xmax>
			<ymax>519.1463414634147</ymax>
		</bndbox>
	</object>
	<object>
		<name>Heat Stress</name>
		<pose>Unspecified</pose>
		<truncated>1</truncated>
		<difficult>0</difficult>
		<bndbox>
			<xmin>431.33333333333337</xmin>
			<ymin>503.33333333333337</ymin>
			<xmax>590.5</xmax>
			<ymax>595.0</ymax>
		</bndbox>
	</object>
	<object>
		<name>Others</name>
		<pose>Unspecified</pose>
		<truncated>1</truncated>
		<difficult>0</difficult>
		<bndbox>
			<xmin>524.6666666666667</xmin>
			<ymin>640.0</ymin>
			<xmax>674.0</xmax>
			<ymax>719.0</ymax>
		</bndbox>
	</object>
	<object>
		<name>Eating</name>
		<pose>Unspecified</pose>
		<truncated>1</truncated>
		<difficult>0</difficult>
		<bndbox>
			<xmin>185.5</xmin>
			<ymin>440.0</ymin>
			<xmax>349.6666666666667</xmax>
			<ymax>544.1666666666667</ymax>
		</bndbox>
	</object>
	<object>
		<name>Heat Stress</name>
		<pose>Unspecified</pose>
		<truncated>1</truncated>
		<difficult>0</difficult>
		<bndbox>
			<xmin>246.33333333333334</xmin>
			<ymin>572.5</ymin>
			<xmax>358.0</xmax>
			<ymax>670.8333333333334</ymax>
		</bndbox>
	</object>
	<object>
		<name>Heat Stress</name>
		<pose>Unspecified</pose>
		<truncated>1</truncated>
		<difficult>0</difficult>
		<bndbox>
			<xmin>172.16666666666669</xmin>
			<ymin>425.0</ymin>
			<xmax>238.83333333333334</xmax>
			<ymax>552.5</ymax>
		</bndbox>
	</object>
	<object>
		<name>Others</name>
		<pose>Unspecified</pose>
		<truncated>1</truncated>
		<difficult>0</difficult>
		<bndbox>
			<xmin>336.33333333333337</xmin>
			<ymin>255.0</ymin>
			<xmax>408.83333333333337</xmax>
			<ymax>350.0</ymax>
		</bndbox>
	</object>
	<object>
		<name>Others</name>
		<pose>Unspecified</pose>
		<truncated>1</truncated>
		<difficult>0</difficult>
		<bndbox>
			<xmin>382.1463414634147</xmin>
			<ymin>262.5</ymin>
			<xmax>468.8130081300813</xmax>
			<ymax>431.6666666666667</ymax>
		</bndbox>
	</object>
	<object>
		<name>Others</name>
		<pose>Unspecified</pose>
		<truncated>1</truncated>
		<difficult>0</difficult>
		<bndbox>
			<xmin>364.6666666666667</xmin>
			<ymin>355.83333333333337</ymin>
			<xmax>450.5</xmax>
			<ymax>459.1666666666667</ymax>
		</bndbox>
	</object>
	<object>
		<name>Others</name>
		<pose>Unspecified</pose>
		<truncated>1</truncated>
		<difficult>0</difficult>
		<bndbox>
			<xmin>255.5</xmin>
			<ymin>240.83333333333337</ymin>
			<xmax>333.83333333333337</xmax>
			<ymax>365.83333333333337</ymax>
		</bndbox>
	</object>
	<object>
		<name>Heat Stress</name>
		<pose>Unspecified</pose>
		<truncated>1</truncated>
		<difficult>0</difficult>
		<bndbox>
			<xmin>255.5</xmin>
			<ymin>165.0</ymin>
			<xmax>321.33333333333337</xmax>
			<ymax>289.1666666666667</ymax>
		</bndbox>
	</object>
	<object>
		<name>Heat Stress</name>
		<pose>Unspecified</pose>
		<truncated>1</truncated>
		<difficult>0</difficult>
		<bndbox>
			<xmin>253.83333333333334</xmin>
			<ymin>95.0</ymin>
			<xmax>326.33333333333337</xmax>
			<ymax>208.33333333333334</ymax>
		</bndbox>
	</object>
	<object>
		<name>Others</name>
		<pose>Unspecified</pose>
		<truncated>1</truncated>
		<difficult>0</difficult>
		<bndbox>
			<xmin>188.0</xmin>
			<ymin>44.16666666666667</ymin>
			<xmax>285.5</xmax>
			<ymax>115.83333333333334</ymax>
		</bndbox>
	</object>
	<object>
		<name>Heat Stress</name>
		<pose>Unspecified</pose>
		<truncated>1</truncated>
		<difficult>0</difficult>
		<bndbox>
			<xmin>119.66666666666667</xmin>
			<ymin>74.16666666666667</ymin>
			<xmax>181.33333333333334</xmax>
			<ymax>190.83333333333334</ymax>
		</bndbox>
	</object>
	<object>
		<name>Heat Stress</name>
		<pose>Unspecified</pose>
		<truncated>1</truncated>
		<difficult>0</difficult>
		<bndbox>
			<xmin>120.5</xmin>
			<ymin>115.83333333333334</ymin>
			<xmax>184.66666666666669</xmax>
			<ymax>223.33333333333334</ymax>
		</bndbox>
	</object>
	<object>
		<name>Heat Stress</name>
		<pose>Unspecified</pose>
		<truncated>1</truncated>
		<difficult>0</difficult>
		<bndbox>
			<xmin>111.33333333333334</xmin>
			<ymin>212.5</ymin>
			<xmax>169.66666666666669</xmax>
			<ymax>291.6666666666667</ymax>
		</bndbox>
	</object>
	<object>
		<name>Others</name>
		<pose>Unspecified</pose>
		<truncated>1</truncated>
		<difficult>0</difficult>
		<bndbox>
			<xmin>150.5</xmin>
			<ymin>202.5</ymin>
			<xmax>240.5</xmax>
			<ymax>345.0</ymax>
		</bndbox>
	</object>
	<object>
		<name>Others</name>
		<pose>Unspecified</pose>
		<truncated>1</truncated>
		<difficult>0</difficult>
		<bndbox>
			<xmin>329.6666666666667</xmin>
			<ymin>115.83333333333334</ymin>
			<xmax>399.6666666666667</xmax>
			<ymax>243.33333333333337</ymax>
		</bndbox>
	</object>
	<object>
		<name>Heat Stress</name>
		<pose>Unspecified</pose>
		<truncated>1</truncated>
		<difficult>0</difficult>
		<bndbox>
			<xmin>416.33333333333337</xmin>
			<ymin>121.66666666666669</ymin>
			<xmax>585.5</xmax>
			<ymax>212.5</ymax>
		</bndbox>
	</object>
	<object>
		<name>Others</name>
		<pose>Unspecified</pose>
		<truncated>1</truncated>
		<difficult>0</difficult>
		<bndbox>
			<xmin>507.1666666666667</xmin>
			<ymin>48.33333333333334</ymin>
			<xmax>596.3333333333334</xmax>
			<ymax>151.66666666666669</ymax>
		</bndbox>
	</object>
	<object>
		<name>Others</name>
		<pose>Unspecified</pose>
		<truncated>1</truncated>
		<difficult>0</difficult>
		<bndbox>
			<xmin>612.1666666666667</xmin>
			<ymin>70.0</ymin>
			<xmax>724.6666666666667</xmax>
			<ymax>204.16666666666669</ymax>
		</bndbox>
	</object>
	<object>
		<name>Heat Stress</name>
		<pose>Unspecified</pose>
		<truncated>1</truncated>
		<difficult>0</difficult>
		<bndbox>
			<xmin>720.5</xmin>
			<ymin>79.16666666666667</ymin>
			<xmax>817.1666666666667</xmax>
			<ymax>257.5</ymax>
		</bndbox>
	</object>
	<object>
		<name>Heat Stress</name>
		<pose>Unspecified</pose>
		<truncated>1</truncated>
		<difficult>0</difficult>
		<bndbox>
			<xmin>811.3333333333334</xmin>
			<ymin>153.33333333333334</ymin>
			<xmax>973.8333333333334</xmax>
			<ymax>245.0</ymax>
		</bndbox>
	</object>
	<object>
		<name>Others</name>
		<pose>Unspecified</pose>
		<truncated>1</truncated>
		<difficult>0</difficult>
		<bndbox>
			<xmin>395.5</xmin>
			<ymin>9.166666666666671</ymin>
			<xmax>457.1666666666667</xmax>
			<ymax>167.5</ymax>
		</bndbox>
	</object>
	<object>
		<name>Heat Stress</name>
		<pose>Unspecified</pose>
		<truncated>1</truncated>
		<difficult>0</difficult>
		<bndbox>
			<xmin>252.16666666666669</xmin>
			<ymin>15.0</ymin>
			<xmax>370.5</xmax>
			<ymax>76.66666666666667</ymax>
		</bndbox>
	</object>
</annotation>