<annotation>
	<folder>UAV_data</folder>
	<filename>:\ssss\zuizhong\201907261520004331.175.1.jpg</filename>
	<source>
		<database>The UAV autolanding</database>
		<annotation>UAV AutoLanding</annotation>
		<image>flickr</image>
		<flickrid>NULL</flickrid>
	</source>
	<owner>
		<flickrid>NULL</flickrid>
		<name>ChaojieZhu</name>
	</owner>
	<size>
		<width>1280</width>
		<height>720</height>
		<depth>3</depth>
	</size>
		<segmented>0</segmented>
	<object>
		<name>Heat Stress</name>
		<pose>Unspecified</pose>
		<truncated>1</truncated>
		<difficult>0</difficult>
		<bndbox>
			<xmin>848.3333333333334</xmin>
			<ymin>555.1666666666667</ymin>
			<xmax>912.5</xmax>
			<ymax>667.6666666666667</ymax>
		</bndbox>
	</object>
	<object>
		<name>Heat Stress</name>
		<pose>Unspecified</pose>
		<truncated>1</truncated>
		<difficult>0</difficult>
		<bndbox>
			<xmin>773.3333333333334</xmin>
			<ymin>344.33333333333337</ymin>
			<xmax>861.6666666666667</xmax>
			<ymax>503.5</ymax>
		</bndbox>
	</object>
	<object>
		<name>Heat Stress</name>
		<pose>Unspecified</pose>
		<truncated>1</truncated>
		<difficult>0</difficult>
		<bndbox>
			<xmin>661.5853658536586</xmin>
			<ymin>400.85772357723584</ymin>
			<xmax>746.3414634146342</xmax>
			<ymax>544.170731707317</ymax>
		</bndbox>
	</object>
	<object>
		<name>Others</name>
		<pose>Unspecified</pose>
		<truncated>1</truncated>
		<difficult>0</difficult>
		<bndbox>
			<xmin>620.8333333333334</xmin>
			<ymin>269.33333333333337</ymin>
			<xmax>704.1666666666667</xmax>
			<ymax>438.5</ymax>
		</bndbox>
	</object>
	<object>
		<name>Heat Stress</name>
		<pose>Unspecified</pose>
		<truncated>1</truncated>
		<difficult>0</difficult>
		<bndbox>
			<xmin>486.6666666666667</xmin>
			<ymin>320.1666666666667</ymin>
			<xmax>607.5</xmax>
			<ymax>428.5</ymax>
		</bndbox>
	</object>
	<object>
		<name>Heat Stress</name>
		<pose>Unspecified</pose>
		<truncated>1</truncated>
		<difficult>0</difficult>
		<bndbox>
			<xmin>352.5</xmin>
			<ymin>332.6666666666667</ymin>
			<xmax>506.6666666666667</xmax>
			<ymax>416.83333333333337</ymax>
		</bndbox>
	</object>
	<object>
		<name>Heat Stress</name>
		<pose>Unspecified</pose>
		<truncated>1</truncated>
		<difficult>0</difficult>
		<bndbox>
			<xmin>423.33333333333337</xmin>
			<ymin>186.0</ymin>
			<xmax>547.5</xmax>
			<ymax>322.6666666666667</ymax>
		</bndbox>
	</object>
	<object>
		<name>Heat Stress</name>
		<pose>Unspecified</pose>
		<truncated>1</truncated>
		<difficult>0</difficult>
		<bndbox>
			<xmin>331.6666666666667</xmin>
			<ymin>240.16666666666669</ymin>
			<xmax>478.33333333333337</xmax>
			<ymax>362.6666666666667</ymax>
		</bndbox>
	</object>
	<object>
		<name>Others</name>
		<pose>Unspecified</pose>
		<truncated>1</truncated>
		<difficult>0</difficult>
		<bndbox>
			<xmin>271.6666666666667</xmin>
			<ymin>364.33333333333337</ymin>
			<xmax>383.33333333333337</xmax>
			<ymax>491.0</ymax>
		</bndbox>
	</object>
	<object>
		<name>Heat Stress</name>
		<pose>Unspecified</pose>
		<truncated>1</truncated>
		<difficult>0</difficult>
		<bndbox>
			<xmin>229.16666666666669</xmin>
			<ymin>584.3333333333334</ymin>
			<xmax>363.33333333333337</xmax>
			<ymax>667.6666666666667</ymax>
		</bndbox>
	</object>
	<object>
		<name>Others</name>
		<pose>Unspecified</pose>
		<truncated>1</truncated>
		<difficult>0</difficult>
		<bndbox>
			<xmin>353.33333333333337</xmin>
			<ymin>633.5</ymin>
			<xmax>513.3333333333334</xmax>
			<ymax>711.8333333333334</ymax>
		</bndbox>
	</object>
	<object>
		<name>Others</name>
		<pose>Unspecified</pose>
		<truncated>1</truncated>
		<difficult>0</difficult>
		<bndbox>
			<xmin>120.0</xmin>
			<ymin>550.1666666666667</ymin>
			<xmax>199.16666666666669</xmax>
			<ymax>677.6666666666667</ymax>
		</bndbox>
	</object>
	<object>
		<name>Others</name>
		<pose>Unspecified</pose>
		<truncated>1</truncated>
		<difficult>0</difficult>
		<bndbox>
			<xmin>145.83333333333334</xmin>
			<ymin>401.83333333333337</ymin>
			<xmax>238.33333333333334</xmax>
			<ymax>495.16666666666674</ymax>
		</bndbox>
	</object>
	<object>
		<name>Others</name>
		<pose>Unspecified</pose>
		<truncated>1</truncated>
		<difficult>0</difficult>
		<bndbox>
			<xmin>103.35365853658537</xmin>
			<ymin>296.0</ymin>
			<xmax>205.02032520325204</xmax>
			<ymax>370.1666666666667</ymax>
		</bndbox>
	</object>
	<object>
		<name>Heat Stress</name>
		<pose>Unspecified</pose>
		<truncated>1</truncated>
		<difficult>0</difficult>
		<bndbox>
			<xmin>231.66666666666669</xmin>
			<ymin>211.0</ymin>
			<xmax>320.83333333333337</xmax>
			<ymax>336.0</ymax>
		</bndbox>
	</object>
	<object>
		<name>Heat Stress</name>
		<pose>Unspecified</pose>
		<truncated>1</truncated>
		<difficult>0</difficult>
		<bndbox>
			<xmin>306.6666666666667</xmin>
			<ymin>184.33333333333334</ymin>
			<xmax>405.0</xmax>
			<ymax>282.6666666666667</ymax>
		</bndbox>
	</object>
	<object>
		<name>Drinking</name>
		<pose>Unspecified</pose>
		<truncated>1</truncated>
		<difficult>0</difficult>
		<bndbox>
			<xmin>371.6666666666667</xmin>
			<ymin>79.33333333333334</ymin>
			<xmax>435.0</xmax>
			<ymax>213.5</ymax>
		</bndbox>
	</object>
	<object>
		<name>Drinking</name>
		<pose>Unspecified</pose>
		<truncated>1</truncated>
		<difficult>0</difficult>
		<bndbox>
			<xmin>435.6707317073171</xmin>
			<ymin>74.27235772357724</ymin>
			<xmax>594.0040650406504</xmax>
			<ymax>165.9390243902439</ymax>
		</bndbox>
	</object>
	<object>
		<name>Drinking</name>
		<pose>Unspecified</pose>
		<truncated>1</truncated>
		<difficult>0</difficult>
		<bndbox>
			<xmin>546.6666666666666</xmin>
			<ymin>73.8048780487805</ymin>
			<xmax>615.4471544715446</xmax>
			<ymax>266.9349593495935</ymax>
		</bndbox>
	</object>
	<object>
		<name>Heat Stress</name>
		<pose>Unspecified</pose>
		<truncated>1</truncated>
		<difficult>0</difficult>
		<bndbox>
			<xmin>690.8333333333334</xmin>
			<ymin>149.33333333333334</ymin>
			<xmax>780.8333333333334</xmax>
			<ymax>326.0</ymax>
		</bndbox>
	</object>
	<object>
		<name>Heat Stress</name>
		<pose>Unspecified</pose>
		<truncated>1</truncated>
		<difficult>0</difficult>
		<bndbox>
			<xmin>780.0</xmin>
			<ymin>250.16666666666669</ymin>
			<xmax>903.3333333333334</xmax>
			<ymax>360.1666666666667</ymax>
		</bndbox>
	</object>
	<object>
		<name>Others</name>
		<pose>Unspecified</pose>
		<truncated>1</truncated>
		<difficult>0</difficult>
		<bndbox>
			<xmin>841.6666666666667</xmin>
			<ymin>96.83333333333334</ymin>
			<xmax>943.3333333333334</xmax>
			<ymax>232.66666666666669</ymax>
		</bndbox>
	</object>
	<object>
		<name>Others</name>
		<pose>Unspecified</pose>
		<truncated>1</truncated>
		<difficult>0</difficult>
		<bndbox>
			<xmin>842.5</xmin>
			<ymin>26.833333333333336</ymin>
			<xmax>955.8333333333334</xmax>
			<ymax>127.66666666666669</ymax>
		</bndbox>
	</object>
	<object>
		<name>Others</name>
		<pose>Unspecified</pose>
		<truncated>1</truncated>
		<difficult>0</difficult>
		<bndbox>
			<xmin>702.5</xmin>
			<ymin>23.5</ymin>
			<xmax>853.3333333333334</xmax>
			<ymax>86.83333333333334</ymax>
		</bndbox>
	</object>
	<object>
		<name>Others</name>
		<pose>Unspecified</pose>
		<truncated>1</truncated>
		<difficult>0</difficult>
		<bndbox>
			<xmin>691.6666666666667</xmin>
			<ymin>73.5</ymin>
			<xmax>808.3333333333334</xmax>
			<ymax>171.83333333333334</ymax>
		</bndbox>
	</object>
	<object>
		<name>Heat Stress</name>
		<pose>Unspecified</pose>
		<truncated>1</truncated>
		<difficult>0</difficult>
		<bndbox>
			<xmin>612.5</xmin>
			<ymin>95.16666666666667</ymin>
			<xmax>690.0</xmax>
			<ymax>246.0</ymax>
		</bndbox>
	</object>
	<object>
		<name>Others</name>
		<pose>Unspecified</pose>
		<truncated>1</truncated>
		<difficult>0</difficult>
		<bndbox>
			<xmin>408.33333333333337</xmin>
			<ymin>23.5</ymin>
			<xmax>475.83333333333337</xmax>
			<ymax>142.66666666666669</ymax>
		</bndbox>
	</object>
	<object>
		<name>Others</name>
		<pose>Unspecified</pose>
		<truncated>1</truncated>
		<difficult>0</difficult>
		<bndbox>
			<xmin>289.1666666666667</xmin>
			<ymin>1.8333333333333357</ymin>
			<xmax>342.5</xmax>
			<ymax>133.5</ymax>
		</bndbox>
	</object>
	<object>
		<name>Heat Stress</name>
		<pose>Unspecified</pose>
		<truncated>1</truncated>
		<difficult>0</difficult>
		<bndbox>
			<xmin>251.66666666666669</xmin>
			<ymin>114.33333333333334</ymin>
			<xmax>367.5</xmax>
			<ymax>180.16666666666669</ymax>
		</bndbox>
	</object>
	<object>
		<name>Others</name>
		<pose>Unspecified</pose>
		<truncated>1</truncated>
		<difficult>0</difficult>
		<bndbox>
			<xmin>219.16666666666669</xmin>
			<ymin>108.5</ymin>
			<xmax>291.6666666666667</xmax>
			<ymax>231.0</ymax>
		</bndbox>
	</object>
	<object>
		<name>Others</name>
		<pose>Unspecified</pose>
		<truncated>1</truncated>
		<difficult>0</difficult>
		<bndbox>
			<xmin>179.16666666666669</xmin>
			<ymin>2.666666666666668</ymin>
			<xmax>310.0</xmax>
			<ymax>90.16666666666667</ymax>
		</bndbox>
	</object>
	<object>
		<name>Others</name>
		<pose>Unspecified</pose>
		<truncated>1</truncated>
		<difficult>0</difficult>
		<bndbox>
			<xmin>121.66666666666667</xmin>
			<ymin>40.16666666666667</ymin>
			<xmax>211.66666666666669</xmax>
			<ymax>131.0</ymax>
		</bndbox>
	</object>
	<object>
		<name>Others</name>
		<pose>Unspecified</pose>
		<truncated>1</truncated>
		<difficult>0</difficult>
		<bndbox>
			<xmin>87.5</xmin>
			<ymin>116.83333333333334</ymin>
			<xmax>164.16666666666669</xmax>
			<ymax>246.0</ymax>
		</bndbox>
	</object>
</annotation>