<annotation>
	<folder>UAV_data</folder>
	<filename>:\ssss\zuizhong\201907261520011131.175.7.jpg</filename>
	<source>
		<database>The UAV autolanding</database>
		<annotation>UAV AutoLanding</annotation>
		<image>flickr</image>
		<flickrid>NULL</flickrid>
	</source>
	<owner>
		<flickrid>NULL</flickrid>
		<name>ChaojieZhu</name>
	</owner>
	<size>
		<width>1280</width>
		<height>720</height>
		<depth>3</depth>
	</size>
		<segmented>0</segmented>
	<object>
		<name>Heat Stress</name>
		<pose>Unspecified</pose>
		<truncated>1</truncated>
		<difficult>0</difficult>
		<bndbox>
			<xmin>841.6666666666667</xmin>
			<ymin>551.0</ymin>
			<xmax>915.8333333333334</xmax>
			<ymax>668.5</ymax>
		</bndbox>
	</object>
	<object>
		<name>Others</name>
		<pose>Unspecified</pose>
		<truncated>1</truncated>
		<difficult>0</difficult>
		<bndbox>
			<xmin>663.3333333333334</xmin>
			<ymin>389.33333333333337</ymin>
			<xmax>748.780487804878</xmax>
			<ymax>545.6747967479674</ymax>
		</bndbox>
	</object>
	<object>
		<name>Others</name>
		<pose>Unspecified</pose>
		<truncated>1</truncated>
		<difficult>0</difficult>
		<bndbox>
			<xmin>758.3333333333334</xmin>
			<ymin>361.83333333333337</ymin>
			<xmax>876.6666666666667</xmax>
			<ymax>471.83333333333337</ymax>
		</bndbox>
	</object>
	<object>
		<name>Heat Stress</name>
		<pose>Unspecified</pose>
		<truncated>1</truncated>
		<difficult>0</difficult>
		<bndbox>
			<xmin>837.5</xmin>
			<ymin>305.1666666666667</ymin>
			<xmax>924.1666666666667</xmax>
			<ymax>444.33333333333337</ymax>
		</bndbox>
	</object>
	<object>
		<name>Heat Stress</name>
		<pose>Unspecified</pose>
		<truncated>1</truncated>
		<difficult>0</difficult>
		<bndbox>
			<xmin>678.3333333333334</xmin>
			<ymin>251.0</ymin>
			<xmax>844.1666666666667</xmax>
			<ymax>341.0</ymax>
		</bndbox>
	</object>
	<object>
		<name>Others</name>
		<pose>Unspecified</pose>
		<truncated>1</truncated>
		<difficult>0</difficult>
		<bndbox>
			<xmin>615.0</xmin>
			<ymin>266.8536585365854</ymin>
			<xmax>700.8333333333334</xmax>
			<ymax>406.02032520325207</ymax>
		</bndbox>
	</object>
	<object>
		<name>Heat Stress</name>
		<pose>Unspecified</pose>
		<truncated>1</truncated>
		<difficult>0</difficult>
		<bndbox>
			<xmin>514.9796747967481</xmin>
			<ymin>251.83333333333337</ymin>
			<xmax>634.1463414634147</xmax>
			<ymax>339.33333333333337</ymax>
		</bndbox>
	</object>
	<object>
		<name>Heat Stress</name>
		<pose>Unspecified</pose>
		<truncated>1</truncated>
		<difficult>0</difficult>
		<bndbox>
			<xmin>414.1666666666667</xmin>
			<ymin>172.66666666666669</ymin>
			<xmax>526.6666666666667</xmax>
			<ymax>310.1666666666667</ymax>
		</bndbox>
	</object>
	<object>
		<name>Others</name>
		<pose>Unspecified</pose>
		<truncated>1</truncated>
		<difficult>0</difficult>
		<bndbox>
			<xmin>330.7723577235773</xmin>
			<ymin>239.2317073170732</ymin>
			<xmax>491.0569105691057</xmax>
			<ymax>341.609756097561</ymax>
		</bndbox>
	</object>
	<object>
		<name>Heat Stress</name>
		<pose>Unspecified</pose>
		<truncated>1</truncated>
		<difficult>0</difficult>
		<bndbox>
			<xmin>352.4186991869919</xmin>
			<ymin>330.81707317073176</ymin>
			<xmax>501.6260162601626</xmax>
			<ymax>405.0243902439025</ymax>
		</bndbox>
	</object>
	<object>
		<name>Others</name>
		<pose>Unspecified</pose>
		<truncated>1</truncated>
		<difficult>0</difficult>
		<bndbox>
			<xmin>288.33333333333337</xmin>
			<ymin>229.33333333333334</ymin>
			<xmax>380.83333333333337</xmax>
			<ymax>348.5</ymax>
		</bndbox>
	</object>
	<object>
		<name>Others</name>
		<pose>Unspecified</pose>
		<truncated>1</truncated>
		<difficult>0</difficult>
		<bndbox>
			<xmin>285.83333333333337</xmin>
			<ymin>377.6869918699187</ymin>
			<xmax>437.5</xmax>
			<ymax>483.52032520325207</ymax>
		</bndbox>
	</object>
	<object>
		<name>Others</name>
		<pose>Unspecified</pose>
		<truncated>1</truncated>
		<difficult>0</difficult>
		<bndbox>
			<xmin>275.589430894309</xmin>
			<ymin>573.418699186992</ymin>
			<xmax>406.5040650406504</xmax>
			<ymax>686.3252032520326</ymax>
		</bndbox>
	</object>
	<object>
		<name>Others</name>
		<pose>Unspecified</pose>
		<truncated>1</truncated>
		<difficult>0</difficult>
		<bndbox>
			<xmin>124.16666666666667</xmin>
			<ymin>546.0</ymin>
			<xmax>194.16666666666669</xmax>
			<ymax>670.1666666666667</ymax>
		</bndbox>
	</object>
	<object>
		<name>Others</name>
		<pose>Unspecified</pose>
		<truncated>1</truncated>
		<difficult>0</difficult>
		<bndbox>
			<xmin>115.83333333333334</xmin>
			<ymin>371.0</ymin>
			<xmax>180.83333333333334</xmax>
			<ymax>497.66666666666674</ymax>
		</bndbox>
	</object>
	<object>
		<name>Heat Stress</name>
		<pose>Unspecified</pose>
		<truncated>1</truncated>
		<difficult>0</difficult>
		<bndbox>
			<xmin>170.0</xmin>
			<ymin>261.0</ymin>
			<xmax>277.5</xmax>
			<ymax>331.83333333333337</ymax>
		</bndbox>
	</object>
	<object>
		<name>Heat Stress</name>
		<pose>Unspecified</pose>
		<truncated>1</truncated>
		<difficult>0</difficult>
		<bndbox>
			<xmin>205.83333333333334</xmin>
			<ymin>163.5</ymin>
			<xmax>290.83333333333337</xmax>
			<ymax>282.6666666666667</ymax>
		</bndbox>
	</object>
	<object>
		<name>Heat Stress</name>
		<pose>Unspecified</pose>
		<truncated>1</truncated>
		<difficult>0</difficult>
		<bndbox>
			<xmin>246.66666666666669</xmin>
			<ymin>72.66666666666667</ymin>
			<xmax>305.0</xmax>
			<ymax>194.33333333333334</ymax>
		</bndbox>
	</object>
	<object>
		<name>Others</name>
		<pose>Unspecified</pose>
		<truncated>1</truncated>
		<difficult>0</difficult>
		<bndbox>
			<xmin>287.5</xmin>
			<ymin>1.0</ymin>
			<xmax>345.83333333333337</xmax>
			<ymax>133.5</ymax>
		</bndbox>
	</object>
	<object>
		<name>Others</name>
		<pose>Unspecified</pose>
		<truncated>1</truncated>
		<difficult>0</difficult>
		<bndbox>
			<xmin>176.66666666666669</xmin>
			<ymin>12.666666666666668</ymin>
			<xmax>280.83333333333337</xmax>
			<ymax>120.16666666666669</ymax>
		</bndbox>
	</object>
	<object>
		<name>Heat Stress</name>
		<pose>Unspecified</pose>
		<truncated>1</truncated>
		<difficult>0</difficult>
		<bndbox>
			<xmin>120.83333333333334</xmin>
			<ymin>67.66666666666667</ymin>
			<xmax>178.33333333333334</xmax>
			<ymax>181.83333333333334</ymax>
		</bndbox>
	</object>
	<object>
		<name>Heat Stress</name>
		<pose>Unspecified</pose>
		<truncated>1</truncated>
		<difficult>0</difficult>
		<bndbox>
			<xmin>118.33333333333334</xmin>
			<ymin>123.5</ymin>
			<xmax>181.66666666666669</xmax>
			<ymax>229.33333333333334</ymax>
		</bndbox>
	</object>
	<object>
		<name>Others</name>
		<pose>Unspecified</pose>
		<truncated>1</truncated>
		<difficult>0</difficult>
		<bndbox>
			<xmin>70.0</xmin>
			<ymin>221.85365853658539</ymin>
			<xmax>190.83333333333334</xmax>
			<ymax>281.8536585365854</ymax>
		</bndbox>
	</object>
	<object>
		<name>Drinking</name>
		<pose>Unspecified</pose>
		<truncated>1</truncated>
		<difficult>0</difficult>
		<bndbox>
			<xmin>372.5</xmin>
			<ymin>16.0</ymin>
			<xmax>520.8333333333334</xmax>
			<ymax>78.5</ymax>
		</bndbox>
	</object>
	<object>
		<name>Others</name>
		<pose>Unspecified</pose>
		<truncated>1</truncated>
		<difficult>0</difficult>
		<bndbox>
			<xmin>344.1666666666667</xmin>
			<ymin>76.83333333333334</ymin>
			<xmax>462.5</xmax>
			<ymax>200.16666666666669</ymax>
		</bndbox>
	</object>
	<object>
		<name>Others</name>
		<pose>Unspecified</pose>
		<truncated>1</truncated>
		<difficult>0</difficult>
		<bndbox>
			<xmin>545.8333333333334</xmin>
			<ymin>96.0</ymin>
			<xmax>620.0</xmax>
			<ymax>266.83333333333337</ymax>
		</bndbox>
	</object>
	<object>
		<name>Heat Stress</name>
		<pose>Unspecified</pose>
		<truncated>1</truncated>
		<difficult>0</difficult>
		<bndbox>
			<xmin>610.0</xmin>
			<ymin>95.16666666666667</ymin>
			<xmax>720.0</xmax>
			<ymax>242.66666666666669</ymax>
		</bndbox>
	</object>
	<object>
		<name>Drinking</name>
		<pose>Unspecified</pose>
		<truncated>1</truncated>
		<difficult>0</difficult>
		<bndbox>
			<xmin>724.1666666666667</xmin>
			<ymin>76.0</ymin>
			<xmax>817.5</xmax>
			<ymax>263.5</ymax>
		</bndbox>
	</object>
	<object>
		<name>Others</name>
		<pose>Unspecified</pose>
		<truncated>1</truncated>
		<difficult>0</difficult>
		<bndbox>
			<xmin>847.5</xmin>
			<ymin>122.66666666666669</ymin>
			<xmax>953.3333333333334</xmax>
			<ymax>250.16666666666669</ymax>
		</bndbox>
	</object>
	<object>
		<name>Others</name>
		<pose>Unspecified</pose>
		<truncated>1</truncated>
		<difficult>0</difficult>
		<bndbox>
			<xmin>857.5</xmin>
			<ymin>2.666666666666668</ymin>
			<xmax>934.1666666666667</xmax>
			<ymax>147.66666666666669</ymax>
		</bndbox>
	</object>
	<object>
		<name>Others</name>
		<pose>Unspecified</pose>
		<truncated>1</truncated>
		<difficult>0</difficult>
		<bndbox>
			<xmin>683.3333333333334</xmin>
			<ymin>21.0</ymin>
			<xmax>824.1666666666667</xmax>
			<ymax>83.5</ymax>
		</bndbox>
	</object>
</annotation>