<annotation>
	<folder>UAV_data</folder>
	<filename>:\ssss\zuizhong\201907261520025830.975.6.jpg</filename>
	<source>
		<database>The UAV autolanding</database>
		<annotation>UAV AutoLanding</annotation>
		<image>flickr</image>
		<flickrid>NULL</flickrid>
	</source>
	<owner>
		<flickrid>NULL</flickrid>
		<name>ChaojieZhu</name>
	</owner>
	<size>
		<width>1280</width>
		<height>720</height>
		<depth>3</depth>
	</size>
		<segmented>0</segmented>
	<object>
		<name>Heat Stress</name>
		<pose>Unspecified</pose>
		<truncated>1</truncated>
		<difficult>0</difficult>
		<bndbox>
			<xmin>842.5</xmin>
			<ymin>555.1666666666667</ymin>
			<xmax>920.0</xmax>
			<ymax>661.8333333333334</ymax>
		</bndbox>
	</object>
	<object>
		<name>Heat Stress</name>
		<pose>Unspecified</pose>
		<truncated>1</truncated>
		<difficult>0</difficult>
		<bndbox>
			<xmin>870.0</xmin>
			<ymin>422.6666666666667</ymin>
			<xmax>942.5</xmax>
			<ymax>564.3333333333334</ymax>
		</bndbox>
	</object>
	<object>
		<name>Heat Stress</name>
		<pose>Unspecified</pose>
		<truncated>1</truncated>
		<difficult>0</difficult>
		<bndbox>
			<xmin>842.5</xmin>
			<ymin>309.33333333333337</ymin>
			<xmax>978.3333333333334</xmax>
			<ymax>411.83333333333337</ymax>
		</bndbox>
	</object>
	<object>
		<name>Heat Stress</name>
		<pose>Unspecified</pose>
		<truncated>1</truncated>
		<difficult>0</difficult>
		<bndbox>
			<xmin>698.3333333333334</xmin>
			<ymin>398.5</ymin>
			<xmax>807.5</xmax>
			<ymax>492.6666666666667</ymax>
		</bndbox>
	</object>
	<object>
		<name>Others</name>
		<pose>Unspecified</pose>
		<truncated>1</truncated>
		<difficult>0</difficult>
		<bndbox>
			<xmin>528.3333333333334</xmin>
			<ymin>631.0</ymin>
			<xmax>670.0</xmax>
			<ymax>719.0</ymax>
		</bndbox>
	</object>
	<object>
		<name>Heat Stress</name>
		<pose>Unspecified</pose>
		<truncated>1</truncated>
		<difficult>0</difficult>
		<bndbox>
			<xmin>462.5</xmin>
			<ymin>500.16666666666674</ymin>
			<xmax>563.3333333333334</xmax>
			<ymax>626.0</ymax>
		</bndbox>
	</object>
	<object>
		<name>Others</name>
		<pose>Unspecified</pose>
		<truncated>1</truncated>
		<difficult>0</difficult>
		<bndbox>
			<xmin>425.83333333333337</xmin>
			<ymin>371.83333333333337</ymin>
			<xmax>537.5</xmax>
			<ymax>500.16666666666674</ymax>
		</bndbox>
	</object>
	<object>
		<name>Others</name>
		<pose>Unspecified</pose>
		<truncated>1</truncated>
		<difficult>0</difficult>
		<bndbox>
			<xmin>501.6666666666667</xmin>
			<ymin>332.6666666666667</ymin>
			<xmax>639.1666666666667</xmax>
			<ymax>440.1666666666667</ymax>
		</bndbox>
	</object>
	<object>
		<name>Others</name>
		<pose>Unspecified</pose>
		<truncated>1</truncated>
		<difficult>0</difficult>
		<bndbox>
			<xmin>594.1666666666667</xmin>
			<ymin>241.83333333333337</ymin>
			<xmax>696.6666666666667</xmax>
			<ymax>375.1666666666667</ymax>
		</bndbox>
	</object>
	<object>
		<name>Others</name>
		<pose>Unspecified</pose>
		<truncated>1</truncated>
		<difficult>0</difficult>
		<bndbox>
			<xmin>348.33333333333337</xmin>
			<ymin>347.6666666666667</ymin>
			<xmax>430.83333333333337</xmax>
			<ymax>476.0</ymax>
		</bndbox>
	</object>
	<object>
		<name>Others</name>
		<pose>Unspecified</pose>
		<truncated>1</truncated>
		<difficult>0</difficult>
		<bndbox>
			<xmin>377.5</xmin>
			<ymin>271.83333333333337</ymin>
			<xmax>476.6666666666667</xmax>
			<ymax>431.83333333333337</ymax>
		</bndbox>
	</object>
	<object>
		<name>Eating</name>
		<pose>Unspecified</pose>
		<truncated>1</truncated>
		<difficult>0</difficult>
		<bndbox>
			<xmin>186.66666666666669</xmin>
			<ymin>437.6666666666667</ymin>
			<xmax>355.83333333333337</xmax>
			<ymax>545.1666666666667</ymax>
		</bndbox>
	</object>
	<object>
		<name>Others</name>
		<pose>Unspecified</pose>
		<truncated>1</truncated>
		<difficult>0</difficult>
		<bndbox>
			<xmin>255.0</xmin>
			<ymin>240.16666666666669</ymin>
			<xmax>351.6666666666667</xmax>
			<ymax>363.5</ymax>
		</bndbox>
	</object>
	<object>
		<name>Heat Stress</name>
		<pose>Unspecified</pose>
		<truncated>1</truncated>
		<difficult>0</difficult>
		<bndbox>
			<xmin>171.66666666666669</xmin>
			<ymin>424.33333333333337</ymin>
			<xmax>235.83333333333334</xmax>
			<ymax>556.8333333333334</ymax>
		</bndbox>
	</object>
	<object>
		<name>Heat Stress</name>
		<pose>Unspecified</pose>
		<truncated>1</truncated>
		<difficult>0</difficult>
		<bndbox>
			<xmin>218.33333333333334</xmin>
			<ymin>580.1666666666667</ymin>
			<xmax>355.83333333333337</xmax>
			<ymax>668.5</ymax>
		</bndbox>
	</object>
	<object>
		<name>Heat Stress</name>
		<pose>Unspecified</pose>
		<truncated>1</truncated>
		<difficult>0</difficult>
		<bndbox>
			<xmin>250.83333333333334</xmin>
			<ymin>171.83333333333334</ymin>
			<xmax>319.1666666666667</xmax>
			<ymax>284.33333333333337</ymax>
		</bndbox>
	</object>
	<object>
		<name>Heat Stress</name>
		<pose>Unspecified</pose>
		<truncated>1</truncated>
		<difficult>0</difficult>
		<bndbox>
			<xmin>101.66666666666667</xmin>
			<ymin>206.83333333333334</ymin>
			<xmax>245.0</xmax>
			<ymax>304.33333333333337</ymax>
		</bndbox>
	</object>
	<object>
		<name>Others</name>
		<pose>Unspecified</pose>
		<truncated>1</truncated>
		<difficult>0</difficult>
		<bndbox>
			<xmin>250.83333333333334</xmin>
			<ymin>113.5</ymin>
			<xmax>421.6666666666667</xmax>
			<ymax>183.5</ymax>
		</bndbox>
	</object>
	<object>
		<name>Heat Stress</name>
		<pose>Unspecified</pose>
		<truncated>1</truncated>
		<difficult>0</difficult>
		<bndbox>
			<xmin>405.83333333333337</xmin>
			<ymin>120.16666666666669</ymin>
			<xmax>588.3333333333334</xmax>
			<ymax>211.0</ymax>
		</bndbox>
	</object>
	<object>
		<name>Others</name>
		<pose>Unspecified</pose>
		<truncated>1</truncated>
		<difficult>0</difficult>
		<bndbox>
			<xmin>607.5</xmin>
			<ymin>57.66666666666667</ymin>
			<xmax>720.8333333333334</xmax>
			<ymax>206.83333333333334</ymax>
		</bndbox>
	</object>
	<object>
		<name>Heat Stress</name>
		<pose>Unspecified</pose>
		<truncated>1</truncated>
		<difficult>0</difficult>
		<bndbox>
			<xmin>724.1666666666667</xmin>
			<ymin>72.66666666666667</ymin>
			<xmax>810.0</xmax>
			<ymax>252.66666666666669</ymax>
		</bndbox>
	</object>
	<object>
		<name>Heat Stress</name>
		<pose>Unspecified</pose>
		<truncated>1</truncated>
		<difficult>0</difficult>
		<bndbox>
			<xmin>808.3333333333334</xmin>
			<ymin>146.0</ymin>
			<xmax>939.1666666666667</xmax>
			<ymax>245.16666666666669</ymax>
		</bndbox>
	</object>
	<object>
		<name>Others</name>
		<pose>Unspecified</pose>
		<truncated>1</truncated>
		<difficult>0</difficult>
		<bndbox>
			<xmin>500.0</xmin>
			<ymin>48.5</ymin>
			<xmax>591.6666666666667</xmax>
			<ymax>154.33333333333334</ymax>
		</bndbox>
	</object>
	<object>
		<name>Others</name>
		<pose>Unspecified</pose>
		<truncated>1</truncated>
		<difficult>0</difficult>
		<bndbox>
			<xmin>394.1666666666667</xmin>
			<ymin>12.666666666666668</ymin>
			<xmax>462.5</xmax>
			<ymax>141.0</ymax>
		</bndbox>
	</object>
	<object>
		<name>Heat Stress</name>
		<pose>Unspecified</pose>
		<truncated>1</truncated>
		<difficult>0</difficult>
		<bndbox>
			<xmin>247.5</xmin>
			<ymin>13.5</ymin>
			<xmax>367.5</xmax>
			<ymax>76.83333333333334</ymax>
		</bndbox>
	</object>
	<object>
		<name>Others</name>
		<pose>Unspecified</pose>
		<truncated>1</truncated>
		<difficult>0</difficult>
		<bndbox>
			<xmin>186.66666666666669</xmin>
			<ymin>45.16666666666667</ymin>
			<xmax>275.83333333333337</xmax>
			<ymax>112.66666666666669</ymax>
		</bndbox>
	</object>
	<object>
		<name>Heat Stress</name>
		<pose>Unspecified</pose>
		<truncated>1</truncated>
		<difficult>0</difficult>
		<bndbox>
			<xmin>116.66666666666667</xmin>
			<ymin>79.33333333333334</ymin>
			<xmax>179.16666666666669</xmax>
			<ymax>194.33333333333334</ymax>
		</bndbox>
	</object>
	<object>
		<name>Heat Stress</name>
		<pose>Unspecified</pose>
		<truncated>1</truncated>
		<difficult>0</difficult>
		<bndbox>
			<xmin>124.16666666666667</xmin>
			<ymin>116.0</ymin>
			<xmax>182.5</xmax>
			<ymax>221.0</ymax>
		</bndbox>
	</object>
</annotation>