<annotation>
	<folder>UAV_data</folder>
	<filename>:\ssss\zuizhong\201907250700001430.582.8.jpg</filename>
	<source>
		<database>The UAV autolanding</database>
		<annotation>UAV AutoLanding</annotation>
		<image>flickr</image>
		<flickrid>NULL</flickrid>
	</source>
	<owner>
		<flickrid>NULL</flickrid>
		<name>ChaojieZhu</name>
	</owner>
	<size>
		<width>1280</width>
		<height>720</height>
		<depth>3</depth>
	</size>
		<segmented>0</segmented>
	<object>
		<name>Others</name>
		<pose>Unspecified</pose>
		<truncated>1</truncated>
		<difficult>0</difficult>
		<bndbox>
			<xmin>586.6666666666667</xmin>
			<ymin>387.6666666666667</ymin>
			<xmax>705.8333333333334</xmax>
			<ymax>519.3333333333334</ymax>
		</bndbox>
	</object>
	<object>
		<name>Eating</name>
		<pose>Unspecified</pose>
		<truncated>1</truncated>
		<difficult>0</difficult>
		<bndbox>
			<xmin>831.6666666666667</xmin>
			<ymin>510.16666666666674</ymin>
			<xmax>928.3333333333334</xmax>
			<ymax>627.6666666666667</ymax>
		</bndbox>
	</object>
	<object>
		<name>Others</name>
		<pose>Unspecified</pose>
		<truncated>1</truncated>
		<difficult>0</difficult>
		<bndbox>
			<xmin>570.0</xmin>
			<ymin>555.1666666666667</ymin>
			<xmax>716.6666666666667</xmax>
			<ymax>648.5</ymax>
		</bndbox>
	</object>
	<object>
		<name>Others</name>
		<pose>Unspecified</pose>
		<truncated>1</truncated>
		<difficult>0</difficult>
		<bndbox>
			<xmin>462.5</xmin>
			<ymin>529.3333333333334</ymin>
			<xmax>561.6666666666667</xmax>
			<ymax>666.0</ymax>
		</bndbox>
	</object>
	<object>
		<name>Eating</name>
		<pose>Unspecified</pose>
		<truncated>1</truncated>
		<difficult>0</difficult>
		<bndbox>
			<xmin>265.83333333333337</xmin>
			<ymin>577.6666666666667</ymin>
			<xmax>400.83333333333337</xmax>
			<ymax>650.1666666666667</ymax>
		</bndbox>
	</object>
	<object>
		<name>Others</name>
		<pose>Unspecified</pose>
		<truncated>1</truncated>
		<difficult>0</difficult>
		<bndbox>
			<xmin>154.16666666666669</xmin>
			<ymin>570.1666666666667</ymin>
			<xmax>264.1666666666667</xmax>
			<ymax>649.3333333333334</ymax>
		</bndbox>
	</object>
	<object>
		<name>Others</name>
		<pose>Unspecified</pose>
		<truncated>1</truncated>
		<difficult>0</difficult>
		<bndbox>
			<xmin>107.5</xmin>
			<ymin>591.8333333333334</ymin>
			<xmax>212.5</xmax>
			<ymax>656.0</ymax>
		</bndbox>
	</object>
	<object>
		<name>Others</name>
		<pose>Unspecified</pose>
		<truncated>1</truncated>
		<difficult>0</difficult>
		<bndbox>
			<xmin>122.5</xmin>
			<ymin>456.0</ymin>
			<xmax>187.5</xmax>
			<ymax>588.5</ymax>
		</bndbox>
	</object>
	<object>
		<name>Others</name>
		<pose>Unspecified</pose>
		<truncated>1</truncated>
		<difficult>0</difficult>
		<bndbox>
			<xmin>157.5</xmin>
			<ymin>389.33333333333337</ymin>
			<xmax>242.5</xmax>
			<ymax>473.5</ymax>
		</bndbox>
	</object>
	<object>
		<name>Heat Stress</name>
		<pose>Unspecified</pose>
		<truncated>1</truncated>
		<difficult>0</difficult>
		<bndbox>
			<xmin>102.5</xmin>
			<ymin>296.83333333333337</ymin>
			<xmax>167.5</xmax>
			<ymax>427.6666666666667</ymax>
		</bndbox>
	</object>
	<object>
		<name>Others</name>
		<pose>Unspecified</pose>
		<truncated>1</truncated>
		<difficult>0</difficult>
		<bndbox>
			<xmin>181.66666666666669</xmin>
			<ymin>251.83333333333337</ymin>
			<xmax>273.33333333333337</xmax>
			<ymax>393.5</ymax>
		</bndbox>
	</object>
	<object>
		<name>Others</name>
		<pose>Unspecified</pose>
		<truncated>1</truncated>
		<difficult>0</difficult>
		<bndbox>
			<xmin>719.1666666666667</xmin>
			<ymin>271.0</ymin>
			<xmax>834.1666666666667</xmax>
			<ymax>406.83333333333337</ymax>
		</bndbox>
	</object>
	<object>
		<name>Heat Stress</name>
		<pose>Unspecified</pose>
		<truncated>1</truncated>
		<difficult>0</difficult>
		<bndbox>
			<xmin>774.1666666666667</xmin>
			<ymin>146.83333333333334</ymin>
			<xmax>846.6666666666667</xmax>
			<ymax>286.83333333333337</ymax>
		</bndbox>
	</object>
	<object>
		<name>Others</name>
		<pose>Unspecified</pose>
		<truncated>1</truncated>
		<difficult>0</difficult>
		<bndbox>
			<xmin>107.5</xmin>
			<ymin>215.16666666666669</ymin>
			<xmax>247.5</xmax>
			<ymax>284.33333333333337</ymax>
		</bndbox>
	</object>
	<object>
		<name>Others</name>
		<pose>Unspecified</pose>
		<truncated>1</truncated>
		<difficult>0</difficult>
		<bndbox>
			<xmin>127.5</xmin>
			<ymin>130.16666666666669</ymin>
			<xmax>230.83333333333334</xmax>
			<ymax>227.66666666666669</ymax>
		</bndbox>
	</object>
	<object>
		<name>Others</name>
		<pose>Unspecified</pose>
		<truncated>1</truncated>
		<difficult>0</difficult>
		<bndbox>
			<xmin>82.5</xmin>
			<ymin>154.33333333333334</ymin>
			<xmax>147.5</xmax>
			<ymax>236.0</ymax>
		</bndbox>
	</object>
	<object>
		<name>Heat Stress</name>
		<pose>Unspecified</pose>
		<truncated>1</truncated>
		<difficult>0</difficult>
		<bndbox>
			<xmin>115.0</xmin>
			<ymin>44.333333333333336</ymin>
			<xmax>187.5</xmax>
			<ymax>147.66666666666669</ymax>
		</bndbox>
	</object>
	<object>
		<name>Others</name>
		<pose>Unspecified</pose>
		<truncated>1</truncated>
		<difficult>0</difficult>
		<bndbox>
			<xmin>141.66666666666669</xmin>
			<ymin>8.5</ymin>
			<xmax>252.5</xmax>
			<ymax>57.66666666666667</ymax>
		</bndbox>
	</object>
	<object>
		<name>Heat Stress</name>
		<pose>Unspecified</pose>
		<truncated>1</truncated>
		<difficult>0</difficult>
		<bndbox>
			<xmin>195.0</xmin>
			<ymin>40.16666666666667</ymin>
			<xmax>265.83333333333337</xmax>
			<ymax>160.16666666666669</ymax>
		</bndbox>
	</object>
	<object>
		<name>Others</name>
		<pose>Unspecified</pose>
		<truncated>1</truncated>
		<difficult>0</difficult>
		<bndbox>
			<xmin>231.66666666666669</xmin>
			<ymin>119.33333333333334</ymin>
			<xmax>317.5</xmax>
			<ymax>228.5</ymax>
		</bndbox>
	</object>
	<object>
		<name>Others</name>
		<pose>Unspecified</pose>
		<truncated>1</truncated>
		<difficult>0</difficult>
		<bndbox>
			<xmin>225.7520325203252</xmin>
			<ymin>1.8943089430894275</ymin>
			<xmax>304.0853658536586</xmax>
			<ymax>94.39430894308947</ymax>
		</bndbox>
	</object>
	<object>
		<name>Others</name>
		<pose>Unspecified</pose>
		<truncated>1</truncated>
		<difficult>0</difficult>
		<bndbox>
			<xmin>518.3333333333334</xmin>
			<ymin>165.16666666666669</ymin>
			<xmax>600.8333333333334</xmax>
			<ymax>337.6666666666667</ymax>
		</bndbox>
	</object>
	<object>
		<name>Drinking</name>
		<pose>Unspecified</pose>
		<truncated>1</truncated>
		<difficult>0</difficult>
		<bndbox>
			<xmin>693.3333333333334</xmin>
			<ymin>82.66666666666667</ymin>
			<xmax>794.1666666666667</xmax>
			<ymax>236.83333333333334</ymax>
		</bndbox>
	</object>
	<object>
		<name>Others</name>
		<pose>Unspecified</pose>
		<truncated>1</truncated>
		<difficult>0</difficult>
		<bndbox>
			<xmin>665.3658536585367</xmin>
			<ymin>11.630081300813004</ymin>
			<xmax>796.7479674796748</xmax>
			<ymax>93.76422764227642</ymax>
		</bndbox>
	</object>
	<object>
		<name>Others</name>
		<pose>Unspecified</pose>
		<truncated>1</truncated>
		<difficult>0</difficult>
		<bndbox>
			<xmin>593.3333333333334</xmin>
			<ymin>137.66666666666669</ymin>
			<xmax>696.6666666666667</xmax>
			<ymax>293.5</ymax>
		</bndbox>
	</object>
	<object>
		<name>Heat Stress</name>
		<pose>Unspecified</pose>
		<truncated>1</truncated>
		<difficult>0</difficult>
		<bndbox>
			<xmin>415.0</xmin>
			<ymin>186.0</ymin>
			<xmax>505.0</xmax>
			<ymax>322.6666666666667</ymax>
		</bndbox>
	</object>
	<object>
		<name>Others</name>
		<pose>Unspecified</pose>
		<truncated>1</truncated>
		<difficult>0</difficult>
		<bndbox>
			<xmin>535.0</xmin>
			<ymin>91.0</ymin>
			<xmax>668.3333333333334</xmax>
			<ymax>179.33333333333334</ymax>
		</bndbox>
	</object>
	<object>
		<name>Drinking</name>
		<pose>Unspecified</pose>
		<truncated>1</truncated>
		<difficult>0</difficult>
		<bndbox>
			<xmin>466.6666666666667</xmin>
			<ymin>71.83333333333334</ymin>
			<xmax>544.1666666666667</xmax>
			<ymax>234.33333333333334</ymax>
		</bndbox>
	</object>
	<object>
		<name>Drinking</name>
		<pose>Unspecified</pose>
		<truncated>1</truncated>
		<difficult>0</difficult>
		<bndbox>
			<xmin>390.0</xmin>
			<ymin>76.0</ymin>
			<xmax>478.33333333333337</xmax>
			<ymax>219.33333333333334</ymax>
		</bndbox>
	</object>
	<object>
		<name>Others</name>
		<pose>Unspecified</pose>
		<truncated>1</truncated>
		<difficult>0</difficult>
		<bndbox>
			<xmin>343.2723577235773</xmin>
			<ymin>74.3130081300813</ymin>
			<xmax>443.089430894309</xmax>
			<ymax>224.65853658536585</ymax>
		</bndbox>
	</object>
	<object>
		<name>Others</name>
		<pose>Unspecified</pose>
		<truncated>1</truncated>
		<difficult>0</difficult>
		<bndbox>
			<xmin>276.6666666666667</xmin>
			<ymin>58.5</ymin>
			<xmax>410.83333333333337</xmax>
			<ymax>114.33333333333334</ymax>
		</bndbox>
	</object>
	<object>
		<name>Drinking</name>
		<pose>Unspecified</pose>
		<truncated>1</truncated>
		<difficult>0</difficult>
		<bndbox>
			<xmin>358.33333333333337</xmin>
			<ymin>8.5</ymin>
			<xmax>505.0</xmax>
			<ymax>62.66666666666667</ymax>
		</bndbox>
	</object>
</annotation>