<annotation>
	<folder>UAV_data</folder>
	<filename>:\ssss\zuizhong\201907261520016930.975.8.jpg</filename>
	<source>
		<database>The UAV autolanding</database>
		<annotation>UAV AutoLanding</annotation>
		<image>flickr</image>
		<flickrid>NULL</flickrid>
	</source>
	<owner>
		<flickrid>NULL</flickrid>
		<name>ChaojieZhu</name>
	</owner>
	<size>
		<width>1280</width>
		<height>720</height>
		<depth>3</depth>
	</size>
		<segmented>0</segmented>
	<object>
		<name>Heat Stress</name>
		<pose>Unspecified</pose>
		<truncated>1</truncated>
		<difficult>0</difficult>
		<bndbox>
			<xmin>842.5</xmin>
			<ymin>553.5</ymin>
			<xmax>909.1666666666667</xmax>
			<ymax>671.0</ymax>
		</bndbox>
	</object>
	<object>
		<name>Heat Stress</name>
		<pose>Unspecified</pose>
		<truncated>1</truncated>
		<difficult>0</difficult>
		<bndbox>
			<xmin>841.6666666666667</xmin>
			<ymin>385.1666666666667</ymin>
			<xmax>925.8333333333334</xmax>
			<ymax>557.6666666666667</ymax>
		</bndbox>
	</object>
	<object>
		<name>Eating</name>
		<pose>Unspecified</pose>
		<truncated>1</truncated>
		<difficult>0</difficult>
		<bndbox>
			<xmin>746.6666666666667</xmin>
			<ymin>332.6666666666667</ymin>
			<xmax>838.3333333333334</xmax>
			<ymax>501.83333333333337</ymax>
		</bndbox>
	</object>
	<object>
		<name>Others</name>
		<pose>Unspecified</pose>
		<truncated>1</truncated>
		<difficult>0</difficult>
		<bndbox>
			<xmin>618.3333333333334</xmin>
			<ymin>576.8333333333334</ymin>
			<xmax>710.8333333333334</xmax>
			<ymax>697.6666666666667</ymax>
		</bndbox>
	</object>
	<object>
		<name>Heat Stress</name>
		<pose>Unspecified</pose>
		<truncated>1</truncated>
		<difficult>0</difficult>
		<bndbox>
			<xmin>494.1666666666667</xmin>
			<ymin>426.0</ymin>
			<xmax>640.8333333333334</xmax>
			<ymax>568.5</ymax>
		</bndbox>
	</object>
	<object>
		<name>Others</name>
		<pose>Unspecified</pose>
		<truncated>1</truncated>
		<difficult>0</difficult>
		<bndbox>
			<xmin>615.8333333333334</xmin>
			<ymin>298.5</ymin>
			<xmax>763.3333333333334</xmax>
			<ymax>397.6666666666667</ymax>
		</bndbox>
	</object>
	<object>
		<name>Others</name>
		<pose>Unspecified</pose>
		<truncated>1</truncated>
		<difficult>0</difficult>
		<bndbox>
			<xmin>848.3333333333334</xmin>
			<ymin>141.83333333333334</ymin>
			<xmax>950.0</xmax>
			<ymax>247.66666666666669</ymax>
		</bndbox>
	</object>
	<object>
		<name>Others</name>
		<pose>Unspecified</pose>
		<truncated>1</truncated>
		<difficult>0</difficult>
		<bndbox>
			<xmin>814.1666666666667</xmin>
			<ymin>4.333333333333336</ymin>
			<xmax>917.5</xmax>
			<ymax>106.83333333333334</ymax>
		</bndbox>
	</object>
	<object>
		<name>Others</name>
		<pose>Unspecified</pose>
		<truncated>1</truncated>
		<difficult>0</difficult>
		<bndbox>
			<xmin>689.1666666666667</xmin>
			<ymin>16.833333333333336</ymin>
			<xmax>825.0</xmax>
			<ymax>86.83333333333334</ymax>
		</bndbox>
	</object>
	<object>
		<name>Others</name>
		<pose>Unspecified</pose>
		<truncated>1</truncated>
		<difficult>0</difficult>
		<bndbox>
			<xmin>722.5</xmin>
			<ymin>112.66666666666669</ymin>
			<xmax>818.3333333333334</xmax>
			<ymax>251.0</ymax>
		</bndbox>
	</object>
	<object>
		<name>Drinking</name>
		<pose>Unspecified</pose>
		<truncated>1</truncated>
		<difficult>0</difficult>
		<bndbox>
			<xmin>598.3333333333334</xmin>
			<ymin>70.16666666666667</ymin>
			<xmax>724.1666666666667</xmax>
			<ymax>203.5</ymax>
		</bndbox>
	</object>
	<object>
		<name>Heat Stress</name>
		<pose>Unspecified</pose>
		<truncated>1</truncated>
		<difficult>0</difficult>
		<bndbox>
			<xmin>502.5</xmin>
			<ymin>155.16666666666669</ymin>
			<xmax>651.6666666666667</xmax>
			<ymax>254.33333333333337</ymax>
		</bndbox>
	</object>
	<object>
		<name>Heat Stress</name>
		<pose>Unspecified</pose>
		<truncated>1</truncated>
		<difficult>0</difficult>
		<bndbox>
			<xmin>550.0</xmin>
			<ymin>247.66666666666669</ymin>
			<xmax>670.0</xmax>
			<ymax>326.83333333333337</ymax>
		</bndbox>
	</object>
	<object>
		<name>Others</name>
		<pose>Unspecified</pose>
		<truncated>1</truncated>
		<difficult>0</difficult>
		<bndbox>
			<xmin>429.1666666666667</xmin>
			<ymin>110.16666666666669</ymin>
			<xmax>569.1666666666667</xmax>
			<ymax>189.33333333333334</ymax>
		</bndbox>
	</object>
	<object>
		<name>Drinking</name>
		<pose>Unspecified</pose>
		<truncated>1</truncated>
		<difficult>0</difficult>
		<bndbox>
			<xmin>384.1666666666667</xmin>
			<ymin>75.16666666666667</ymin>
			<xmax>483.33333333333337</xmax>
			<ymax>183.5</ymax>
		</bndbox>
	</object>
	<object>
		<name>Drinking</name>
		<pose>Unspecified</pose>
		<truncated>1</truncated>
		<difficult>0</difficult>
		<bndbox>
			<xmin>375.83333333333337</xmin>
			<ymin>14.333333333333336</ymin>
			<xmax>525.8333333333334</xmax>
			<ymax>74.33333333333334</ymax>
		</bndbox>
	</object>
	<object>
		<name>Heat Stress</name>
		<pose>Unspecified</pose>
		<truncated>1</truncated>
		<difficult>0</difficult>
		<bndbox>
			<xmin>355.0</xmin>
			<ymin>326.0</ymin>
			<xmax>503.33333333333337</xmax>
			<ymax>411.0</ymax>
		</bndbox>
	</object>
	<object>
		<name>Heat Stress</name>
		<pose>Unspecified</pose>
		<truncated>1</truncated>
		<difficult>0</difficult>
		<bndbox>
			<xmin>235.83333333333334</xmin>
			<ymin>581.8333333333334</ymin>
			<xmax>358.33333333333337</xmax>
			<ymax>672.6666666666667</ymax>
		</bndbox>
	</object>
	<object>
		<name>Others</name>
		<pose>Unspecified</pose>
		<truncated>1</truncated>
		<difficult>0</difficult>
		<bndbox>
			<xmin>144.89837398373984</xmin>
			<ymin>380.1666666666667</ymin>
			<xmax>262.6016260162602</xmax>
			<ymax>504.1463414634146</ymax>
		</bndbox>
	</object>
	<object>
		<name>Heat Stress</name>
		<pose>Unspecified</pose>
		<truncated>1</truncated>
		<difficult>0</difficult>
		<bndbox>
			<xmin>166.66666666666669</xmin>
			<ymin>455.1666666666667</ymin>
			<xmax>238.33333333333334</xmax>
			<ymax>556.8333333333334</ymax>
		</bndbox>
	</object>
	<object>
		<name>Others</name>
		<pose>Unspecified</pose>
		<truncated>1</truncated>
		<difficult>0</difficult>
		<bndbox>
			<xmin>206.66666666666669</xmin>
			<ymin>273.5</ymin>
			<xmax>302.5</xmax>
			<ymax>437.6666666666667</ymax>
		</bndbox>
	</object>
	<object>
		<name>Others</name>
		<pose>Unspecified</pose>
		<truncated>1</truncated>
		<difficult>0</difficult>
		<bndbox>
			<xmin>285.83333333333337</xmin>
			<ymin>256.83333333333337</ymin>
			<xmax>374.1666666666667</xmax>
			<ymax>358.5</ymax>
		</bndbox>
	</object>
	<object>
		<name>Heat Stress</name>
		<pose>Unspecified</pose>
		<truncated>1</truncated>
		<difficult>0</difficult>
		<bndbox>
			<xmin>320.83333333333337</xmin>
			<ymin>243.5</ymin>
			<xmax>501.6666666666667</xmax>
			<ymax>332.6666666666667</ymax>
		</bndbox>
	</object>
	<object>
		<name>Others</name>
		<pose>Unspecified</pose>
		<truncated>1</truncated>
		<difficult>0</difficult>
		<bndbox>
			<xmin>339.1666666666667</xmin>
			<ymin>124.33333333333334</ymin>
			<xmax>442.5</xmax>
			<ymax>264.33333333333337</ymax>
		</bndbox>
	</object>
	<object>
		<name>Others</name>
		<pose>Unspecified</pose>
		<truncated>1</truncated>
		<difficult>0</difficult>
		<bndbox>
			<xmin>291.6666666666667</xmin>
			<ymin>0.16666666666666785</ymin>
			<xmax>346.6666666666667</xmax>
			<ymax>127.66666666666669</ymax>
		</bndbox>
	</object>
	<object>
		<name>Heat Stress</name>
		<pose>Unspecified</pose>
		<truncated>1</truncated>
		<difficult>0</difficult>
		<bndbox>
			<xmin>249.16666666666669</xmin>
			<ymin>87.66666666666667</ymin>
			<xmax>324.1666666666667</xmax>
			<ymax>193.5</ymax>
		</bndbox>
	</object>
	<object>
		<name>Others</name>
		<pose>Unspecified</pose>
		<truncated>1</truncated>
		<difficult>0</difficult>
		<bndbox>
			<xmin>245.83333333333334</xmin>
			<ymin>126.0</ymin>
			<xmax>328.33333333333337</xmax>
			<ymax>293.5</ymax>
		</bndbox>
	</object>
	<object>
		<name>Others</name>
		<pose>Unspecified</pose>
		<truncated>1</truncated>
		<difficult>0</difficult>
		<bndbox>
			<xmin>117.5</xmin>
			<ymin>221.83333333333334</ymin>
			<xmax>192.5</xmax>
			<ymax>285.1666666666667</ymax>
		</bndbox>
	</object>
	<object>
		<name>Heat Stress</name>
		<pose>Unspecified</pose>
		<truncated>1</truncated>
		<difficult>0</difficult>
		<bndbox>
			<xmin>119.16666666666667</xmin>
			<ymin>119.33333333333334</ymin>
			<xmax>184.16666666666669</xmax>
			<ymax>230.16666666666669</ymax>
		</bndbox>
	</object>
	<object>
		<name>Heat Stress</name>
		<pose>Unspecified</pose>
		<truncated>1</truncated>
		<difficult>0</difficult>
		<bndbox>
			<xmin>115.0</xmin>
			<ymin>78.5</ymin>
			<xmax>180.0</xmax>
			<ymax>183.5</ymax>
		</bndbox>
	</object>
	<object>
		<name>Others</name>
		<pose>Unspecified</pose>
		<truncated>1</truncated>
		<difficult>0</difficult>
		<bndbox>
			<xmin>149.16666666666669</xmin>
			<ymin>14.333333333333336</ymin>
			<xmax>280.83333333333337</xmax>
			<ymax>113.5</ymax>
		</bndbox>
	</object>
</annotation>