<annotation>
	<folder>UAV_data</folder>
	<filename>:\ssss\zuizhong\201907261520024330.975.6.jpg</filename>
	<source>
		<database>The UAV autolanding</database>
		<annotation>UAV AutoLanding</annotation>
		<image>flickr</image>
		<flickrid>NULL</flickrid>
	</source>
	<owner>
		<flickrid>NULL</flickrid>
		<name>ChaojieZhu</name>
	</owner>
	<size>
		<width>1280</width>
		<height>720</height>
		<depth>3</depth>
	</size>
		<segmented>0</segmented>
	<object>
		<name>Heat Stress</name>
		<pose>Unspecified</pose>
		<truncated>1</truncated>
		<difficult>0</difficult>
		<bndbox>
			<xmin>838.8333333333334</xmin>
			<ymin>552.5</ymin>
			<xmax>915.5</xmax>
			<ymax>663.3333333333334</ymax>
		</bndbox>
	</object>
	<object>
		<name>Heat Stress</name>
		<pose>Unspecified</pose>
		<truncated>1</truncated>
		<difficult>0</difficult>
		<bndbox>
			<xmin>869.6666666666667</xmin>
			<ymin>422.5</ymin>
			<xmax>942.1666666666667</xmax>
			<ymax>565.8333333333334</ymax>
		</bndbox>
	</object>
	<object>
		<name>Heat Stress</name>
		<pose>Unspecified</pose>
		<truncated>1</truncated>
		<difficult>0</difficult>
		<bndbox>
			<xmin>814.6666666666667</xmin>
			<ymin>327.5</ymin>
			<xmax>945.5</xmax>
			<ymax>405.83333333333337</ymax>
		</bndbox>
	</object>
	<object>
		<name>Others</name>
		<pose>Unspecified</pose>
		<truncated>1</truncated>
		<difficult>0</difficult>
		<bndbox>
			<xmin>714.6666666666667</xmin>
			<ymin>396.6666666666667</ymin>
			<xmax>832.1666666666667</xmax>
			<ymax>490.0</ymax>
		</bndbox>
	</object>
	<object>
		<name>Others</name>
		<pose>Unspecified</pose>
		<truncated>1</truncated>
		<difficult>0</difficult>
		<bndbox>
			<xmin>530.5</xmin>
			<ymin>640.0</ymin>
			<xmax>674.0</xmax>
			<ymax>719.0</ymax>
		</bndbox>
	</object>
	<object>
		<name>Eating</name>
		<pose>Unspecified</pose>
		<truncated>1</truncated>
		<difficult>0</difficult>
		<bndbox>
			<xmin>412.1951219512195</xmin>
			<ymin>504.1463414634146</ymin>
			<xmax>593.0</xmax>
			<ymax>592.5</ymax>
		</bndbox>
	</object>
	<object>
		<name>Others</name>
		<pose>Unspecified</pose>
		<truncated>1</truncated>
		<difficult>0</difficult>
		<bndbox>
			<xmin>422.1666666666667</xmin>
			<ymin>406.6666666666667</ymin>
			<xmax>543.0</xmax>
			<ymax>513.3333333333334</ymax>
		</bndbox>
	</object>
	<object>
		<name>Others</name>
		<pose>Unspecified</pose>
		<truncated>1</truncated>
		<difficult>0</difficult>
		<bndbox>
			<xmin>510.5</xmin>
			<ymin>344.1666666666667</ymin>
			<xmax>638.8333333333334</xmax>
			<ymax>450.0</ymax>
		</bndbox>
	</object>
	<object>
		<name>Heat Stress</name>
		<pose>Unspecified</pose>
		<truncated>1</truncated>
		<difficult>0</difficult>
		<bndbox>
			<xmin>593.8333333333334</xmin>
			<ymin>230.83333333333334</ymin>
			<xmax>717.1666666666667</xmax>
			<ymax>373.33333333333337</ymax>
		</bndbox>
	</object>
	<object>
		<name>Others</name>
		<pose>Unspecified</pose>
		<truncated>1</truncated>
		<difficult>0</difficult>
		<bndbox>
			<xmin>378.0</xmin>
			<ymin>265.0</ymin>
			<xmax>469.6666666666667</xmax>
			<ymax>425.83333333333337</ymax>
		</bndbox>
	</object>
	<object>
		<name>Others</name>
		<pose>Unspecified</pose>
		<truncated>1</truncated>
		<difficult>0</difficult>
		<bndbox>
			<xmin>333.83333333333337</xmin>
			<ymin>305.0</ymin>
			<xmax>406.33333333333337</xmax>
			<ymax>427.5</ymax>
		</bndbox>
	</object>
	<object>
		<name>Others</name>
		<pose>Unspecified</pose>
		<truncated>1</truncated>
		<difficult>0</difficult>
		<bndbox>
			<xmin>259.6666666666667</xmin>
			<ymin>242.5</ymin>
			<xmax>332.1666666666667</xmax>
			<ymax>365.0</ymax>
		</bndbox>
	</object>
	<object>
		<name>Heat Stress</name>
		<pose>Unspecified</pose>
		<truncated>1</truncated>
		<difficult>0</difficult>
		<bndbox>
			<xmin>254.66666666666669</xmin>
			<ymin>160.83333333333334</ymin>
			<xmax>320.5</xmax>
			<ymax>286.6666666666667</ymax>
		</bndbox>
	</object>
	<object>
		<name>Heat Stress</name>
		<pose>Unspecified</pose>
		<truncated>1</truncated>
		<difficult>0</difficult>
		<bndbox>
			<xmin>258.0</xmin>
			<ymin>92.5</ymin>
			<xmax>329.6666666666667</xmax>
			<ymax>210.0</ymax>
		</bndbox>
	</object>
	<object>
		<name>Heat Stress</name>
		<pose>Unspecified</pose>
		<truncated>1</truncated>
		<difficult>0</difficult>
		<bndbox>
			<xmin>244.66666666666669</xmin>
			<ymin>15.833333333333336</ymin>
			<xmax>374.6666666666667</xmax>
			<ymax>78.33333333333334</ymax>
		</bndbox>
	</object>
	<object>
		<name>Others</name>
		<pose>Unspecified</pose>
		<truncated>1</truncated>
		<difficult>0</difficult>
		<bndbox>
			<xmin>396.33333333333337</xmin>
			<ymin>10.0</ymin>
			<xmax>459.6666666666667</xmax>
			<ymax>165.83333333333334</ymax>
		</bndbox>
	</object>
	<object>
		<name>Heat Stress</name>
		<pose>Unspecified</pose>
		<truncated>1</truncated>
		<difficult>0</difficult>
		<bndbox>
			<xmin>415.5</xmin>
			<ymin>115.83333333333334</ymin>
			<xmax>587.1666666666667</xmax>
			<ymax>215.0</ymax>
		</bndbox>
	</object>
	<object>
		<name>Others</name>
		<pose>Unspecified</pose>
		<truncated>1</truncated>
		<difficult>0</difficult>
		<bndbox>
			<xmin>500.5</xmin>
			<ymin>43.33333333333334</ymin>
			<xmax>601.3333333333334</xmax>
			<ymax>153.33333333333334</ymax>
		</bndbox>
	</object>
	<object>
		<name>Others</name>
		<pose>Unspecified</pose>
		<truncated>1</truncated>
		<difficult>0</difficult>
		<bndbox>
			<xmin>613.8333333333334</xmin>
			<ymin>57.5</ymin>
			<xmax>721.3333333333334</xmax>
			<ymax>210.83333333333334</ymax>
		</bndbox>
	</object>
	<object>
		<name>Heat Stress</name>
		<pose>Unspecified</pose>
		<truncated>1</truncated>
		<difficult>0</difficult>
		<bndbox>
			<xmin>720.5</xmin>
			<ymin>77.5</ymin>
			<xmax>818.0</xmax>
			<ymax>255.83333333333337</ymax>
		</bndbox>
	</object>
	<object>
		<name>Heat Stress</name>
		<pose>Unspecified</pose>
		<truncated>1</truncated>
		<difficult>0</difficult>
		<bndbox>
			<xmin>814.6666666666667</xmin>
			<ymin>150.83333333333334</ymin>
			<xmax>969.6666666666667</xmax>
			<ymax>244.16666666666669</ymax>
		</bndbox>
	</object>
	<object>
		<name>Others</name>
		<pose>Unspecified</pose>
		<truncated>1</truncated>
		<difficult>0</difficult>
		<bndbox>
			<xmin>326.33333333333337</xmin>
			<ymin>93.33333333333334</ymin>
			<xmax>398.83333333333337</xmax>
			<ymax>250.0</ymax>
		</bndbox>
	</object>
	<object>
		<name>Heat Stress</name>
		<pose>Unspecified</pose>
		<truncated>1</truncated>
		<difficult>0</difficult>
		<bndbox>
			<xmin>123.0</xmin>
			<ymin>73.33333333333334</ymin>
			<xmax>174.66666666666669</xmax>
			<ymax>185.83333333333334</ymax>
		</bndbox>
	</object>
	<object>
		<name>Heat Stress</name>
		<pose>Unspecified</pose>
		<truncated>1</truncated>
		<difficult>0</difficult>
		<bndbox>
			<xmin>119.66666666666667</xmin>
			<ymin>115.83333333333334</ymin>
			<xmax>183.0</xmax>
			<ymax>220.83333333333334</ymax>
		</bndbox>
	</object>
	<object>
		<name>Heat Stress</name>
		<pose>Unspecified</pose>
		<truncated>1</truncated>
		<difficult>0</difficult>
		<bndbox>
			<xmin>110.5</xmin>
			<ymin>215.83333333333334</ymin>
			<xmax>173.0</xmax>
			<ymax>291.6666666666667</ymax>
		</bndbox>
	</object>
	<object>
		<name>Others</name>
		<pose>Unspecified</pose>
		<truncated>1</truncated>
		<difficult>0</difficult>
		<bndbox>
			<xmin>150.5</xmin>
			<ymin>196.66666666666669</ymin>
			<xmax>236.33333333333334</xmax>
			<ymax>353.33333333333337</ymax>
		</bndbox>
	</object>
	<object>
		<name>Heat Stress</name>
		<pose>Unspecified</pose>
		<truncated>1</truncated>
		<difficult>0</difficult>
		<bndbox>
			<xmin>174.66666666666669</xmin>
			<ymin>421.6666666666667</ymin>
			<xmax>235.5</xmax>
			<ymax>556.6666666666667</ymax>
		</bndbox>
	</object>
	<object>
		<name>Eating</name>
		<pose>Unspecified</pose>
		<truncated>1</truncated>
		<difficult>0</difficult>
		<bndbox>
			<xmin>183.83333333333334</xmin>
			<ymin>437.5</ymin>
			<xmax>354.6666666666667</xmax>
			<ymax>548.3333333333334</ymax>
		</bndbox>
	</object>
	<object>
		<name>Heat Stress</name>
		<pose>Unspecified</pose>
		<truncated>1</truncated>
		<difficult>0</difficult>
		<bndbox>
			<xmin>228.0</xmin>
			<ymin>580.0</ymin>
			<xmax>358.0</xmax>
			<ymax>674.1666666666667</ymax>
		</bndbox>
	</object>
	<object>
		<name>Others</name>
		<pose>Unspecified</pose>
		<truncated>1</truncated>
		<difficult>0</difficult>
		<bndbox>
			<xmin>186.33333333333334</xmin>
			<ymin>45.0</ymin>
			<xmax>293.83333333333337</xmax>
			<ymax>115.0</ymax>
		</bndbox>
	</object>
</annotation>