<annotation>
	<folder>UAV_data</folder>
	<filename>:\ssss\zuizhong\201907261520027530.975.6.jpg</filename>
	<source>
		<database>The UAV autolanding</database>
		<annotation>UAV AutoLanding</annotation>
		<image>flickr</image>
		<flickrid>NULL</flickrid>
	</source>
	<owner>
		<flickrid>NULL</flickrid>
		<name>ChaojieZhu</name>
	</owner>
	<size>
		<width>1280</width>
		<height>720</height>
		<depth>3</depth>
	</size>
		<segmented>0</segmented>
	<object>
		<name>Heat Stress</name>
		<pose>Unspecified</pose>
		<truncated>1</truncated>
		<difficult>0</difficult>
		<bndbox>
			<xmin>830.8333333333334</xmin>
			<ymin>593.5</ymin>
			<xmax>936.6666666666667</xmax>
			<ymax>692.6666666666667</ymax>
		</bndbox>
	</object>
	<object>
		<name>Heat Stress</name>
		<pose>Unspecified</pose>
		<truncated>1</truncated>
		<difficult>0</difficult>
		<bndbox>
			<xmin>874.1666666666667</xmin>
			<ymin>485.1666666666667</ymin>
			<xmax>944.1666666666667</xmax>
			<ymax>614.3333333333334</ymax>
		</bndbox>
	</object>
	<object>
		<name>Heat Stress</name>
		<pose>Unspecified</pose>
		<truncated>1</truncated>
		<difficult>0</difficult>
		<bndbox>
			<xmin>700.0</xmin>
			<ymin>406.83333333333337</ymin>
			<xmax>808.3333333333334</xmax>
			<ymax>487.6666666666667</ymax>
		</bndbox>
	</object>
	<object>
		<name>Heat Stress</name>
		<pose>Unspecified</pose>
		<truncated>1</truncated>
		<difficult>0</difficult>
		<bndbox>
			<xmin>841.6666666666667</xmin>
			<ymin>311.83333333333337</ymin>
			<xmax>955.8333333333334</xmax>
			<ymax>418.5</ymax>
		</bndbox>
	</object>
	<object>
		<name>Heat Stress</name>
		<pose>Unspecified</pose>
		<truncated>1</truncated>
		<difficult>0</difficult>
		<bndbox>
			<xmin>815.0</xmin>
			<ymin>149.33333333333334</ymin>
			<xmax>929.1666666666667</xmax>
			<ymax>252.66666666666669</ymax>
		</bndbox>
	</object>
	<object>
		<name>Drinking</name>
		<pose>Unspecified</pose>
		<truncated>1</truncated>
		<difficult>0</difficult>
		<bndbox>
			<xmin>724.1869918699186</xmin>
			<ymin>76.83333333333334</ymin>
			<xmax>811.6869918699186</xmax>
			<ymax>251.0</ymax>
		</bndbox>
	</object>
	<object>
		<name>Heat Stress</name>
		<pose>Unspecified</pose>
		<truncated>1</truncated>
		<difficult>0</difficult>
		<bndbox>
			<xmin>601.6666666666667</xmin>
			<ymin>46.0</ymin>
			<xmax>714.1666666666667</xmax>
			<ymax>206.0</ymax>
		</bndbox>
	</object>
	<object>
		<name>Others</name>
		<pose>Unspecified</pose>
		<truncated>1</truncated>
		<difficult>0</difficult>
		<bndbox>
			<xmin>576.6666666666667</xmin>
			<ymin>154.33333333333334</ymin>
			<xmax>685.0</xmax>
			<ymax>280.1666666666667</ymax>
		</bndbox>
	</object>
	<object>
		<name>Heat Stress</name>
		<pose>Unspecified</pose>
		<truncated>1</truncated>
		<difficult>0</difficult>
		<bndbox>
			<xmin>510.83333333333337</xmin>
			<ymin>234.33333333333334</ymin>
			<xmax>630.0</xmax>
			<ymax>376.0</ymax>
		</bndbox>
	</object>
	<object>
		<name>Others</name>
		<pose>Unspecified</pose>
		<truncated>1</truncated>
		<difficult>0</difficult>
		<bndbox>
			<xmin>501.6666666666667</xmin>
			<ymin>41.0</ymin>
			<xmax>595.8333333333334</xmax>
			<ymax>179.33333333333334</ymax>
		</bndbox>
	</object>
	<object>
		<name>Others</name>
		<pose>Unspecified</pose>
		<truncated>1</truncated>
		<difficult>0</difficult>
		<bndbox>
			<xmin>396.6666666666667</xmin>
			<ymin>21.833333333333336</ymin>
			<xmax>471.6666666666667</xmax>
			<ymax>136.83333333333334</ymax>
		</bndbox>
	</object>
	<object>
		<name>Others</name>
		<pose>Unspecified</pose>
		<truncated>1</truncated>
		<difficult>0</difficult>
		<bndbox>
			<xmin>323.33333333333337</xmin>
			<ymin>96.83333333333334</ymin>
			<xmax>482.5</xmax>
			<ymax>186.0</ymax>
		</bndbox>
	</object>
	<object>
		<name>Others</name>
		<pose>Unspecified</pose>
		<truncated>1</truncated>
		<difficult>0</difficult>
		<bndbox>
			<xmin>379.1666666666667</xmin>
			<ymin>147.66666666666669</ymin>
			<xmax>520.0</xmax>
			<ymax>229.33333333333334</ymax>
		</bndbox>
	</object>
	<object>
		<name>Heat Stress</name>
		<pose>Unspecified</pose>
		<truncated>1</truncated>
		<difficult>0</difficult>
		<bndbox>
			<xmin>333.33333333333337</xmin>
			<ymin>233.5</ymin>
			<xmax>400.0</xmax>
			<ymax>337.6666666666667</ymax>
		</bndbox>
	</object>
	<object>
		<name>Others</name>
		<pose>Unspecified</pose>
		<truncated>1</truncated>
		<difficult>0</difficult>
		<bndbox>
			<xmin>372.5406504065041</xmin>
			<ymin>271.0</ymin>
			<xmax>476.70731707317077</xmax>
			<ymax>420.1666666666667</ymax>
		</bndbox>
	</object>
	<object>
		<name>Others</name>
		<pose>Unspecified</pose>
		<truncated>1</truncated>
		<difficult>0</difficult>
		<bndbox>
			<xmin>250.83333333333334</xmin>
			<ymin>236.83333333333334</ymin>
			<xmax>335.0</xmax>
			<ymax>367.6666666666667</ymax>
		</bndbox>
	</object>
	<object>
		<name>Others</name>
		<pose>Unspecified</pose>
		<truncated>1</truncated>
		<difficult>0</difficult>
		<bndbox>
			<xmin>250.83333333333334</xmin>
			<ymin>341.83333333333337</ymin>
			<xmax>389.1666666666667</xmax>
			<ymax>426.83333333333337</ymax>
		</bndbox>
	</object>
	<object>
		<name>Heat Stress</name>
		<pose>Unspecified</pose>
		<truncated>1</truncated>
		<difficult>0</difficult>
		<bndbox>
			<xmin>167.5</xmin>
			<ymin>426.83333333333337</ymin>
			<xmax>235.0</xmax>
			<ymax>557.6666666666667</ymax>
		</bndbox>
	</object>
	<object>
		<name>Eating</name>
		<pose>Unspecified</pose>
		<truncated>1</truncated>
		<difficult>0</difficult>
		<bndbox>
			<xmin>416.6666666666667</xmin>
			<ymin>499.33333333333337</ymin>
			<xmax>560.0</xmax>
			<ymax>625.1666666666667</ymax>
		</bndbox>
	</object>
	<object>
		<name>Eating</name>
		<pose>Unspecified</pose>
		<truncated>1</truncated>
		<difficult>0</difficult>
		<bndbox>
			<xmin>183.33333333333334</xmin>
			<ymin>441.83333333333337</ymin>
			<xmax>346.6666666666667</xmax>
			<ymax>551.0</ymax>
		</bndbox>
	</object>
	<object>
		<name>Heat Stress</name>
		<pose>Unspecified</pose>
		<truncated>1</truncated>
		<difficult>0</difficult>
		<bndbox>
			<xmin>220.83333333333334</xmin>
			<ymin>578.5</ymin>
			<xmax>356.6666666666667</xmax>
			<ymax>670.1666666666667</ymax>
		</bndbox>
	</object>
	<object>
		<name>Others</name>
		<pose>Unspecified</pose>
		<truncated>1</truncated>
		<difficult>0</difficult>
		<bndbox>
			<xmin>548.3333333333334</xmin>
			<ymin>642.6666666666667</ymin>
			<xmax>672.0</xmax>
			<ymax>719.0</ymax>
		</bndbox>
	</object>
	<object>
		<name>Others</name>
		<pose>Unspecified</pose>
		<truncated>1</truncated>
		<difficult>0</difficult>
		<bndbox>
			<xmin>235.83333333333334</xmin>
			<ymin>165.16666666666669</ymin>
			<xmax>304.1666666666667</xmax>
			<ymax>295.1666666666667</ymax>
		</bndbox>
	</object>
	<object>
		<name>Heat Stress</name>
		<pose>Unspecified</pose>
		<truncated>1</truncated>
		<difficult>0</difficult>
		<bndbox>
			<xmin>265.0</xmin>
			<ymin>81.0</ymin>
			<xmax>320.0</xmax>
			<ymax>186.0</ymax>
		</bndbox>
	</object>
	<object>
		<name>Others</name>
		<pose>Unspecified</pose>
		<truncated>1</truncated>
		<difficult>0</difficult>
		<bndbox>
			<xmin>161.78861788617886</xmin>
			<ymin>51.30081300813008</ymin>
			<xmax>266.6666666666667</xmax>
			<ymax>112.27642276422765</ymax>
		</bndbox>
	</object>
	<object>
		<name>Heat Stress</name>
		<pose>Unspecified</pose>
		<truncated>1</truncated>
		<difficult>0</difficult>
		<bndbox>
			<xmin>247.5</xmin>
			<ymin>16.833333333333336</ymin>
			<xmax>366.6666666666667</xmax>
			<ymax>75.16666666666667</ymax>
		</bndbox>
	</object>
	<object>
		<name>Heat Stress</name>
		<pose>Unspecified</pose>
		<truncated>1</truncated>
		<difficult>0</difficult>
		<bndbox>
			<xmin>120.0</xmin>
			<ymin>76.83333333333334</ymin>
			<xmax>178.33333333333334</xmax>
			<ymax>174.33333333333334</ymax>
		</bndbox>
	</object>
	<object>
		<name>Others</name>
		<pose>Unspecified</pose>
		<truncated>1</truncated>
		<difficult>0</difficult>
		<bndbox>
			<xmin>66.66666666666667</xmin>
			<ymin>166.83333333333334</ymin>
			<xmax>205.0</xmax>
			<ymax>255.16666666666669</ymax>
		</bndbox>
	</object>
	<object>
		<name>Heat Stress</name>
		<pose>Unspecified</pose>
		<truncated>1</truncated>
		<difficult>0</difficult>
		<bndbox>
			<xmin>125.83333333333334</xmin>
			<ymin>121.83333333333334</ymin>
			<xmax>189.16666666666669</xmax>
			<ymax>196.83333333333334</ymax>
		</bndbox>
	</object>
</annotation>