<annotation>
	<folder>UAV_data</folder>
	<filename>:\ssss\zuizhong\201907261520014130.976.4.jpg</filename>
	<source>
		<database>The UAV autolanding</database>
		<annotation>UAV AutoLanding</annotation>
		<image>flickr</image>
		<flickrid>NULL</flickrid>
	</source>
	<owner>
		<flickrid>NULL</flickrid>
		<name>ChaojieZhu</name>
	</owner>
	<size>
		<width>1280</width>
		<height>720</height>
		<depth>3</depth>
	</size>
		<segmented>0</segmented>
	<object>
		<name>Heat Stress</name>
		<pose>Unspecified</pose>
		<truncated>1</truncated>
		<difficult>0</difficult>
		<bndbox>
			<xmin>842.5</xmin>
			<ymin>556.8333333333334</ymin>
			<xmax>912.5</xmax>
			<ymax>673.5</ymax>
		</bndbox>
	</object>
	<object>
		<name>Eating</name>
		<pose>Unspecified</pose>
		<truncated>1</truncated>
		<difficult>0</difficult>
		<bndbox>
			<xmin>572.5</xmin>
			<ymin>482.64634146341473</ymin>
			<xmax>744.7154471544716</xmax>
			<ymax>603.3333333333334</ymax>
		</bndbox>
	</object>
	<object>
		<name>Others</name>
		<pose>Unspecified</pose>
		<truncated>1</truncated>
		<difficult>0</difficult>
		<bndbox>
			<xmin>754.1666666666667</xmin>
			<ymin>397.6666666666667</ymin>
			<xmax>927.5</xmax>
			<ymax>473.5</ymax>
		</bndbox>
	</object>
	<object>
		<name>Heat Stress</name>
		<pose>Unspecified</pose>
		<truncated>1</truncated>
		<difficult>0</difficult>
		<bndbox>
			<xmin>835.8333333333334</xmin>
			<ymin>301.0</ymin>
			<xmax>920.0</xmax>
			<ymax>418.5</ymax>
		</bndbox>
	</object>
	<object>
		<name>Others</name>
		<pose>Unspecified</pose>
		<truncated>1</truncated>
		<difficult>0</difficult>
		<bndbox>
			<xmin>620.0</xmin>
			<ymin>296.83333333333337</ymin>
			<xmax>752.5</xmax>
			<ymax>401.83333333333337</ymax>
		</bndbox>
	</object>
	<object>
		<name>Heat Stress</name>
		<pose>Unspecified</pose>
		<truncated>1</truncated>
		<difficult>0</difficult>
		<bndbox>
			<xmin>685.8333333333334</xmin>
			<ymin>257.6666666666667</ymin>
			<xmax>862.5</xmax>
			<ymax>345.1666666666667</ymax>
		</bndbox>
	</object>
	<object>
		<name>Heat Stress</name>
		<pose>Unspecified</pose>
		<truncated>1</truncated>
		<difficult>0</difficult>
		<bndbox>
			<xmin>549.1666666666667</xmin>
			<ymin>241.0</ymin>
			<xmax>662.5</xmax>
			<ymax>321.0</ymax>
		</bndbox>
	</object>
	<object>
		<name>Heat Stress</name>
		<pose>Unspecified</pose>
		<truncated>1</truncated>
		<difficult>0</difficult>
		<bndbox>
			<xmin>472.5</xmin>
			<ymin>333.5</ymin>
			<xmax>650.8333333333334</xmax>
			<ymax>446.0</ymax>
		</bndbox>
	</object>
	<object>
		<name>Heat Stress</name>
		<pose>Unspecified</pose>
		<truncated>1</truncated>
		<difficult>0</difficult>
		<bndbox>
			<xmin>353.33333333333337</xmin>
			<ymin>321.0</ymin>
			<xmax>505.0</xmax>
			<ymax>411.0</ymax>
		</bndbox>
	</object>
	<object>
		<name>Others</name>
		<pose>Unspecified</pose>
		<truncated>1</truncated>
		<difficult>0</difficult>
		<bndbox>
			<xmin>314.1666666666667</xmin>
			<ymin>246.0</ymin>
			<xmax>501.6666666666667</xmax>
			<ymax>333.5</ymax>
		</bndbox>
	</object>
	<object>
		<name>Others</name>
		<pose>Unspecified</pose>
		<truncated>1</truncated>
		<difficult>0</difficult>
		<bndbox>
			<xmin>288.33333333333337</xmin>
			<ymin>248.5</ymin>
			<xmax>371.6666666666667</xmax>
			<ymax>356.83333333333337</ymax>
		</bndbox>
	</object>
	<object>
		<name>Heat Stress</name>
		<pose>Unspecified</pose>
		<truncated>1</truncated>
		<difficult>0</difficult>
		<bndbox>
			<xmin>172.5</xmin>
			<ymin>250.16666666666669</ymin>
			<xmax>280.83333333333337</xmax>
			<ymax>336.0</ymax>
		</bndbox>
	</object>
	<object>
		<name>Heat Stress</name>
		<pose>Unspecified</pose>
		<truncated>1</truncated>
		<difficult>0</difficult>
		<bndbox>
			<xmin>252.5</xmin>
			<ymin>426.83333333333337</ymin>
			<xmax>335.83333333333337</xmax>
			<ymax>553.5</ymax>
		</bndbox>
	</object>
	<object>
		<name>Heat Stress</name>
		<pose>Unspecified</pose>
		<truncated>1</truncated>
		<difficult>0</difficult>
		<bndbox>
			<xmin>165.83333333333334</xmin>
			<ymin>422.6666666666667</ymin>
			<xmax>236.66666666666669</xmax>
			<ymax>562.6666666666667</ymax>
		</bndbox>
	</object>
	<object>
		<name>Heat Stress</name>
		<pose>Unspecified</pose>
		<truncated>1</truncated>
		<difficult>0</difficult>
		<bndbox>
			<xmin>222.5</xmin>
			<ymin>581.8333333333334</ymin>
			<xmax>356.6666666666667</xmax>
			<ymax>668.5</ymax>
		</bndbox>
	</object>
	<object>
		<name>Others</name>
		<pose>Unspecified</pose>
		<truncated>1</truncated>
		<difficult>0</difficult>
		<bndbox>
			<xmin>94.16666666666667</xmin>
			<ymin>332.6666666666667</ymin>
			<xmax>199.16666666666669</xmax>
			<ymax>423.5</ymax>
		</bndbox>
	</object>
	<object>
		<name>Others</name>
		<pose>Unspecified</pose>
		<truncated>1</truncated>
		<difficult>0</difficult>
		<bndbox>
			<xmin>84.16666666666667</xmin>
			<ymin>216.83333333333334</ymin>
			<xmax>191.66666666666669</xmax>
			<ymax>288.5</ymax>
		</bndbox>
	</object>
	<object>
		<name>Heat Stress</name>
		<pose>Unspecified</pose>
		<truncated>1</truncated>
		<difficult>0</difficult>
		<bndbox>
			<xmin>200.0</xmin>
			<ymin>156.0</ymin>
			<xmax>314.1666666666667</xmax>
			<ymax>239.33333333333337</ymax>
		</bndbox>
	</object>
	<object>
		<name>Heat Stress</name>
		<pose>Unspecified</pose>
		<truncated>1</truncated>
		<difficult>0</difficult>
		<bndbox>
			<xmin>247.5</xmin>
			<ymin>89.33333333333334</ymin>
			<xmax>320.0</xmax>
			<ymax>188.5</ymax>
		</bndbox>
	</object>
	<object>
		<name>Others</name>
		<pose>Unspecified</pose>
		<truncated>1</truncated>
		<difficult>0</difficult>
		<bndbox>
			<xmin>282.5</xmin>
			<ymin>3.5</ymin>
			<xmax>352.5</xmax>
			<ymax>128.5</ymax>
		</bndbox>
	</object>
	<object>
		<name>Others</name>
		<pose>Unspecified</pose>
		<truncated>1</truncated>
		<difficult>0</difficult>
		<bndbox>
			<xmin>190.0</xmin>
			<ymin>8.5</ymin>
			<xmax>270.83333333333337</xmax>
			<ymax>128.5</ymax>
		</bndbox>
	</object>
	<object>
		<name>Others</name>
		<pose>Unspecified</pose>
		<truncated>1</truncated>
		<difficult>0</difficult>
		<bndbox>
			<xmin>402.5</xmin>
			<ymin>73.5</ymin>
			<xmax>462.5</xmax>
			<ymax>192.66666666666669</ymax>
		</bndbox>
	</object>
	<object>
		<name>Drinking</name>
		<pose>Unspecified</pose>
		<truncated>1</truncated>
		<difficult>0</difficult>
		<bndbox>
			<xmin>374.1666666666667</xmin>
			<ymin>18.5</ymin>
			<xmax>523.3333333333334</xmax>
			<ymax>77.66666666666667</ymax>
		</bndbox>
	</object>
	<object>
		<name>Others</name>
		<pose>Unspecified</pose>
		<truncated>1</truncated>
		<difficult>0</difficult>
		<bndbox>
			<xmin>435.589430894309</xmin>
			<ymin>114.27235772357724</ymin>
			<xmax>587.8048780487806</xmax>
			<ymax>194.39024390243904</ymax>
		</bndbox>
	</object>
	<object>
		<name>Others</name>
		<pose>Unspecified</pose>
		<truncated>1</truncated>
		<difficult>0</difficult>
		<bndbox>
			<xmin>420.83333333333337</xmin>
			<ymin>164.33333333333334</ymin>
			<xmax>564.1666666666667</xmax>
			<ymax>271.83333333333337</ymax>
		</bndbox>
	</object>
	<object>
		<name>Others</name>
		<pose>Unspecified</pose>
		<truncated>1</truncated>
		<difficult>0</difficult>
		<bndbox>
			<xmin>615.4471544715448</xmin>
			<ymin>87.07317073170732</ymin>
			<xmax>727.6829268292684</xmax>
			<ymax>214.45528455284554</ymax>
		</bndbox>
	</object>
	<object>
		<name>Heat Stress</name>
		<pose>Unspecified</pose>
		<truncated>1</truncated>
		<difficult>0</difficult>
		<bndbox>
			<xmin>728.3536585365854</xmin>
			<ymin>102.03658536585365</ymin>
			<xmax>827.520325203252</xmax>
			<ymax>251.20325203252037</ymax>
		</bndbox>
	</object>
	<object>
		<name>Others</name>
		<pose>Unspecified</pose>
		<truncated>1</truncated>
		<difficult>0</difficult>
		<bndbox>
			<xmin>845.8333333333334</xmin>
			<ymin>143.5</ymin>
			<xmax>955.8333333333334</xmax>
			<ymax>251.83333333333337</ymax>
		</bndbox>
	</object>
	<object>
		<name>Others</name>
		<pose>Unspecified</pose>
		<truncated>1</truncated>
		<difficult>0</difficult>
		<bndbox>
			<xmin>851.6666666666667</xmin>
			<ymin>5.166666666666668</ymin>
			<xmax>928.3333333333334</xmax>
			<ymax>148.5</ymax>
		</bndbox>
	</object>
	<object>
		<name>Others</name>
		<pose>Unspecified</pose>
		<truncated>1</truncated>
		<difficult>0</difficult>
		<bndbox>
			<xmin>688.3333333333334</xmin>
			<ymin>13.5</ymin>
			<xmax>826.6666666666667</xmax>
			<ymax>92.66666666666667</ymax>
		</bndbox>
	</object>
	<object>
		<name>Heat Stress</name>
		<pose>Unspecified</pose>
		<truncated>1</truncated>
		<difficult>0</difficult>
		<bndbox>
			<xmin>122.5</xmin>
			<ymin>123.5</ymin>
			<xmax>184.16666666666669</xmax>
			<ymax>226.0</ymax>
		</bndbox>
	</object>
	<object>
		<name>Heat Stress</name>
		<pose>Unspecified</pose>
		<truncated>1</truncated>
		<difficult>0</difficult>
		<bndbox>
			<xmin>120.83333333333334</xmin>
			<ymin>74.33333333333334</ymin>
			<xmax>181.66666666666669</xmax>
			<ymax>181.83333333333334</ymax>
		</bndbox>
	</object>
</annotation>