<annotation>
	<folder>UAV_data</folder>
	<filename>:\ssss\zuizhong\201907261520004531.175.1.jpg</filename>
	<source>
		<database>The UAV autolanding</database>
		<annotation>UAV AutoLanding</annotation>
		<image>flickr</image>
		<flickrid>NULL</flickrid>
	</source>
	<owner>
		<flickrid>NULL</flickrid>
		<name>ChaojieZhu</name>
	</owner>
	<size>
		<width>1280</width>
		<height>720</height>
		<depth>3</depth>
	</size>
		<segmented>0</segmented>
	<object>
		<name>Heat Stress</name>
		<pose>Unspecified</pose>
		<truncated>1</truncated>
		<difficult>0</difficult>
		<bndbox>
			<xmin>842.5</xmin>
			<ymin>556.0</ymin>
			<xmax>916.6666666666667</xmax>
			<ymax>667.6666666666667</ymax>
		</bndbox>
	</object>
	<object>
		<name>Heat Stress</name>
		<pose>Unspecified</pose>
		<truncated>1</truncated>
		<difficult>0</difficult>
		<bndbox>
			<xmin>769.1666666666667</xmin>
			<ymin>343.5</ymin>
			<xmax>862.5</xmax>
			<ymax>509.33333333333337</ymax>
		</bndbox>
	</object>
	<object>
		<name>Heat Stress</name>
		<pose>Unspecified</pose>
		<truncated>1</truncated>
		<difficult>0</difficult>
		<bndbox>
			<xmin>665.0</xmin>
			<ymin>391.0</ymin>
			<xmax>748.3333333333334</xmax>
			<ymax>538.5</ymax>
		</bndbox>
	</object>
	<object>
		<name>Others</name>
		<pose>Unspecified</pose>
		<truncated>1</truncated>
		<difficult>0</difficult>
		<bndbox>
			<xmin>622.5</xmin>
			<ymin>270.1666666666667</ymin>
			<xmax>707.5</xmax>
			<ymax>433.5</ymax>
		</bndbox>
	</object>
	<object>
		<name>Others</name>
		<pose>Unspecified</pose>
		<truncated>1</truncated>
		<difficult>0</difficult>
		<bndbox>
			<xmin>503.33333333333337</xmin>
			<ymin>334.33333333333337</ymin>
			<xmax>620.0</xmax>
			<ymax>423.5</ymax>
		</bndbox>
	</object>
	<object>
		<name>Heat Stress</name>
		<pose>Unspecified</pose>
		<truncated>1</truncated>
		<difficult>0</difficult>
		<bndbox>
			<xmin>354.1666666666667</xmin>
			<ymin>334.33333333333337</ymin>
			<xmax>505.83333333333337</xmax>
			<ymax>415.1666666666667</ymax>
		</bndbox>
	</object>
	<object>
		<name>Others</name>
		<pose>Unspecified</pose>
		<truncated>1</truncated>
		<difficult>0</difficult>
		<bndbox>
			<xmin>275.83333333333337</xmin>
			<ymin>357.6666666666667</ymin>
			<xmax>385.83333333333337</xmax>
			<ymax>518.5</ymax>
		</bndbox>
	</object>
	<object>
		<name>Heat Stress</name>
		<pose>Unspecified</pose>
		<truncated>1</truncated>
		<difficult>0</difficult>
		<bndbox>
			<xmin>235.0</xmin>
			<ymin>584.3333333333334</ymin>
			<xmax>355.0</xmax>
			<ymax>671.0</ymax>
		</bndbox>
	</object>
	<object>
		<name>Eating</name>
		<pose>Unspecified</pose>
		<truncated>1</truncated>
		<difficult>0</difficult>
		<bndbox>
			<xmin>339.8373983739837</xmin>
			<ymin>597.829268292683</ymin>
			<xmax>481.0</xmax>
			<ymax>719.0</ymax>
		</bndbox>
	</object>
	<object>
		<name>Others</name>
		<pose>Unspecified</pose>
		<truncated>1</truncated>
		<difficult>0</difficult>
		<bndbox>
			<xmin>122.5</xmin>
			<ymin>554.3333333333334</ymin>
			<xmax>195.0</xmax>
			<ymax>681.0</ymax>
		</bndbox>
	</object>
	<object>
		<name>Others</name>
		<pose>Unspecified</pose>
		<truncated>1</truncated>
		<difficult>0</difficult>
		<bndbox>
			<xmin>146.66666666666669</xmin>
			<ymin>403.5</ymin>
			<xmax>235.0</xmax>
			<ymax>493.5</ymax>
		</bndbox>
	</object>
	<object>
		<name>Others</name>
		<pose>Unspecified</pose>
		<truncated>1</truncated>
		<difficult>0</difficult>
		<bndbox>
			<xmin>105.0</xmin>
			<ymin>285.1666666666667</ymin>
			<xmax>209.16666666666669</xmax>
			<ymax>370.1666666666667</ymax>
		</bndbox>
	</object>
	<object>
		<name>Heat Stress</name>
		<pose>Unspecified</pose>
		<truncated>1</truncated>
		<difficult>0</difficult>
		<bndbox>
			<xmin>786.6666666666667</xmin>
			<ymin>257.6666666666667</ymin>
			<xmax>907.5</xmax>
			<ymax>354.33333333333337</ymax>
		</bndbox>
	</object>
	<object>
		<name>Heat Stress</name>
		<pose>Unspecified</pose>
		<truncated>1</truncated>
		<difficult>0</difficult>
		<bndbox>
			<xmin>690.8333333333334</xmin>
			<ymin>151.83333333333334</ymin>
			<xmax>783.3333333333334</xmax>
			<ymax>325.1666666666667</ymax>
		</bndbox>
	</object>
	<object>
		<name>Others</name>
		<pose>Unspecified</pose>
		<truncated>1</truncated>
		<difficult>0</difficult>
		<bndbox>
			<xmin>822.5</xmin>
			<ymin>101.83333333333334</ymin>
			<xmax>965.0</xmax>
			<ymax>242.66666666666669</ymax>
		</bndbox>
	</object>
	<object>
		<name>Heat Stress</name>
		<pose>Unspecified</pose>
		<truncated>1</truncated>
		<difficult>0</difficult>
		<bndbox>
			<xmin>860.0</xmin>
			<ymin>17.66666666666667</ymin>
			<xmax>950.8333333333334</xmax>
			<ymax>141.0</ymax>
		</bndbox>
	</object>
	<object>
		<name>Others</name>
		<pose>Unspecified</pose>
		<truncated>1</truncated>
		<difficult>0</difficult>
		<bndbox>
			<xmin>697.5</xmin>
			<ymin>72.66666666666667</ymin>
			<xmax>806.6666666666667</xmax>
			<ymax>171.83333333333334</ymax>
		</bndbox>
	</object>
	<object>
		<name>Heat Stress</name>
		<pose>Unspecified</pose>
		<truncated>1</truncated>
		<difficult>0</difficult>
		<bndbox>
			<xmin>618.3943089430895</xmin>
			<ymin>91.83333333333334</ymin>
			<xmax>702.439024390244</xmax>
			<ymax>226.28455284552845</ymax>
		</bndbox>
	</object>
	<object>
		<name>Drinking</name>
		<pose>Unspecified</pose>
		<truncated>1</truncated>
		<difficult>0</difficult>
		<bndbox>
			<xmin>547.5</xmin>
			<ymin>74.33333333333334</ymin>
			<xmax>617.5</xmax>
			<ymax>271.83333333333337</ymax>
		</bndbox>
	</object>
	<object>
		<name>Drinking</name>
		<pose>Unspecified</pose>
		<truncated>1</truncated>
		<difficult>0</difficult>
		<bndbox>
			<xmin>429.1666666666667</xmin>
			<ymin>70.16666666666667</ymin>
			<xmax>590.0</xmax>
			<ymax>166.0</ymax>
		</bndbox>
	</object>
	<object>
		<name>Heat Stress</name>
		<pose>Unspecified</pose>
		<truncated>1</truncated>
		<difficult>0</difficult>
		<bndbox>
			<xmin>420.83333333333337</xmin>
			<ymin>188.5</ymin>
			<xmax>542.5</xmax>
			<ymax>318.5</ymax>
		</bndbox>
	</object>
	<object>
		<name>Others</name>
		<pose>Unspecified</pose>
		<truncated>1</truncated>
		<difficult>0</difficult>
		<bndbox>
			<xmin>320.83333333333337</xmin>
			<ymin>246.83333333333337</ymin>
			<xmax>480.83333333333337</xmax>
			<ymax>356.0</ymax>
		</bndbox>
	</object>
	<object>
		<name>Drinking</name>
		<pose>Unspecified</pose>
		<truncated>1</truncated>
		<difficult>0</difficult>
		<bndbox>
			<xmin>365.83333333333337</xmin>
			<ymin>86.0</ymin>
			<xmax>440.0</xmax>
			<ymax>216.0</ymax>
		</bndbox>
	</object>
	<object>
		<name>Drinking</name>
		<pose>Unspecified</pose>
		<truncated>1</truncated>
		<difficult>0</difficult>
		<bndbox>
			<xmin>414.1666666666667</xmin>
			<ymin>15.166666666666671</ymin>
			<xmax>488.6178861788618</xmax>
			<ymax>141.7317073170732</ymax>
		</bndbox>
	</object>
	<object>
		<name>Heat Stress</name>
		<pose>Unspecified</pose>
		<truncated>1</truncated>
		<difficult>0</difficult>
		<bndbox>
			<xmin>230.0</xmin>
			<ymin>206.0</ymin>
			<xmax>325.83333333333337</xmax>
			<ymax>336.0</ymax>
		</bndbox>
	</object>
	<object>
		<name>Heat Stress</name>
		<pose>Unspecified</pose>
		<truncated>1</truncated>
		<difficult>0</difficult>
		<bndbox>
			<xmin>322.5</xmin>
			<ymin>181.0</ymin>
			<xmax>390.83333333333337</xmax>
			<ymax>300.1666666666667</ymax>
		</bndbox>
	</object>
	<object>
		<name>Heat Stress</name>
		<pose>Unspecified</pose>
		<truncated>1</truncated>
		<difficult>0</difficult>
		<bndbox>
			<xmin>240.83333333333334</xmin>
			<ymin>109.33333333333334</ymin>
			<xmax>363.33333333333337</xmax>
			<ymax>175.16666666666669</ymax>
		</bndbox>
	</object>
	<object>
		<name>Others</name>
		<pose>Unspecified</pose>
		<truncated>1</truncated>
		<difficult>0</difficult>
		<bndbox>
			<xmin>207.5</xmin>
			<ymin>119.33333333333334</ymin>
			<xmax>287.5</xmax>
			<ymax>231.0</ymax>
		</bndbox>
	</object>
	<object>
		<name>Others</name>
		<pose>Unspecified</pose>
		<truncated>1</truncated>
		<difficult>0</difficult>
		<bndbox>
			<xmin>288.33333333333337</xmin>
			<ymin>1.0</ymin>
			<xmax>344.1666666666667</xmax>
			<ymax>130.16666666666669</ymax>
		</bndbox>
	</object>
	<object>
		<name>Others</name>
		<pose>Unspecified</pose>
		<truncated>1</truncated>
		<difficult>0</difficult>
		<bndbox>
			<xmin>183.33333333333334</xmin>
			<ymin>3.5</ymin>
			<xmax>307.5</xmax>
			<ymax>92.66666666666667</ymax>
		</bndbox>
	</object>
	<object>
		<name>Others</name>
		<pose>Unspecified</pose>
		<truncated>1</truncated>
		<difficult>0</difficult>
		<bndbox>
			<xmin>118.33333333333334</xmin>
			<ymin>42.66666666666667</ymin>
			<xmax>212.5</xmax>
			<ymax>126.83333333333334</ymax>
		</bndbox>
	</object>
	<object>
		<name>Others</name>
		<pose>Unspecified</pose>
		<truncated>1</truncated>
		<difficult>0</difficult>
		<bndbox>
			<xmin>85.83333333333334</xmin>
			<ymin>111.0</ymin>
			<xmax>162.5</xmax>
			<ymax>243.5</ymax>
		</bndbox>
	</object>
	<object>
		<name>Others</name>
		<pose>Unspecified</pose>
		<truncated>1</truncated>
		<difficult>0</difficult>
		<bndbox>
			<xmin>710.8333333333334</xmin>
			<ymin>24.333333333333336</ymin>
			<xmax>849.1666666666667</xmax>
			<ymax>80.16666666666667</ymax>
		</bndbox>
	</object>
</annotation>