<annotation>
	<folder>UAV_data</folder>
	<filename>:\ssss\zuizhong\201907261520021730.975.8.jpg</filename>
	<source>
		<database>The UAV autolanding</database>
		<annotation>UAV AutoLanding</annotation>
		<image>flickr</image>
		<flickrid>NULL</flickrid>
	</source>
	<owner>
		<flickrid>NULL</flickrid>
		<name>ChaojieZhu</name>
	</owner>
	<size>
		<width>1280</width>
		<height>720</height>
		<depth>3</depth>
	</size>
		<segmented>0</segmented>
	<object>
		<name>Heat Stress</name>
		<pose>Unspecified</pose>
		<truncated>1</truncated>
		<difficult>0</difficult>
		<bndbox>
			<xmin>841.6666666666667</xmin>
			<ymin>551.8333333333334</ymin>
			<xmax>919.1666666666667</xmax>
			<ymax>667.6666666666667</ymax>
		</bndbox>
	</object>
	<object>
		<name>Heat Stress</name>
		<pose>Unspecified</pose>
		<truncated>1</truncated>
		<difficult>0</difficult>
		<bndbox>
			<xmin>872.5</xmin>
			<ymin>416.83333333333337</ymin>
			<xmax>949.1666666666667</xmax>
			<ymax>553.5</ymax>
		</bndbox>
	</object>
	<object>
		<name>Heat Stress</name>
		<pose>Unspecified</pose>
		<truncated>1</truncated>
		<difficult>0</difficult>
		<bndbox>
			<xmin>700.0</xmin>
			<ymin>381.83333333333337</ymin>
			<xmax>828.3333333333334</xmax>
			<ymax>486.83333333333337</ymax>
		</bndbox>
	</object>
	<object>
		<name>Heat Stress</name>
		<pose>Unspecified</pose>
		<truncated>1</truncated>
		<difficult>0</difficult>
		<bndbox>
			<xmin>541.6666666666667</xmin>
			<ymin>637.6666666666667</ymin>
			<xmax>675.0</xmax>
			<ymax>719.0</ymax>
		</bndbox>
	</object>
	<object>
		<name>Others</name>
		<pose>Unspecified</pose>
		<truncated>1</truncated>
		<difficult>0</difficult>
		<bndbox>
			<xmin>416.6666666666667</xmin>
			<ymin>402.6666666666667</ymin>
			<xmax>555.8333333333334</xmax>
			<ymax>507.66666666666674</ymax>
		</bndbox>
	</object>
	<object>
		<name>Eating</name>
		<pose>Unspecified</pose>
		<truncated>1</truncated>
		<difficult>0</difficult>
		<bndbox>
			<xmin>411.3821138211382</xmin>
			<ymin>499.2682926829268</ymin>
			<xmax>611.6666666666667</xmax>
			<ymax>603.5</ymax>
		</bndbox>
	</object>
	<object>
		<name>Heat Stress</name>
		<pose>Unspecified</pose>
		<truncated>1</truncated>
		<difficult>0</difficult>
		<bndbox>
			<xmin>225.0</xmin>
			<ymin>581.0</ymin>
			<xmax>358.33333333333337</xmax>
			<ymax>669.3333333333334</ymax>
		</bndbox>
	</object>
	<object>
		<name>Others</name>
		<pose>Unspecified</pose>
		<truncated>1</truncated>
		<difficult>0</difficult>
		<bndbox>
			<xmin>150.83333333333334</xmin>
			<ymin>420.1666666666667</ymin>
			<xmax>302.5</xmax>
			<ymax>550.1666666666667</ymax>
		</bndbox>
	</object>
	<object>
		<name>Others</name>
		<pose>Unspecified</pose>
		<truncated>1</truncated>
		<difficult>0</difficult>
		<bndbox>
			<xmin>500.83333333333337</xmin>
			<ymin>338.5</ymin>
			<xmax>665.0</xmax>
			<ymax>429.33333333333337</ymax>
		</bndbox>
	</object>
	<object>
		<name>Others</name>
		<pose>Unspecified</pose>
		<truncated>1</truncated>
		<difficult>0</difficult>
		<bndbox>
			<xmin>460.83333333333337</xmin>
			<ymin>264.33333333333337</ymin>
			<xmax>554.1666666666667</xmax>
			<ymax>381.83333333333337</ymax>
		</bndbox>
	</object>
	<object>
		<name>Heat Stress</name>
		<pose>Unspecified</pose>
		<truncated>1</truncated>
		<difficult>0</difficult>
		<bndbox>
			<xmin>709.1666666666667</xmin>
			<ymin>270.1666666666667</ymin>
			<xmax>839.1666666666667</xmax>
			<ymax>384.33333333333337</ymax>
		</bndbox>
	</object>
	<object>
		<name>Others</name>
		<pose>Unspecified</pose>
		<truncated>1</truncated>
		<difficult>0</difficult>
		<bndbox>
			<xmin>370.83333333333337</xmin>
			<ymin>271.83333333333337</ymin>
			<xmax>465.83333333333337</xmax>
			<ymax>433.5</ymax>
		</bndbox>
	</object>
	<object>
		<name>Others</name>
		<pose>Unspecified</pose>
		<truncated>1</truncated>
		<difficult>0</difficult>
		<bndbox>
			<xmin>286.6666666666667</xmin>
			<ymin>245.979674796748</ymin>
			<xmax>378.33333333333337</xmax>
			<ymax>350.1463414634147</ymax>
		</bndbox>
	</object>
	<object>
		<name>Others</name>
		<pose>Unspecified</pose>
		<truncated>1</truncated>
		<difficult>0</difficult>
		<bndbox>
			<xmin>468.33333333333337</xmin>
			<ymin>97.66666666666667</ymin>
			<xmax>531.6666666666667</xmax>
			<ymax>253.5</ymax>
		</bndbox>
	</object>
	<object>
		<name>Others</name>
		<pose>Unspecified</pose>
		<truncated>1</truncated>
		<difficult>0</difficult>
		<bndbox>
			<xmin>330.83333333333337</xmin>
			<ymin>101.0</ymin>
			<xmax>403.33333333333337</xmax>
			<ymax>246.83333333333337</ymax>
		</bndbox>
	</object>
	<object>
		<name>Others</name>
		<pose>Unspecified</pose>
		<truncated>1</truncated>
		<difficult>0</difficult>
		<bndbox>
			<xmin>609.1666666666667</xmin>
			<ymin>66.0</ymin>
			<xmax>721.6666666666667</xmax>
			<ymax>202.66666666666669</ymax>
		</bndbox>
	</object>
	<object>
		<name>Others</name>
		<pose>Unspecified</pose>
		<truncated>1</truncated>
		<difficult>0</difficult>
		<bndbox>
			<xmin>862.5</xmin>
			<ymin>142.66666666666669</ymin>
			<xmax>952.5</xmax>
			<ymax>248.5</ymax>
		</bndbox>
	</object>
	<object>
		<name>Heat Stress</name>
		<pose>Unspecified</pose>
		<truncated>1</truncated>
		<difficult>0</difficult>
		<bndbox>
			<xmin>719.979674796748</xmin>
			<ymin>94.15040650406505</ymin>
			<xmax>826.0162601626016</xmax>
			<ymax>248.8617886178862</ymax>
		</bndbox>
	</object>
	<object>
		<name>Others</name>
		<pose>Unspecified</pose>
		<truncated>1</truncated>
		<difficult>0</difficult>
		<bndbox>
			<xmin>655.8333333333334</xmin>
			<ymin>8.5</ymin>
			<xmax>782.5</xmax>
			<ymax>64.33333333333334</ymax>
		</bndbox>
	</object>
	<object>
		<name>Others</name>
		<pose>Unspecified</pose>
		<truncated>1</truncated>
		<difficult>0</difficult>
		<bndbox>
			<xmin>397.5</xmin>
			<ymin>13.5</ymin>
			<xmax>465.83333333333337</xmax>
			<ymax>170.16666666666669</ymax>
		</bndbox>
	</object>
	<object>
		<name>Heat Stress</name>
		<pose>Unspecified</pose>
		<truncated>1</truncated>
		<difficult>0</difficult>
		<bndbox>
			<xmin>246.66666666666669</xmin>
			<ymin>16.0</ymin>
			<xmax>379.1666666666667</xmax>
			<ymax>79.33333333333334</ymax>
		</bndbox>
	</object>
	<object>
		<name>Others</name>
		<pose>Unspecified</pose>
		<truncated>1</truncated>
		<difficult>0</difficult>
		<bndbox>
			<xmin>171.66666666666669</xmin>
			<ymin>46.0</ymin>
			<xmax>301.6666666666667</xmax>
			<ymax>116.83333333333334</ymax>
		</bndbox>
	</object>
	<object>
		<name>Heat Stress</name>
		<pose>Unspecified</pose>
		<truncated>1</truncated>
		<difficult>0</difficult>
		<bndbox>
			<xmin>254.16666666666669</xmin>
			<ymin>163.5</ymin>
			<xmax>321.6666666666667</xmax>
			<ymax>295.1666666666667</ymax>
		</bndbox>
	</object>
	<object>
		<name>Others</name>
		<pose>Unspecified</pose>
		<truncated>1</truncated>
		<difficult>0</difficult>
		<bndbox>
			<xmin>150.0</xmin>
			<ymin>200.16666666666669</ymin>
			<xmax>222.5</xmax>
			<ymax>370.1666666666667</ymax>
		</bndbox>
	</object>
	<object>
		<name>Others</name>
		<pose>Unspecified</pose>
		<truncated>1</truncated>
		<difficult>0</difficult>
		<bndbox>
			<xmin>124.16666666666667</xmin>
			<ymin>147.66666666666669</ymin>
			<xmax>195.83333333333334</xmax>
			<ymax>237.66666666666669</ymax>
		</bndbox>
	</object>
	<object>
		<name>Heat Stress</name>
		<pose>Unspecified</pose>
		<truncated>1</truncated>
		<difficult>0</difficult>
		<bndbox>
			<xmin>120.83333333333334</xmin>
			<ymin>70.16666666666667</ymin>
			<xmax>180.83333333333334</xmax>
			<ymax>180.16666666666669</ymax>
		</bndbox>
	</object>
	<object>
		<name>Others</name>
		<pose>Unspecified</pose>
		<truncated>1</truncated>
		<difficult>0</difficult>
		<bndbox>
			<xmin>501.6666666666667</xmin>
			<ymin>26.0</ymin>
			<xmax>595.8333333333334</xmax>
			<ymax>151.83333333333334</ymax>
		</bndbox>
	</object>
</annotation>