<annotation>
	<folder>UAV_data</folder>
	<filename>:\ssss\zuizhong\201907261520008531.175.7.jpg</filename>
	<source>
		<database>The UAV autolanding</database>
		<annotation>UAV AutoLanding</annotation>
		<image>flickr</image>
		<flickrid>NULL</flickrid>
	</source>
	<owner>
		<flickrid>NULL</flickrid>
		<name>ChaojieZhu</name>
	</owner>
	<size>
		<width>1280</width>
		<height>720</height>
		<depth>3</depth>
	</size>
		<segmented>0</segmented>
	<object>
		<name>Heat Stress</name>
		<pose>Unspecified</pose>
		<truncated>1</truncated>
		<difficult>0</difficult>
		<bndbox>
			<xmin>841.6666666666667</xmin>
			<ymin>556.0</ymin>
			<xmax>912.5</xmax>
			<ymax>676.8333333333334</ymax>
		</bndbox>
	</object>
	<object>
		<name>Eating</name>
		<pose>Unspecified</pose>
		<truncated>1</truncated>
		<difficult>0</difficult>
		<bndbox>
			<xmin>763.3333333333334</xmin>
			<ymin>351.0</ymin>
			<xmax>853.3333333333334</xmax>
			<ymax>509.33333333333337</ymax>
		</bndbox>
	</object>
	<object>
		<name>Heat Stress</name>
		<pose>Unspecified</pose>
		<truncated>1</truncated>
		<difficult>0</difficult>
		<bndbox>
			<xmin>659.1666666666667</xmin>
			<ymin>399.33333333333337</ymin>
			<xmax>746.6666666666667</xmax>
			<ymax>541.0</ymax>
		</bndbox>
	</object>
	<object>
		<name>Heat Stress</name>
		<pose>Unspecified</pose>
		<truncated>1</truncated>
		<difficult>0</difficult>
		<bndbox>
			<xmin>497.5</xmin>
			<ymin>290.1666666666667</ymin>
			<xmax>576.6666666666667</xmax>
			<ymax>427.6666666666667</ymax>
		</bndbox>
	</object>
	<object>
		<name>Others</name>
		<pose>Unspecified</pose>
		<truncated>1</truncated>
		<difficult>0</difficult>
		<bndbox>
			<xmin>609.1666666666667</xmin>
			<ymin>265.1666666666667</ymin>
			<xmax>703.3333333333334</xmax>
			<ymax>401.0</ymax>
		</bndbox>
	</object>
	<object>
		<name>Heat Stress</name>
		<pose>Unspecified</pose>
		<truncated>1</truncated>
		<difficult>0</difficult>
		<bndbox>
			<xmin>781.6666666666667</xmin>
			<ymin>259.33333333333337</ymin>
			<xmax>908.3333333333334</xmax>
			<ymax>357.6666666666667</ymax>
		</bndbox>
	</object>
	<object>
		<name>Heat Stress</name>
		<pose>Unspecified</pose>
		<truncated>1</truncated>
		<difficult>0</difficult>
		<bndbox>
			<xmin>340.0</xmin>
			<ymin>329.33333333333337</ymin>
			<xmax>501.6666666666667</xmax>
			<ymax>406.0</ymax>
		</bndbox>
	</object>
	<object>
		<name>Eating</name>
		<pose>Unspecified</pose>
		<truncated>1</truncated>
		<difficult>0</difficult>
		<bndbox>
			<xmin>280.0</xmin>
			<ymin>360.1666666666667</ymin>
			<xmax>401.6666666666667</xmax>
			<ymax>507.66666666666674</ymax>
		</bndbox>
	</object>
	<object>
		<name>Heat Stress</name>
		<pose>Unspecified</pose>
		<truncated>1</truncated>
		<difficult>0</difficult>
		<bndbox>
			<xmin>220.0</xmin>
			<ymin>580.1666666666667</ymin>
			<xmax>342.5</xmax>
			<ymax>671.8333333333334</ymax>
		</bndbox>
	</object>
	<object>
		<name>Others</name>
		<pose>Unspecified</pose>
		<truncated>1</truncated>
		<difficult>0</difficult>
		<bndbox>
			<xmin>325.83333333333337</xmin>
			<ymin>619.3333333333334</ymin>
			<xmax>459.1666666666667</xmax>
			<ymax>704.3333333333334</ymax>
		</bndbox>
	</object>
	<object>
		<name>Others</name>
		<pose>Unspecified</pose>
		<truncated>1</truncated>
		<difficult>0</difficult>
		<bndbox>
			<xmin>346.6666666666667</xmin>
			<ymin>242.66666666666669</ymin>
			<xmax>491.6666666666667</xmax>
			<ymax>345.1666666666667</ymax>
		</bndbox>
	</object>
	<object>
		<name>Heat Stress</name>
		<pose>Unspecified</pose>
		<truncated>1</truncated>
		<difficult>0</difficult>
		<bndbox>
			<xmin>411.6666666666667</xmin>
			<ymin>166.0</ymin>
			<xmax>522.5</xmax>
			<ymax>315.1666666666667</ymax>
		</bndbox>
	</object>
	<object>
		<name>Others</name>
		<pose>Unspecified</pose>
		<truncated>1</truncated>
		<difficult>0</difficult>
		<bndbox>
			<xmin>689.1666666666667</xmin>
			<ymin>159.33333333333334</ymin>
			<xmax>793.3333333333334</xmax>
			<ymax>299.33333333333337</ymax>
		</bndbox>
	</object>
	<object>
		<name>Others</name>
		<pose>Unspecified</pose>
		<truncated>1</truncated>
		<difficult>0</difficult>
		<bndbox>
			<xmin>819.1666666666667</xmin>
			<ymin>125.16666666666669</ymin>
			<xmax>925.8333333333334</xmax>
			<ymax>233.5</ymax>
		</bndbox>
	</object>
	<object>
		<name>Others</name>
		<pose>Unspecified</pose>
		<truncated>1</truncated>
		<difficult>0</difficult>
		<bndbox>
			<xmin>852.5</xmin>
			<ymin>2.666666666666668</ymin>
			<xmax>930.0</xmax>
			<ymax>151.83333333333334</ymax>
		</bndbox>
	</object>
	<object>
		<name>Drinking</name>
		<pose>Unspecified</pose>
		<truncated>1</truncated>
		<difficult>0</difficult>
		<bndbox>
			<xmin>664.2682926829268</xmin>
			<ymin>74.4959349593496</ymin>
			<xmax>809.7560975609756</xmax>
			<ymax>173.4390243902439</ymax>
		</bndbox>
	</object>
	<object>
		<name>Others</name>
		<pose>Unspecified</pose>
		<truncated>1</truncated>
		<difficult>0</difficult>
		<bndbox>
			<xmin>709.1666666666667</xmin>
			<ymin>16.833333333333336</ymin>
			<xmax>830.0</xmax>
			<ymax>92.66666666666667</ymax>
		</bndbox>
	</object>
	<object>
		<name>Others</name>
		<pose>Unspecified</pose>
		<truncated>1</truncated>
		<difficult>0</difficult>
		<bndbox>
			<xmin>613.3333333333334</xmin>
			<ymin>95.16666666666667</ymin>
			<xmax>693.3333333333334</xmax>
			<ymax>244.33333333333337</ymax>
		</bndbox>
	</object>
	<object>
		<name>Others</name>
		<pose>Unspecified</pose>
		<truncated>1</truncated>
		<difficult>0</difficult>
		<bndbox>
			<xmin>545.0</xmin>
			<ymin>91.83333333333334</ymin>
			<xmax>616.6666666666667</xmax>
			<ymax>267.6666666666667</ymax>
		</bndbox>
	</object>
	<object>
		<name>Drinking</name>
		<pose>Unspecified</pose>
		<truncated>1</truncated>
		<difficult>0</difficult>
		<bndbox>
			<xmin>383.33333333333337</xmin>
			<ymin>11.0</ymin>
			<xmax>530.0</xmax>
			<ymax>84.33333333333334</ymax>
		</bndbox>
	</object>
	<object>
		<name>Others</name>
		<pose>Unspecified</pose>
		<truncated>1</truncated>
		<difficult>0</difficult>
		<bndbox>
			<xmin>353.33333333333337</xmin>
			<ymin>88.5</ymin>
			<xmax>440.0</xmax>
			<ymax>221.0</ymax>
		</bndbox>
	</object>
	<object>
		<name>Others</name>
		<pose>Unspecified</pose>
		<truncated>1</truncated>
		<difficult>0</difficult>
		<bndbox>
			<xmin>310.83333333333337</xmin>
			<ymin>138.5</ymin>
			<xmax>376.6666666666667</xmax>
			<ymax>279.33333333333337</ymax>
		</bndbox>
	</object>
	<object>
		<name>Others</name>
		<pose>Unspecified</pose>
		<truncated>1</truncated>
		<difficult>0</difficult>
		<bndbox>
			<xmin>241.66666666666669</xmin>
			<ymin>261.83333333333337</ymin>
			<xmax>340.0</xmax>
			<ymax>392.6666666666667</ymax>
		</bndbox>
	</object>
	<object>
		<name>Heat Stress</name>
		<pose>Unspecified</pose>
		<truncated>1</truncated>
		<difficult>0</difficult>
		<bndbox>
			<xmin>171.66666666666669</xmin>
			<ymin>156.83333333333334</ymin>
			<xmax>288.33333333333337</xmax>
			<ymax>254.33333333333337</ymax>
		</bndbox>
	</object>
	<object>
		<name>Heat Stress</name>
		<pose>Unspecified</pose>
		<truncated>1</truncated>
		<difficult>0</difficult>
		<bndbox>
			<xmin>164.16666666666669</xmin>
			<ymin>255.16666666666669</ymin>
			<xmax>272.5</xmax>
			<ymax>336.83333333333337</ymax>
		</bndbox>
	</object>
	<object>
		<name>Others</name>
		<pose>Unspecified</pose>
		<truncated>1</truncated>
		<difficult>0</difficult>
		<bndbox>
			<xmin>84.16666666666667</xmin>
			<ymin>310.1666666666667</ymin>
			<xmax>180.83333333333334</xmax>
			<ymax>415.1666666666667</ymax>
		</bndbox>
	</object>
	<object>
		<name>Others</name>
		<pose>Unspecified</pose>
		<truncated>1</truncated>
		<difficult>0</difficult>
		<bndbox>
			<xmin>290.0</xmin>
			<ymin>1.0</ymin>
			<xmax>348.33333333333337</xmax>
			<ymax>133.5</ymax>
		</bndbox>
	</object>
	<object>
		<name>Others</name>
		<pose>Unspecified</pose>
		<truncated>1</truncated>
		<difficult>0</difficult>
		<bndbox>
			<xmin>170.83333333333334</xmin>
			<ymin>11.0</ymin>
			<xmax>280.83333333333337</xmax>
			<ymax>117.66666666666669</ymax>
		</bndbox>
	</object>
	<object>
		<name>Heat Stress</name>
		<pose>Unspecified</pose>
		<truncated>1</truncated>
		<difficult>0</difficult>
		<bndbox>
			<xmin>123.33333333333334</xmin>
			<ymin>73.5</ymin>
			<xmax>183.33333333333334</xmax>
			<ymax>182.66666666666669</ymax>
		</bndbox>
	</object>
	<object>
		<name>Heat Stress</name>
		<pose>Unspecified</pose>
		<truncated>1</truncated>
		<difficult>0</difficult>
		<bndbox>
			<xmin>119.16666666666667</xmin>
			<ymin>126.0</ymin>
			<xmax>184.16666666666669</xmax>
			<ymax>228.5</ymax>
		</bndbox>
	</object>
	<object>
		<name>Others</name>
		<pose>Unspecified</pose>
		<truncated>1</truncated>
		<difficult>0</difficult>
		<bndbox>
			<xmin>73.33333333333334</xmin>
			<ymin>211.83333333333334</ymin>
			<xmax>189.16666666666669</xmax>
			<ymax>286.83333333333337</ymax>
		</bndbox>
	</object>
	<object>
		<name>Heat Stress</name>
		<pose>Unspecified</pose>
		<truncated>1</truncated>
		<difficult>0</difficult>
		<bndbox>
			<xmin>240.0</xmin>
			<ymin>119.33333333333334</ymin>
			<xmax>332.5</xmax>
			<ymax>178.5</ymax>
		</bndbox>
	</object>
	<object>
		<name>Others</name>
		<pose>Unspecified</pose>
		<truncated>1</truncated>
		<difficult>0</difficult>
		<bndbox>
			<xmin>115.0</xmin>
			<ymin>546.0</ymin>
			<xmax>197.5</xmax>
			<ymax>675.1666666666667</ymax>
		</bndbox>
	</object>
</annotation>