<annotation>
	<folder>UAV_data</folder>
	<filename>:\ssss\zuizhong\201907250700001630.582.8.jpg</filename>
	<source>
		<database>The UAV autolanding</database>
		<annotation>UAV AutoLanding</annotation>
		<image>flickr</image>
		<flickrid>NULL</flickrid>
	</source>
	<owner>
		<flickrid>NULL</flickrid>
		<name>ChaojieZhu</name>
	</owner>
	<size>
		<width>1280</width>
		<height>720</height>
		<depth>3</depth>
	</size>
		<segmented>0</segmented>
	<object>
		<name>Others</name>
		<pose>Unspecified</pose>
		<truncated>1</truncated>
		<difficult>0</difficult>
		<bndbox>
			<xmin>589.1666666666667</xmin>
			<ymin>382.6666666666667</ymin>
			<xmax>695.0</xmax>
			<ymax>518.5</ymax>
		</bndbox>
	</object>
	<object>
		<name>Eating</name>
		<pose>Unspecified</pose>
		<truncated>1</truncated>
		<difficult>0</difficult>
		<bndbox>
			<xmin>825.8333333333334</xmin>
			<ymin>502.66666666666674</ymin>
			<xmax>936.6666666666667</xmax>
			<ymax>624.3333333333334</ymax>
		</bndbox>
	</object>
	<object>
		<name>Others</name>
		<pose>Unspecified</pose>
		<truncated>1</truncated>
		<difficult>0</difficult>
		<bndbox>
			<xmin>561.6666666666667</xmin>
			<ymin>547.6666666666667</ymin>
			<xmax>717.5</xmax>
			<ymax>669.3333333333334</ymax>
		</bndbox>
	</object>
	<object>
		<name>Others</name>
		<pose>Unspecified</pose>
		<truncated>1</truncated>
		<difficult>0</difficult>
		<bndbox>
			<xmin>465.0</xmin>
			<ymin>534.3333333333334</ymin>
			<xmax>555.2845528455284</xmax>
			<ymax>675.8780487804878</ymax>
		</bndbox>
	</object>
	<object>
		<name>Eating</name>
		<pose>Unspecified</pose>
		<truncated>1</truncated>
		<difficult>0</difficult>
		<bndbox>
			<xmin>271.6666666666667</xmin>
			<ymin>581.0</ymin>
			<xmax>399.1666666666667</xmax>
			<ymax>655.1666666666667</ymax>
		</bndbox>
	</object>
	<object>
		<name>Others</name>
		<pose>Unspecified</pose>
		<truncated>1</truncated>
		<difficult>0</difficult>
		<bndbox>
			<xmin>152.60162601626018</xmin>
			<ymin>570.1666666666667</ymin>
			<xmax>250.40650406504065</xmax>
			<ymax>651.4878048780488</ymax>
		</bndbox>
	</object>
	<object>
		<name>Others</name>
		<pose>Unspecified</pose>
		<truncated>1</truncated>
		<difficult>0</difficult>
		<bndbox>
			<xmin>123.57723577235772</xmin>
			<ymin>588.0731707317074</ymin>
			<xmax>215.83333333333334</xmax>
			<ymax>656.0</ymax>
		</bndbox>
	</object>
	<object>
		<name>Others</name>
		<pose>Unspecified</pose>
		<truncated>1</truncated>
		<difficult>0</difficult>
		<bndbox>
			<xmin>121.66666666666667</xmin>
			<ymin>448.5</ymin>
			<xmax>191.66666666666669</xmax>
			<ymax>591.0</ymax>
		</bndbox>
	</object>
	<object>
		<name>Others</name>
		<pose>Unspecified</pose>
		<truncated>1</truncated>
		<difficult>0</difficult>
		<bndbox>
			<xmin>157.5</xmin>
			<ymin>389.33333333333337</ymin>
			<xmax>236.66666666666669</xmax>
			<ymax>475.1666666666667</ymax>
		</bndbox>
	</object>
	<object>
		<name>Heat Stress</name>
		<pose>Unspecified</pose>
		<truncated>1</truncated>
		<difficult>0</difficult>
		<bndbox>
			<xmin>101.66666666666667</xmin>
			<ymin>291.0</ymin>
			<xmax>166.66666666666669</xmax>
			<ymax>424.33333333333337</ymax>
		</bndbox>
	</object>
	<object>
		<name>Others</name>
		<pose>Unspecified</pose>
		<truncated>1</truncated>
		<difficult>0</difficult>
		<bndbox>
			<xmin>166.66666666666669</xmin>
			<ymin>259.33333333333337</ymin>
			<xmax>274.1666666666667</xmax>
			<ymax>396.0</ymax>
		</bndbox>
	</object>
	<object>
		<name>Others</name>
		<pose>Unspecified</pose>
		<truncated>1</truncated>
		<difficult>0</difficult>
		<bndbox>
			<xmin>111.66666666666667</xmin>
			<ymin>219.33333333333334</ymin>
			<xmax>247.5</xmax>
			<ymax>286.0</ymax>
		</bndbox>
	</object>
	<object>
		<name>Others</name>
		<pose>Unspecified</pose>
		<truncated>1</truncated>
		<difficult>0</difficult>
		<bndbox>
			<xmin>136.66666666666669</xmin>
			<ymin>131.0</ymin>
			<xmax>226.66666666666669</xmax>
			<ymax>223.5</ymax>
		</bndbox>
	</object>
	<object>
		<name>Others</name>
		<pose>Unspecified</pose>
		<truncated>1</truncated>
		<difficult>0</difficult>
		<bndbox>
			<xmin>86.66666666666667</xmin>
			<ymin>156.0</ymin>
			<xmax>146.66666666666669</xmax>
			<ymax>233.5</ymax>
		</bndbox>
	</object>
	<object>
		<name>Heat Stress</name>
		<pose>Unspecified</pose>
		<truncated>1</truncated>
		<difficult>0</difficult>
		<bndbox>
			<xmin>121.66666666666667</xmin>
			<ymin>63.5</ymin>
			<xmax>183.33333333333334</xmax>
			<ymax>147.66666666666669</ymax>
		</bndbox>
	</object>
	<object>
		<name>Others</name>
		<pose>Unspecified</pose>
		<truncated>1</truncated>
		<difficult>0</difficult>
		<bndbox>
			<xmin>132.5</xmin>
			<ymin>21.0</ymin>
			<xmax>243.33333333333334</xmax>
			<ymax>84.33333333333334</ymax>
		</bndbox>
	</object>
	<object>
		<name>Others</name>
		<pose>Unspecified</pose>
		<truncated>1</truncated>
		<difficult>0</difficult>
		<bndbox>
			<xmin>200.83333333333334</xmin>
			<ymin>61.0</ymin>
			<xmax>259.1666666666667</xmax>
			<ymax>160.16666666666669</ymax>
		</bndbox>
	</object>
	<object>
		<name>Others</name>
		<pose>Unspecified</pose>
		<truncated>1</truncated>
		<difficult>0</difficult>
		<bndbox>
			<xmin>210.0</xmin>
			<ymin>6.0</ymin>
			<xmax>300.0</xmax>
			<ymax>98.5</ymax>
		</bndbox>
	</object>
	<object>
		<name>Others</name>
		<pose>Unspecified</pose>
		<truncated>1</truncated>
		<difficult>0</difficult>
		<bndbox>
			<xmin>224.16666666666669</xmin>
			<ymin>117.66666666666669</ymin>
			<xmax>318.33333333333337</xmax>
			<ymax>230.16666666666669</ymax>
		</bndbox>
	</object>
	<object>
		<name>Others</name>
		<pose>Unspecified</pose>
		<truncated>1</truncated>
		<difficult>0</difficult>
		<bndbox>
			<xmin>271.6666666666667</xmin>
			<ymin>55.16666666666667</ymin>
			<xmax>400.0</xmax>
			<ymax>120.16666666666669</ymax>
		</bndbox>
	</object>
	<object>
		<name>Others</name>
		<pose>Unspecified</pose>
		<truncated>1</truncated>
		<difficult>0</difficult>
		<bndbox>
			<xmin>714.1666666666667</xmin>
			<ymin>278.5</ymin>
			<xmax>840.8333333333334</xmax>
			<ymax>399.33333333333337</ymax>
		</bndbox>
	</object>
	<object>
		<name>Heat Stress</name>
		<pose>Unspecified</pose>
		<truncated>1</truncated>
		<difficult>0</difficult>
		<bndbox>
			<xmin>784.1666666666667</xmin>
			<ymin>144.33333333333334</ymin>
			<xmax>842.5</xmax>
			<ymax>289.33333333333337</ymax>
		</bndbox>
	</object>
	<object>
		<name>Others</name>
		<pose>Unspecified</pose>
		<truncated>1</truncated>
		<difficult>0</difficult>
		<bndbox>
			<xmin>516.6666666666667</xmin>
			<ymin>167.66666666666669</ymin>
			<xmax>604.1666666666667</xmax>
			<ymax>333.5</ymax>
		</bndbox>
	</object>
	<object>
		<name>Others</name>
		<pose>Unspecified</pose>
		<truncated>1</truncated>
		<difficult>0</difficult>
		<bndbox>
			<xmin>601.6666666666667</xmin>
			<ymin>165.16666666666669</ymin>
			<xmax>690.8333333333334</xmax>
			<ymax>291.0</ymax>
		</bndbox>
	</object>
	<object>
		<name>Drinking</name>
		<pose>Unspecified</pose>
		<truncated>1</truncated>
		<difficult>0</difficult>
		<bndbox>
			<xmin>692.5813008130082</xmin>
			<ymin>86.79268292682927</ymin>
			<xmax>797.5609756097562</xmax>
			<ymax>238.479674796748</ymax>
		</bndbox>
	</object>
	<object>
		<name>Others</name>
		<pose>Unspecified</pose>
		<truncated>1</truncated>
		<difficult>0</difficult>
		<bndbox>
			<xmin>674.5325203252033</xmin>
			<ymin>13.337398373983746</ymin>
			<xmax>787.8048780487806</xmax>
			<ymax>78.3170731707317</ymax>
		</bndbox>
	</object>
	<object>
		<name>Drinking</name>
		<pose>Unspecified</pose>
		<truncated>1</truncated>
		<difficult>0</difficult>
		<bndbox>
			<xmin>352.5</xmin>
			<ymin>13.5</ymin>
			<xmax>510.83333333333337</xmax>
			<ymax>59.33333333333334</ymax>
		</bndbox>
	</object>
	<object>
		<name>Drinking</name>
		<pose>Unspecified</pose>
		<truncated>1</truncated>
		<difficult>0</difficult>
		<bndbox>
			<xmin>465.020325203252</xmin>
			<ymin>68.70325203252034</ymin>
			<xmax>549.5934959349594</xmax>
			<ymax>230.34959349593498</ymax>
		</bndbox>
	</object>
	<object>
		<name>Drinking</name>
		<pose>Unspecified</pose>
		<truncated>1</truncated>
		<difficult>0</difficult>
		<bndbox>
			<xmin>394.979674796748</xmin>
			<ymin>71.91463414634147</ymin>
			<xmax>478.3130081300813</xmax>
			<ymax>208.58130081300814</ymax>
		</bndbox>
	</object>
	<object>
		<name>Others</name>
		<pose>Unspecified</pose>
		<truncated>1</truncated>
		<difficult>0</difficult>
		<bndbox>
			<xmin>331.6666666666667</xmin>
			<ymin>68.5</ymin>
			<xmax>450.0</xmax>
			<ymax>223.5</ymax>
		</bndbox>
	</object>
	<object>
		<name>Heat Stress</name>
		<pose>Unspecified</pose>
		<truncated>1</truncated>
		<difficult>0</difficult>
		<bndbox>
			<xmin>414.1666666666667</xmin>
			<ymin>186.0</ymin>
			<xmax>503.33333333333337</xmax>
			<ymax>317.6666666666667</ymax>
		</bndbox>
	</object>
	<object>
		<name>Others</name>
		<pose>Unspecified</pose>
		<truncated>1</truncated>
		<difficult>0</difficult>
		<bndbox>
			<xmin>534.1666666666667</xmin>
			<ymin>97.66666666666667</ymin>
			<xmax>671.6666666666667</xmax>
			<ymax>175.16666666666669</ymax>
		</bndbox>
	</object>
</annotation>