<annotation>
	<folder>UAV_data</folder>
	<filename>:\ssss\zuizhong\201907250700003130.582.8.jpg</filename>
	<source>
		<database>The UAV autolanding</database>
		<annotation>UAV AutoLanding</annotation>
		<image>flickr</image>
		<flickrid>NULL</flickrid>
	</source>
	<owner>
		<flickrid>NULL</flickrid>
		<name>ChaojieZhu</name>
	</owner>
	<size>
		<width>1280</width>
		<height>720</height>
		<depth>3</depth>
	</size>
		<segmented>0</segmented>
	<object>
		<name>Eating</name>
		<pose>Unspecified</pose>
		<truncated>1</truncated>
		<difficult>0</difficult>
		<bndbox>
			<xmin>831.6666666666667</xmin>
			<ymin>511.83333333333337</ymin>
			<xmax>925.8333333333334</xmax>
			<ymax>626.0</ymax>
		</bndbox>
	</object>
	<object>
		<name>Eating</name>
		<pose>Unspecified</pose>
		<truncated>1</truncated>
		<difficult>0</difficult>
		<bndbox>
			<xmin>320.83333333333337</xmin>
			<ymin>341.83333333333337</ymin>
			<xmax>414.6341463414634</xmax>
			<ymax>520.5934959349594</ymax>
		</bndbox>
	</object>
	<object>
		<name>Eating</name>
		<pose>Unspecified</pose>
		<truncated>1</truncated>
		<difficult>0</difficult>
		<bndbox>
			<xmin>525.8333333333334</xmin>
			<ymin>501.0</ymin>
			<xmax>756.0975609756098</xmax>
			<ymax>578.3170731707318</ymax>
		</bndbox>
	</object>
	<object>
		<name>Eating</name>
		<pose>Unspecified</pose>
		<truncated>1</truncated>
		<difficult>0</difficult>
		<bndbox>
			<xmin>269.1666666666667</xmin>
			<ymin>588.5</ymin>
			<xmax>400.0</xmax>
			<ymax>654.3333333333334</ymax>
		</bndbox>
	</object>
	<object>
		<name>Others</name>
		<pose>Unspecified</pose>
		<truncated>1</truncated>
		<difficult>0</difficult>
		<bndbox>
			<xmin>604.1666666666667</xmin>
			<ymin>387.6666666666667</ymin>
			<xmax>695.0</xmax>
			<ymax>517.6666666666667</ymax>
		</bndbox>
	</object>
	<object>
		<name>Others</name>
		<pose>Unspecified</pose>
		<truncated>1</truncated>
		<difficult>0</difficult>
		<bndbox>
			<xmin>554.1666666666667</xmin>
			<ymin>557.6666666666667</ymin>
			<xmax>711.6666666666667</xmax>
			<ymax>657.6666666666667</ymax>
		</bndbox>
	</object>
	<object>
		<name>Others</name>
		<pose>Unspecified</pose>
		<truncated>1</truncated>
		<difficult>0</difficult>
		<bndbox>
			<xmin>204.16666666666669</xmin>
			<ymin>481.83333333333337</ymin>
			<xmax>301.6666666666667</xmax>
			<ymax>566.8333333333334</ymax>
		</bndbox>
	</object>
	<object>
		<name>Others</name>
		<pose>Unspecified</pose>
		<truncated>1</truncated>
		<difficult>0</difficult>
		<bndbox>
			<xmin>162.5</xmin>
			<ymin>397.6666666666667</ymin>
			<xmax>240.0</xmax>
			<ymax>470.1666666666667</ymax>
		</bndbox>
	</object>
	<object>
		<name>Others</name>
		<pose>Unspecified</pose>
		<truncated>1</truncated>
		<difficult>0</difficult>
		<bndbox>
			<xmin>125.0</xmin>
			<ymin>457.6666666666667</ymin>
			<xmax>196.66666666666669</xmax>
			<ymax>591.8333333333334</ymax>
		</bndbox>
	</object>
	<object>
		<name>Others</name>
		<pose>Unspecified</pose>
		<truncated>1</truncated>
		<difficult>0</difficult>
		<bndbox>
			<xmin>137.5</xmin>
			<ymin>581.0</ymin>
			<xmax>254.16666666666669</xmax>
			<ymax>644.3333333333334</ymax>
		</bndbox>
	</object>
	<object>
		<name>Others</name>
		<pose>Unspecified</pose>
		<truncated>1</truncated>
		<difficult>0</difficult>
		<bndbox>
			<xmin>101.66666666666667</xmin>
			<ymin>565.1666666666667</ymin>
			<xmax>194.16666666666669</xmax>
			<ymax>654.3333333333334</ymax>
		</bndbox>
	</object>
	<object>
		<name>Others</name>
		<pose>Unspecified</pose>
		<truncated>1</truncated>
		<difficult>0</difficult>
		<bndbox>
			<xmin>719.1666666666667</xmin>
			<ymin>276.83333333333337</ymin>
			<xmax>831.6666666666667</xmax>
			<ymax>406.0</ymax>
		</bndbox>
	</object>
	<object>
		<name>Heat Stress</name>
		<pose>Unspecified</pose>
		<truncated>1</truncated>
		<difficult>0</difficult>
		<bndbox>
			<xmin>777.5</xmin>
			<ymin>160.16666666666669</ymin>
			<xmax>861.6666666666667</xmax>
			<ymax>291.83333333333337</ymax>
		</bndbox>
	</object>
	<object>
		<name>Others</name>
		<pose>Unspecified</pose>
		<truncated>1</truncated>
		<difficult>0</difficult>
		<bndbox>
			<xmin>212.5</xmin>
			<ymin>248.5</ymin>
			<xmax>330.0</xmax>
			<ymax>361.0</ymax>
		</bndbox>
	</object>
	<object>
		<name>Others</name>
		<pose>Unspecified</pose>
		<truncated>1</truncated>
		<difficult>0</difficult>
		<bndbox>
			<xmin>121.66666666666667</xmin>
			<ymin>213.5</ymin>
			<xmax>245.83333333333334</xmax>
			<ymax>289.33333333333337</ymax>
		</bndbox>
	</object>
	<object>
		<name>Others</name>
		<pose>Unspecified</pose>
		<truncated>1</truncated>
		<difficult>0</difficult>
		<bndbox>
			<xmin>140.83333333333334</xmin>
			<ymin>148.5</ymin>
			<xmax>217.5</xmax>
			<ymax>216.83333333333334</ymax>
		</bndbox>
	</object>
	<object>
		<name>Others</name>
		<pose>Unspecified</pose>
		<truncated>1</truncated>
		<difficult>0</difficult>
		<bndbox>
			<xmin>229.16666666666669</xmin>
			<ymin>131.83333333333334</ymin>
			<xmax>324.1666666666667</xmax>
			<ymax>236.0</ymax>
		</bndbox>
	</object>
	<object>
		<name>Drinking</name>
		<pose>Unspecified</pose>
		<truncated>1</truncated>
		<difficult>0</difficult>
		<bndbox>
			<xmin>689.1666666666667</xmin>
			<ymin>76.83333333333334</ymin>
			<xmax>791.6666666666667</xmax>
			<ymax>229.33333333333334</ymax>
		</bndbox>
	</object>
	<object>
		<name>Drinking</name>
		<pose>Unspecified</pose>
		<truncated>1</truncated>
		<difficult>0</difficult>
		<bndbox>
			<xmin>682.5</xmin>
			<ymin>9.333333333333336</ymin>
			<xmax>812.5</xmax>
			<ymax>103.5</ymax>
		</bndbox>
	</object>
	<object>
		<name>Drinking</name>
		<pose>Unspecified</pose>
		<truncated>1</truncated>
		<difficult>0</difficult>
		<bndbox>
			<xmin>466.6666666666667</xmin>
			<ymin>71.0</ymin>
			<xmax>547.5</xmax>
			<ymax>240.16666666666669</ymax>
		</bndbox>
	</object>
	<object>
		<name>Drinking</name>
		<pose>Unspecified</pose>
		<truncated>1</truncated>
		<difficult>0</difficult>
		<bndbox>
			<xmin>396.6666666666667</xmin>
			<ymin>72.66666666666667</ymin>
			<xmax>482.5</xmax>
			<ymax>216.0</ymax>
		</bndbox>
	</object>
	<object>
		<name>Heat Stress</name>
		<pose>Unspecified</pose>
		<truncated>1</truncated>
		<difficult>0</difficult>
		<bndbox>
			<xmin>343.089430894309</xmin>
			<ymin>59.617886178861795</ymin>
			<xmax>432.2967479674797</xmax>
			<ymax>219.25203252032523</ymax>
		</bndbox>
	</object>
	<object>
		<name>Others</name>
		<pose>Unspecified</pose>
		<truncated>1</truncated>
		<difficult>0</difficult>
		<bndbox>
			<xmin>535.7723577235772</xmin>
			<ymin>94.57723577235772</ymin>
			<xmax>665.8333333333334</xmax>
			<ymax>176.0</ymax>
		</bndbox>
	</object>
	<object>
		<name>Others</name>
		<pose>Unspecified</pose>
		<truncated>1</truncated>
		<difficult>0</difficult>
		<bndbox>
			<xmin>519.1666666666667</xmin>
			<ymin>175.16666666666669</ymin>
			<xmax>600.8333333333334</xmax>
			<ymax>336.83333333333337</ymax>
		</bndbox>
	</object>
	<object>
		<name>Others</name>
		<pose>Unspecified</pose>
		<truncated>1</truncated>
		<difficult>0</difficult>
		<bndbox>
			<xmin>595.0</xmin>
			<ymin>136.83333333333334</ymin>
			<xmax>682.5</xmax>
			<ymax>292.6666666666667</ymax>
		</bndbox>
	</object>
	<object>
		<name>Drinking</name>
		<pose>Unspecified</pose>
		<truncated>1</truncated>
		<difficult>0</difficult>
		<bndbox>
			<xmin>367.5</xmin>
			<ymin>13.5</ymin>
			<xmax>515.8333333333334</xmax>
			<ymax>64.33333333333334</ymax>
		</bndbox>
	</object>
	<object>
		<name>Others</name>
		<pose>Unspecified</pose>
		<truncated>1</truncated>
		<difficult>0</difficult>
		<bndbox>
			<xmin>270.83333333333337</xmin>
			<ymin>60.16666666666667</ymin>
			<xmax>384.1666666666667</xmax>
			<ymax>121.0</ymax>
		</bndbox>
	</object>
	<object>
		<name>Others</name>
		<pose>Unspecified</pose>
		<truncated>1</truncated>
		<difficult>0</difficult>
		<bndbox>
			<xmin>230.83333333333334</xmin>
			<ymin>4.333333333333336</ymin>
			<xmax>299.1666666666667</xmax>
			<ymax>111.83333333333334</ymax>
		</bndbox>
	</object>
	<object>
		<name>Heat Stress</name>
		<pose>Unspecified</pose>
		<truncated>1</truncated>
		<difficult>0</difficult>
		<bndbox>
			<xmin>202.5</xmin>
			<ymin>38.5</ymin>
			<xmax>256.6666666666667</xmax>
			<ymax>158.5</ymax>
		</bndbox>
	</object>
	<object>
		<name>Others</name>
		<pose>Unspecified</pose>
		<truncated>1</truncated>
		<difficult>0</difficult>
		<bndbox>
			<xmin>144.16666666666669</xmin>
			<ymin>16.0</ymin>
			<xmax>219.16666666666669</xmax>
			<ymax>89.33333333333334</ymax>
		</bndbox>
	</object>
	<object>
		<name>Heat Stress</name>
		<pose>Unspecified</pose>
		<truncated>1</truncated>
		<difficult>0</difficult>
		<bndbox>
			<xmin>122.76422764227642</xmin>
			<ymin>76.6910569105691</ymin>
			<xmax>180.8739837398374</xmax>
			<ymax>148.52032520325204</ymax>
		</bndbox>
	</object>
</annotation>