<annotation>
	<folder>UAV_data</folder>
	<filename>:\ssss\zuizhong\201907261520015930.976.4.jpg</filename>
	<source>
		<database>The UAV autolanding</database>
		<annotation>UAV AutoLanding</annotation>
		<image>flickr</image>
		<flickrid>NULL</flickrid>
	</source>
	<owner>
		<flickrid>NULL</flickrid>
		<name>ChaojieZhu</name>
	</owner>
	<size>
		<width>1280</width>
		<height>720</height>
		<depth>3</depth>
	</size>
		<segmented>0</segmented>
	<object>
		<name>Heat Stress</name>
		<pose>Unspecified</pose>
		<truncated>1</truncated>
		<difficult>0</difficult>
		<bndbox>
			<xmin>489.1666666666667</xmin>
			<ymin>411.83333333333337</ymin>
			<xmax>607.5</xmax>
			<ymax>562.6666666666667</ymax>
		</bndbox>
	</object>
	<object>
		<name>Heat Stress</name>
		<pose>Unspecified</pose>
		<truncated>1</truncated>
		<difficult>0</difficult>
		<bndbox>
			<xmin>847.5</xmin>
			<ymin>389.33333333333337</ymin>
			<xmax>929.1666666666667</xmax>
			<ymax>535.1666666666667</ymax>
		</bndbox>
	</object>
	<object>
		<name>Heat Stress</name>
		<pose>Unspecified</pose>
		<truncated>1</truncated>
		<difficult>0</difficult>
		<bndbox>
			<xmin>845.8333333333334</xmin>
			<ymin>557.6666666666667</ymin>
			<xmax>909.1666666666667</xmax>
			<ymax>676.0</ymax>
		</bndbox>
	</object>
	<object>
		<name>Others</name>
		<pose>Unspecified</pose>
		<truncated>1</truncated>
		<difficult>0</difficult>
		<bndbox>
			<xmin>620.0</xmin>
			<ymin>590.1666666666667</ymin>
			<xmax>702.0</xmax>
			<ymax>719.0</ymax>
		</bndbox>
	</object>
	<object>
		<name>Others</name>
		<pose>Unspecified</pose>
		<truncated>1</truncated>
		<difficult>0</difficult>
		<bndbox>
			<xmin>750.8333333333334</xmin>
			<ymin>280.1666666666667</ymin>
			<xmax>845.0</xmax>
			<ymax>431.83333333333337</ymax>
		</bndbox>
	</object>
	<object>
		<name>Others</name>
		<pose>Unspecified</pose>
		<truncated>1</truncated>
		<difficult>0</difficult>
		<bndbox>
			<xmin>616.6666666666667</xmin>
			<ymin>296.0</ymin>
			<xmax>752.5</xmax>
			<ymax>402.6666666666667</ymax>
		</bndbox>
	</object>
	<object>
		<name>Heat Stress</name>
		<pose>Unspecified</pose>
		<truncated>1</truncated>
		<difficult>0</difficult>
		<bndbox>
			<xmin>548.3333333333334</xmin>
			<ymin>239.33333333333337</ymin>
			<xmax>687.5</xmax>
			<ymax>321.83333333333337</ymax>
		</bndbox>
	</object>
	<object>
		<name>Heat Stress</name>
		<pose>Unspecified</pose>
		<truncated>1</truncated>
		<difficult>0</difficult>
		<bndbox>
			<xmin>352.5</xmin>
			<ymin>322.6666666666667</ymin>
			<xmax>503.33333333333337</xmax>
			<ymax>406.83333333333337</ymax>
		</bndbox>
	</object>
	<object>
		<name>Others</name>
		<pose>Unspecified</pose>
		<truncated>1</truncated>
		<difficult>0</difficult>
		<bndbox>
			<xmin>164.16666666666669</xmin>
			<ymin>358.5</ymin>
			<xmax>244.16666666666669</xmax>
			<ymax>548.5</ymax>
		</bndbox>
	</object>
	<object>
		<name>Others</name>
		<pose>Unspecified</pose>
		<truncated>1</truncated>
		<difficult>0</difficult>
		<bndbox>
			<xmin>255.0</xmin>
			<ymin>384.33333333333337</ymin>
			<xmax>339.1666666666667</xmax>
			<ymax>564.3333333333334</ymax>
		</bndbox>
	</object>
	<object>
		<name>Heat Stress</name>
		<pose>Unspecified</pose>
		<truncated>1</truncated>
		<difficult>0</difficult>
		<bndbox>
			<xmin>225.0</xmin>
			<ymin>581.8333333333334</ymin>
			<xmax>357.5</xmax>
			<ymax>670.1666666666667</ymax>
		</bndbox>
	</object>
	<object>
		<name>Others</name>
		<pose>Unspecified</pose>
		<truncated>1</truncated>
		<difficult>0</difficult>
		<bndbox>
			<xmin>839.1666666666667</xmin>
			<ymin>140.16666666666669</ymin>
			<xmax>953.3333333333334</xmax>
			<ymax>244.33333333333337</ymax>
		</bndbox>
	</object>
	<object>
		<name>Others</name>
		<pose>Unspecified</pose>
		<truncated>1</truncated>
		<difficult>0</difficult>
		<bndbox>
			<xmin>856.6666666666667</xmin>
			<ymin>0.16666666666666785</ymin>
			<xmax>934.1666666666667</xmax>
			<ymax>145.16666666666669</ymax>
		</bndbox>
	</object>
	<object>
		<name>Drinking</name>
		<pose>Unspecified</pose>
		<truncated>1</truncated>
		<difficult>0</difficult>
		<bndbox>
			<xmin>680.8333333333334</xmin>
			<ymin>15.166666666666671</ymin>
			<xmax>818.69918699187</xmax>
			<ymax>78.9430894308943</ymax>
		</bndbox>
	</object>
	<object>
		<name>Others</name>
		<pose>Unspecified</pose>
		<truncated>1</truncated>
		<difficult>0</difficult>
		<bndbox>
			<xmin>609.1666666666667</xmin>
			<ymin>86.83333333333334</ymin>
			<xmax>735.0</xmax>
			<ymax>220.16666666666669</ymax>
		</bndbox>
	</object>
	<object>
		<name>Heat Stress</name>
		<pose>Unspecified</pose>
		<truncated>1</truncated>
		<difficult>0</difficult>
		<bndbox>
			<xmin>725.0</xmin>
			<ymin>98.5</ymin>
			<xmax>820.8333333333334</xmax>
			<ymax>251.83333333333337</ymax>
		</bndbox>
	</object>
	<object>
		<name>Heat Stress</name>
		<pose>Unspecified</pose>
		<truncated>1</truncated>
		<difficult>0</difficult>
		<bndbox>
			<xmin>495.83333333333337</xmin>
			<ymin>158.5</ymin>
			<xmax>672.5</xmax>
			<ymax>256.83333333333337</ymax>
		</bndbox>
	</object>
	<object>
		<name>Heat Stress</name>
		<pose>Unspecified</pose>
		<truncated>1</truncated>
		<difficult>0</difficult>
		<bndbox>
			<xmin>427.5</xmin>
			<ymin>106.83333333333334</ymin>
			<xmax>570.0</xmax>
			<ymax>187.66666666666669</ymax>
		</bndbox>
	</object>
	<object>
		<name>Others</name>
		<pose>Unspecified</pose>
		<truncated>1</truncated>
		<difficult>0</difficult>
		<bndbox>
			<xmin>380.83333333333337</xmin>
			<ymin>82.66666666666667</ymin>
			<xmax>477.5</xmax>
			<ymax>194.33333333333334</ymax>
		</bndbox>
	</object>
	<object>
		<name>Drinking</name>
		<pose>Unspecified</pose>
		<truncated>1</truncated>
		<difficult>0</difficult>
		<bndbox>
			<xmin>375.83333333333337</xmin>
			<ymin>14.333333333333336</ymin>
			<xmax>536.6666666666667</xmax>
			<ymax>76.0</ymax>
		</bndbox>
	</object>
	<object>
		<name>Others</name>
		<pose>Unspecified</pose>
		<truncated>1</truncated>
		<difficult>0</difficult>
		<bndbox>
			<xmin>343.33333333333337</xmin>
			<ymin>151.83333333333334</ymin>
			<xmax>466.6666666666667</xmax>
			<ymax>275.1666666666667</ymax>
		</bndbox>
	</object>
	<object>
		<name>Others</name>
		<pose>Unspecified</pose>
		<truncated>1</truncated>
		<difficult>0</difficult>
		<bndbox>
			<xmin>312.5</xmin>
			<ymin>251.0</ymin>
			<xmax>500.0</xmax>
			<ymax>326.83333333333337</ymax>
		</bndbox>
	</object>
	<object>
		<name>Others</name>
		<pose>Unspecified</pose>
		<truncated>1</truncated>
		<difficult>0</difficult>
		<bndbox>
			<xmin>289.979674796748</xmin>
			<ymin>253.5</ymin>
			<xmax>380.8130081300813</xmax>
			<ymax>351.83333333333337</ymax>
		</bndbox>
	</object>
	<object>
		<name>Others</name>
		<pose>Unspecified</pose>
		<truncated>1</truncated>
		<difficult>0</difficult>
		<bndbox>
			<xmin>285.0</xmin>
			<ymin>2.666666666666668</ymin>
			<xmax>351.6666666666667</xmax>
			<ymax>125.16666666666669</ymax>
		</bndbox>
	</object>
	<object>
		<name>Others</name>
		<pose>Unspecified</pose>
		<truncated>1</truncated>
		<difficult>0</difficult>
		<bndbox>
			<xmin>157.5</xmin>
			<ymin>15.166666666666671</ymin>
			<xmax>278.33333333333337</xmax>
			<ymax>121.83333333333334</ymax>
		</bndbox>
	</object>
	<object>
		<name>Heat Stress</name>
		<pose>Unspecified</pose>
		<truncated>1</truncated>
		<difficult>0</difficult>
		<bndbox>
			<xmin>258.33333333333337</xmin>
			<ymin>90.16666666666667</ymin>
			<xmax>318.33333333333337</xmax>
			<ymax>195.16666666666669</ymax>
		</bndbox>
	</object>
	<object>
		<name>Heat Stress</name>
		<pose>Unspecified</pose>
		<truncated>1</truncated>
		<difficult>0</difficult>
		<bndbox>
			<xmin>247.5</xmin>
			<ymin>160.16666666666669</ymin>
			<xmax>323.33333333333337</xmax>
			<ymax>286.83333333333337</ymax>
		</bndbox>
	</object>
	<object>
		<name>Heat Stress</name>
		<pose>Unspecified</pose>
		<truncated>1</truncated>
		<difficult>0</difficult>
		<bndbox>
			<xmin>174.16666666666669</xmin>
			<ymin>250.16666666666669</ymin>
			<xmax>275.0</xmax>
			<ymax>332.6666666666667</ymax>
		</bndbox>
	</object>
	<object>
		<name>Others</name>
		<pose>Unspecified</pose>
		<truncated>1</truncated>
		<difficult>0</difficult>
		<bndbox>
			<xmin>98.33333333333334</xmin>
			<ymin>221.0</ymin>
			<xmax>189.16666666666669</xmax>
			<ymax>281.83333333333337</ymax>
		</bndbox>
	</object>
	<object>
		<name>Heat Stress</name>
		<pose>Unspecified</pose>
		<truncated>1</truncated>
		<difficult>0</difficult>
		<bndbox>
			<xmin>117.5</xmin>
			<ymin>131.0</ymin>
			<xmax>190.83333333333334</xmax>
			<ymax>226.83333333333334</ymax>
		</bndbox>
	</object>
	<object>
		<name>Heat Stress</name>
		<pose>Unspecified</pose>
		<truncated>1</truncated>
		<difficult>0</difficult>
		<bndbox>
			<xmin>126.66666666666667</xmin>
			<ymin>76.0</ymin>
			<xmax>180.0</xmax>
			<ymax>188.5</ymax>
		</bndbox>
	</object>
</annotation>