<annotation>
	<folder>UAV_data</folder>
	<filename>:\ssss\zuizhong\201907261520023930.975.8.jpg</filename>
	<source>
		<database>The UAV autolanding</database>
		<annotation>UAV AutoLanding</annotation>
		<image>flickr</image>
		<flickrid>NULL</flickrid>
	</source>
	<owner>
		<flickrid>NULL</flickrid>
		<name>ChaojieZhu</name>
	</owner>
	<size>
		<width>1280</width>
		<height>720</height>
		<depth>3</depth>
	</size>
		<segmented>0</segmented>
	<object>
		<name>Heat Stress</name>
		<pose>Unspecified</pose>
		<truncated>1</truncated>
		<difficult>0</difficult>
		<bndbox>
			<xmin>842.1666666666667</xmin>
			<ymin>552.5</ymin>
			<xmax>916.3333333333334</xmax>
			<ymax>662.5</ymax>
		</bndbox>
	</object>
	<object>
		<name>Heat Stress</name>
		<pose>Unspecified</pose>
		<truncated>1</truncated>
		<difficult>0</difficult>
		<bndbox>
			<xmin>871.3333333333334</xmin>
			<ymin>420.83333333333337</ymin>
			<xmax>942.1666666666667</xmax>
			<ymax>557.5</ymax>
		</bndbox>
	</object>
	<object>
		<name>Others</name>
		<pose>Unspecified</pose>
		<truncated>1</truncated>
		<difficult>0</difficult>
		<bndbox>
			<xmin>772.1666666666667</xmin>
			<ymin>300.83333333333337</ymin>
			<xmax>898.8333333333334</xmax>
			<ymax>446.6666666666667</ymax>
		</bndbox>
	</object>
	<object>
		<name>Heat Stress</name>
		<pose>Unspecified</pose>
		<truncated>1</truncated>
		<difficult>0</difficult>
		<bndbox>
			<xmin>713.0</xmin>
			<ymin>392.5</ymin>
			<xmax>827.1666666666667</xmax>
			<ymax>483.33333333333337</ymax>
		</bndbox>
	</object>
	<object>
		<name>Others</name>
		<pose>Unspecified</pose>
		<truncated>1</truncated>
		<difficult>0</difficult>
		<bndbox>
			<xmin>588.8333333333334</xmin>
			<ymin>235.83333333333337</ymin>
			<xmax>703.8333333333334</xmax>
			<ymax>380.83333333333337</ymax>
		</bndbox>
	</object>
	<object>
		<name>Others</name>
		<pose>Unspecified</pose>
		<truncated>1</truncated>
		<difficult>0</difficult>
		<bndbox>
			<xmin>510.5</xmin>
			<ymin>336.6666666666667</ymin>
			<xmax>640.5</xmax>
			<ymax>445.0</ymax>
		</bndbox>
	</object>
	<object>
		<name>Others</name>
		<pose>Unspecified</pose>
		<truncated>1</truncated>
		<difficult>0</difficult>
		<bndbox>
			<xmin>418.83333333333337</xmin>
			<ymin>405.0</ymin>
			<xmax>548.0</xmax>
			<ymax>517.5</ymax>
		</bndbox>
	</object>
	<object>
		<name>Heat Stress</name>
		<pose>Unspecified</pose>
		<truncated>1</truncated>
		<difficult>0</difficult>
		<bndbox>
			<xmin>431.33333333333337</xmin>
			<ymin>516.6666666666667</ymin>
			<xmax>600.5</xmax>
			<ymax>600.8333333333334</ymax>
		</bndbox>
	</object>
	<object>
		<name>Others</name>
		<pose>Unspecified</pose>
		<truncated>1</truncated>
		<difficult>0</difficult>
		<bndbox>
			<xmin>518.0</xmin>
			<ymin>637.5</ymin>
			<xmax>669.0</xmax>
			<ymax>719.0</ymax>
		</bndbox>
	</object>
	<object>
		<name>Heat Stress</name>
		<pose>Unspecified</pose>
		<truncated>1</truncated>
		<difficult>0</difficult>
		<bndbox>
			<xmin>233.83333333333334</xmin>
			<ymin>573.3333333333334</ymin>
			<xmax>359.6666666666667</xmax>
			<ymax>671.6666666666667</ymax>
		</bndbox>
	</object>
	<object>
		<name>Heat Stress</name>
		<pose>Unspecified</pose>
		<truncated>1</truncated>
		<difficult>0</difficult>
		<bndbox>
			<xmin>168.83333333333334</xmin>
			<ymin>420.83333333333337</ymin>
			<xmax>236.33333333333334</xmax>
			<ymax>550.8333333333334</ymax>
		</bndbox>
	</object>
	<object>
		<name>Eating</name>
		<pose>Unspecified</pose>
		<truncated>1</truncated>
		<difficult>0</difficult>
		<bndbox>
			<xmin>187.16666666666669</xmin>
			<ymin>437.5</ymin>
			<xmax>357.7235772357724</xmax>
			<ymax>552.9268292682926</ymax>
		</bndbox>
	</object>
	<object>
		<name>Others</name>
		<pose>Unspecified</pose>
		<truncated>1</truncated>
		<difficult>0</difficult>
		<bndbox>
			<xmin>367.1666666666667</xmin>
			<ymin>265.0</ymin>
			<xmax>465.5</xmax>
			<ymax>415.83333333333337</ymax>
		</bndbox>
	</object>
	<object>
		<name>Others</name>
		<pose>Unspecified</pose>
		<truncated>1</truncated>
		<difficult>0</difficult>
		<bndbox>
			<xmin>355.5</xmin>
			<ymin>353.33333333333337</ymin>
			<xmax>503.83333333333337</xmax>
			<ymax>427.5</ymax>
		</bndbox>
	</object>
	<object>
		<name>Others</name>
		<pose>Unspecified</pose>
		<truncated>1</truncated>
		<difficult>0</difficult>
		<bndbox>
			<xmin>261.33333333333337</xmin>
			<ymin>244.14634146341467</ymin>
			<xmax>333.0</xmax>
			<ymax>363.3130081300813</ymax>
		</bndbox>
	</object>
	<object>
		<name>Heat Stress</name>
		<pose>Unspecified</pose>
		<truncated>1</truncated>
		<difficult>0</difficult>
		<bndbox>
			<xmin>257.1666666666667</xmin>
			<ymin>156.66666666666669</ymin>
			<xmax>318.83333333333337</xmax>
			<ymax>283.33333333333337</ymax>
		</bndbox>
	</object>
	<object>
		<name>Heat Stress</name>
		<pose>Unspecified</pose>
		<truncated>1</truncated>
		<difficult>0</difficult>
		<bndbox>
			<xmin>254.66666666666669</xmin>
			<ymin>91.66666666666667</ymin>
			<xmax>316.33333333333337</xmax>
			<ymax>205.83333333333334</ymax>
		</bndbox>
	</object>
	<object>
		<name>Others</name>
		<pose>Unspecified</pose>
		<truncated>1</truncated>
		<difficult>0</difficult>
		<bndbox>
			<xmin>150.5</xmin>
			<ymin>175.83333333333334</ymin>
			<xmax>270.5</xmax>
			<ymax>332.5</ymax>
		</bndbox>
	</object>
	<object>
		<name>Others</name>
		<pose>Unspecified</pose>
		<truncated>1</truncated>
		<difficult>0</difficult>
		<bndbox>
			<xmin>326.33333333333337</xmin>
			<ymin>118.33333333333334</ymin>
			<xmax>403.0</xmax>
			<ymax>240.0</ymax>
		</bndbox>
	</object>
	<object>
		<name>Heat Stress</name>
		<pose>Unspecified</pose>
		<truncated>1</truncated>
		<difficult>0</difficult>
		<bndbox>
			<xmin>427.1666666666667</xmin>
			<ymin>103.33333333333334</ymin>
			<xmax>584.6666666666667</xmax>
			<ymax>213.33333333333334</ymax>
		</bndbox>
	</object>
	<object>
		<name>Others</name>
		<pose>Unspecified</pose>
		<truncated>1</truncated>
		<difficult>0</difficult>
		<bndbox>
			<xmin>504.6666666666667</xmin>
			<ymin>74.16666666666667</ymin>
			<xmax>599.6666666666667</xmax>
			<ymax>160.83333333333334</ymax>
		</bndbox>
	</object>
	<object>
		<name>Others</name>
		<pose>Unspecified</pose>
		<truncated>1</truncated>
		<difficult>0</difficult>
		<bndbox>
			<xmin>610.5</xmin>
			<ymin>68.33333333333334</ymin>
			<xmax>721.3333333333334</xmax>
			<ymax>206.66666666666669</ymax>
		</bndbox>
	</object>
	<object>
		<name>Heat Stress</name>
		<pose>Unspecified</pose>
		<truncated>1</truncated>
		<difficult>0</difficult>
		<bndbox>
			<xmin>724.6666666666667</xmin>
			<ymin>83.33333333333334</ymin>
			<xmax>814.6666666666667</xmax>
			<ymax>255.83333333333337</ymax>
		</bndbox>
	</object>
	<object>
		<name>Heat Stress</name>
		<pose>Unspecified</pose>
		<truncated>1</truncated>
		<difficult>0</difficult>
		<bndbox>
			<xmin>817.1666666666667</xmin>
			<ymin>155.0</ymin>
			<xmax>968.0</xmax>
			<ymax>247.5</ymax>
		</bndbox>
	</object>
	<object>
		<name>Others</name>
		<pose>Unspecified</pose>
		<truncated>1</truncated>
		<difficult>0</difficult>
		<bndbox>
			<xmin>389.6666666666667</xmin>
			<ymin>15.0</ymin>
			<xmax>466.33333333333337</xmax>
			<ymax>170.83333333333334</ymax>
		</bndbox>
	</object>
	<object>
		<name>Heat Stress</name>
		<pose>Unspecified</pose>
		<truncated>1</truncated>
		<difficult>0</difficult>
		<bndbox>
			<xmin>241.33333333333334</xmin>
			<ymin>15.0</ymin>
			<xmax>365.5</xmax>
			<ymax>77.5</ymax>
		</bndbox>
	</object>
	<object>
		<name>Others</name>
		<pose>Unspecified</pose>
		<truncated>1</truncated>
		<difficult>0</difficult>
		<bndbox>
			<xmin>186.33333333333334</xmin>
			<ymin>52.5</ymin>
			<xmax>293.83333333333337</xmax>
			<ymax>115.83333333333334</ymax>
		</bndbox>
	</object>
	<object>
		<name>Heat Stress</name>
		<pose>Unspecified</pose>
		<truncated>1</truncated>
		<difficult>0</difficult>
		<bndbox>
			<xmin>118.0</xmin>
			<ymin>75.0</ymin>
			<xmax>178.0</xmax>
			<ymax>192.5</ymax>
		</bndbox>
	</object>
	<object>
		<name>Heat Stress</name>
		<pose>Unspecified</pose>
		<truncated>1</truncated>
		<difficult>0</difficult>
		<bndbox>
			<xmin>122.16666666666667</xmin>
			<ymin>127.5</ymin>
			<xmax>181.33333333333334</xmax>
			<ymax>220.0</ymax>
		</bndbox>
	</object>
	<object>
		<name>Heat Stress</name>
		<pose>Unspecified</pose>
		<truncated>1</truncated>
		<difficult>0</difficult>
		<bndbox>
			<xmin>110.5</xmin>
			<ymin>212.5</ymin>
			<xmax>173.83333333333334</xmax>
			<ymax>297.5</ymax>
		</bndbox>
	</object>
</annotation>