<annotation>
	<folder>UAV_data</folder>
	<filename>:\ssss\zuizhong\201907250700008630.682.8.jpg</filename>
	<source>
		<database>The UAV autolanding</database>
		<annotation>UAV AutoLanding</annotation>
		<image>flickr</image>
		<flickrid>NULL</flickrid>
	</source>
	<owner>
		<flickrid>NULL</flickrid>
		<name>ChaojieZhu</name>
	</owner>
	<size>
		<width>1280</width>
		<height>720</height>
		<depth>3</depth>
	</size>
		<segmented>0</segmented>
	<object>
		<name>Eating</name>
		<pose>Unspecified</pose>
		<truncated>1</truncated>
		<difficult>0</difficult>
		<bndbox>
			<xmin>835.0</xmin>
			<ymin>521.0</ymin>
			<xmax>920.8333333333334</xmax>
			<ymax>629.3333333333334</ymax>
		</bndbox>
	</object>
	<object>
		<name>Eating</name>
		<pose>Unspecified</pose>
		<truncated>1</truncated>
		<difficult>0</difficult>
		<bndbox>
			<xmin>232.5</xmin>
			<ymin>446.83333333333337</ymin>
			<xmax>346.6666666666667</xmax>
			<ymax>600.1666666666667</ymax>
		</bndbox>
	</object>
	<object>
		<name>Others</name>
		<pose>Unspecified</pose>
		<truncated>1</truncated>
		<difficult>0</difficult>
		<bndbox>
			<xmin>282.5</xmin>
			<ymin>369.33333333333337</ymin>
			<xmax>455.83333333333337</xmax>
			<ymax>450.1666666666667</ymax>
		</bndbox>
	</object>
	<object>
		<name>Others</name>
		<pose>Unspecified</pose>
		<truncated>1</truncated>
		<difficult>0</difficult>
		<bndbox>
			<xmin>302.5</xmin>
			<ymin>597.6666666666667</ymin>
			<xmax>440.0</xmax>
			<ymax>683.5</ymax>
		</bndbox>
	</object>
	<object>
		<name>Heat Stress</name>
		<pose>Unspecified</pose>
		<truncated>1</truncated>
		<difficult>0</difficult>
		<bndbox>
			<xmin>225.20325203252034</xmin>
			<ymin>506.7723577235772</ymin>
			<xmax>305.83333333333337</xmax>
			<ymax>641.0</ymax>
		</bndbox>
	</object>
	<object>
		<name>Others</name>
		<pose>Unspecified</pose>
		<truncated>1</truncated>
		<difficult>0</difficult>
		<bndbox>
			<xmin>127.5</xmin>
			<ymin>459.33333333333337</ymin>
			<xmax>195.0</xmax>
			<ymax>586.8333333333334</ymax>
		</bndbox>
	</object>
	<object>
		<name>Others</name>
		<pose>Unspecified</pose>
		<truncated>1</truncated>
		<difficult>0</difficult>
		<bndbox>
			<xmin>109.16666666666667</xmin>
			<ymin>549.3333333333334</ymin>
			<xmax>200.83333333333334</xmax>
			<ymax>653.5</ymax>
		</bndbox>
	</object>
	<object>
		<name>Others</name>
		<pose>Unspecified</pose>
		<truncated>1</truncated>
		<difficult>0</difficult>
		<bndbox>
			<xmin>143.33333333333334</xmin>
			<ymin>575.1666666666667</ymin>
			<xmax>261.6666666666667</xmax>
			<ymax>661.8333333333334</ymax>
		</bndbox>
	</object>
	<object>
		<name>Heat Stress</name>
		<pose>Unspecified</pose>
		<truncated>1</truncated>
		<difficult>0</difficult>
		<bndbox>
			<xmin>530.8333333333334</xmin>
			<ymin>519.2723577235773</ymin>
			<xmax>619.5121951219512</xmax>
			<ymax>657.9918699186992</ymax>
		</bndbox>
	</object>
	<object>
		<name>Others</name>
		<pose>Unspecified</pose>
		<truncated>1</truncated>
		<difficult>0</difficult>
		<bndbox>
			<xmin>594.1666666666667</xmin>
			<ymin>366.0</ymin>
			<xmax>689.1666666666667</xmax>
			<ymax>507.66666666666674</ymax>
		</bndbox>
	</object>
	<object>
		<name>Eating</name>
		<pose>Unspecified</pose>
		<truncated>1</truncated>
		<difficult>0</difficult>
		<bndbox>
			<xmin>665.0</xmin>
			<ymin>378.5</ymin>
			<xmax>760.8333333333334</xmax>
			<ymax>530.1666666666667</ymax>
		</bndbox>
	</object>
	<object>
		<name>Others</name>
		<pose>Unspecified</pose>
		<truncated>1</truncated>
		<difficult>0</difficult>
		<bndbox>
			<xmin>720.0</xmin>
			<ymin>286.83333333333337</ymin>
			<xmax>814.1666666666667</xmax>
			<ymax>411.83333333333337</ymax>
		</bndbox>
	</object>
	<object>
		<name>Heat Stress</name>
		<pose>Unspecified</pose>
		<truncated>1</truncated>
		<difficult>0</difficult>
		<bndbox>
			<xmin>775.0</xmin>
			<ymin>126.0</ymin>
			<xmax>850.0</xmax>
			<ymax>296.0</ymax>
		</bndbox>
	</object>
	<object>
		<name>Others</name>
		<pose>Unspecified</pose>
		<truncated>1</truncated>
		<difficult>0</difficult>
		<bndbox>
			<xmin>91.66666666666667</xmin>
			<ymin>336.83333333333337</ymin>
			<xmax>216.66666666666669</xmax>
			<ymax>441.83333333333337</ymax>
		</bndbox>
	</object>
	<object>
		<name>Drinking</name>
		<pose>Unspecified</pose>
		<truncated>1</truncated>
		<difficult>0</difficult>
		<bndbox>
			<xmin>440.83333333333337</xmin>
			<ymin>73.5</ymin>
			<xmax>517.5</xmax>
			<ymax>253.5</ymax>
		</bndbox>
	</object>
	<object>
		<name>Heat Stress</name>
		<pose>Unspecified</pose>
		<truncated>1</truncated>
		<difficult>0</difficult>
		<bndbox>
			<xmin>481.6666666666667</xmin>
			<ymin>182.66666666666669</ymin>
			<xmax>574.7967479674796</xmax>
			<ymax>341.7317073170732</ymax>
		</bndbox>
	</object>
	<object>
		<name>Others</name>
		<pose>Unspecified</pose>
		<truncated>1</truncated>
		<difficult>0</difficult>
		<bndbox>
			<xmin>522.5</xmin>
			<ymin>66.83333333333334</ymin>
			<xmax>605.8333333333334</xmax>
			<ymax>193.5</ymax>
		</bndbox>
	</object>
	<object>
		<name>Others</name>
		<pose>Unspecified</pose>
		<truncated>1</truncated>
		<difficult>0</difficult>
		<bndbox>
			<xmin>588.3333333333334</xmin>
			<ymin>129.33333333333334</ymin>
			<xmax>688.3333333333334</xmax>
			<ymax>272.6666666666667</ymax>
		</bndbox>
	</object>
	<object>
		<name>Others</name>
		<pose>Unspecified</pose>
		<truncated>1</truncated>
		<difficult>0</difficult>
		<bndbox>
			<xmin>581.6666666666667</xmin>
			<ymin>100.16666666666667</ymin>
			<xmax>696.6666666666667</xmax>
			<ymax>176.0</ymax>
		</bndbox>
	</object>
	<object>
		<name>Others</name>
		<pose>Unspecified</pose>
		<truncated>1</truncated>
		<difficult>0</difficult>
		<bndbox>
			<xmin>704.1056910569107</xmin>
			<ymin>12.504065040650417</ymin>
			<xmax>824.390243902439</xmax>
			<ymax>73.4390243902439</ymax>
		</bndbox>
	</object>
	<object>
		<name>Others</name>
		<pose>Unspecified</pose>
		<truncated>1</truncated>
		<difficult>0</difficult>
		<bndbox>
			<xmin>677.5</xmin>
			<ymin>38.5</ymin>
			<xmax>778.3333333333334</xmax>
			<ymax>126.83333333333334</ymax>
		</bndbox>
	</object>
	<object>
		<name>Drinking</name>
		<pose>Unspecified</pose>
		<truncated>1</truncated>
		<difficult>0</difficult>
		<bndbox>
			<xmin>361.6666666666667</xmin>
			<ymin>16.833333333333336</ymin>
			<xmax>455.83333333333337</xmax>
			<ymax>136.83333333333334</ymax>
		</bndbox>
	</object>
	<object>
		<name>Drinking</name>
		<pose>Unspecified</pose>
		<truncated>1</truncated>
		<difficult>0</difficult>
		<bndbox>
			<xmin>326.6666666666667</xmin>
			<ymin>20.16666666666667</ymin>
			<xmax>430.83333333333337</xmax>
			<ymax>116.83333333333334</ymax>
		</bndbox>
	</object>
	<object>
		<name>Others</name>
		<pose>Unspecified</pose>
		<truncated>1</truncated>
		<difficult>0</difficult>
		<bndbox>
			<xmin>520.0</xmin>
			<ymin>22.66666666666667</ymin>
			<xmax>658.3333333333334</xmax>
			<ymax>91.0</ymax>
		</bndbox>
	</object>
	<object>
		<name>Heat Stress</name>
		<pose>Unspecified</pose>
		<truncated>1</truncated>
		<difficult>0</difficult>
		<bndbox>
			<xmin>133.33333333333334</xmin>
			<ymin>42.66666666666667</ymin>
			<xmax>189.16666666666669</xmax>
			<ymax>115.16666666666669</ymax>
		</bndbox>
	</object>
	<object>
		<name>Others</name>
		<pose>Unspecified</pose>
		<truncated>1</truncated>
		<difficult>0</difficult>
		<bndbox>
			<xmin>92.5</xmin>
			<ymin>102.66666666666667</ymin>
			<xmax>148.33333333333334</xmax>
			<ymax>246.0</ymax>
		</bndbox>
	</object>
	<object>
		<name>Heat Stress</name>
		<pose>Unspecified</pose>
		<truncated>1</truncated>
		<difficult>0</difficult>
		<bndbox>
			<xmin>203.33333333333334</xmin>
			<ymin>137.66666666666669</ymin>
			<xmax>378.33333333333337</xmax>
			<ymax>233.5</ymax>
		</bndbox>
	</object>
	<object>
		<name>Others</name>
		<pose>Unspecified</pose>
		<truncated>1</truncated>
		<difficult>0</difficult>
		<bndbox>
			<xmin>218.33333333333334</xmin>
			<ymin>16.0</ymin>
			<xmax>287.5</xmax>
			<ymax>186.0</ymax>
		</bndbox>
	</object>
	<object>
		<name>Others</name>
		<pose>Unspecified</pose>
		<truncated>1</truncated>
		<difficult>0</difficult>
		<bndbox>
			<xmin>130.0</xmin>
			<ymin>85.16666666666667</ymin>
			<xmax>230.83333333333334</xmax>
			<ymax>149.33333333333334</ymax>
		</bndbox>
	</object>
	<object>
		<name>Others</name>
		<pose>Unspecified</pose>
		<truncated>1</truncated>
		<difficult>0</difficult>
		<bndbox>
			<xmin>136.66666666666669</xmin>
			<ymin>151.0</ymin>
			<xmax>229.16666666666669</xmax>
			<ymax>228.5</ymax>
		</bndbox>
	</object>
	<object>
		<name>Others</name>
		<pose>Unspecified</pose>
		<truncated>1</truncated>
		<difficult>0</difficult>
		<bndbox>
			<xmin>94.16666666666667</xmin>
			<ymin>216.0</ymin>
			<xmax>242.5</xmax>
			<ymax>291.0</ymax>
		</bndbox>
	</object>
</annotation>