<annotation>
	<folder>UAV_data</folder>
	<filename>:\ssss\zuizhong\201907261520031030.875.8.jpg</filename>
	<source>
		<database>The UAV autolanding</database>
		<annotation>UAV AutoLanding</annotation>
		<image>flickr</image>
		<flickrid>NULL</flickrid>
	</source>
	<owner>
		<flickrid>NULL</flickrid>
		<name>ChaojieZhu</name>
	</owner>
	<size>
		<width>1280</width>
		<height>720</height>
		<depth>3</depth>
	</size>
		<segmented>0</segmented>
	<object>
		<name>Heat Stress</name>
		<pose>Unspecified</pose>
		<truncated>1</truncated>
		<difficult>0</difficult>
		<bndbox>
			<xmin>873.3333333333334</xmin>
			<ymin>481.83333333333337</ymin>
			<xmax>945.0</xmax>
			<ymax>608.5</ymax>
		</bndbox>
	</object>
	<object>
		<name>Others</name>
		<pose>Unspecified</pose>
		<truncated>1</truncated>
		<difficult>0</difficult>
		<bndbox>
			<xmin>844.1666666666667</xmin>
			<ymin>587.6666666666667</ymin>
			<xmax>935.8333333333334</xmax>
			<ymax>697.6666666666667</ymax>
		</bndbox>
	</object>
	<object>
		<name>Others</name>
		<pose>Unspecified</pose>
		<truncated>1</truncated>
		<difficult>0</difficult>
		<bndbox>
			<xmin>683.3333333333334</xmin>
			<ymin>408.5</ymin>
			<xmax>810.0</xmax>
			<ymax>488.5</ymax>
		</bndbox>
	</object>
	<object>
		<name>Heat Stress</name>
		<pose>Unspecified</pose>
		<truncated>1</truncated>
		<difficult>0</difficult>
		<bndbox>
			<xmin>844.1666666666667</xmin>
			<ymin>319.33333333333337</ymin>
			<xmax>960.0</xmax>
			<ymax>414.33333333333337</ymax>
		</bndbox>
	</object>
	<object>
		<name>Others</name>
		<pose>Unspecified</pose>
		<truncated>1</truncated>
		<difficult>0</difficult>
		<bndbox>
			<xmin>500.0</xmin>
			<ymin>268.5</ymin>
			<xmax>646.6666666666667</xmax>
			<ymax>402.6666666666667</ymax>
		</bndbox>
	</object>
	<object>
		<name>Others</name>
		<pose>Unspecified</pose>
		<truncated>1</truncated>
		<difficult>0</difficult>
		<bndbox>
			<xmin>365.83333333333337</xmin>
			<ymin>308.5</ymin>
			<xmax>521.6666666666667</xmax>
			<ymax>411.0</ymax>
		</bndbox>
	</object>
	<object>
		<name>Others</name>
		<pose>Unspecified</pose>
		<truncated>1</truncated>
		<difficult>0</difficult>
		<bndbox>
			<xmin>326.6666666666667</xmin>
			<ymin>376.83333333333337</ymin>
			<xmax>470.0</xmax>
			<ymax>455.1666666666667</ymax>
		</bndbox>
	</object>
	<object>
		<name>Others</name>
		<pose>Unspecified</pose>
		<truncated>1</truncated>
		<difficult>0</difficult>
		<bndbox>
			<xmin>450.0</xmin>
			<ymin>414.33333333333337</ymin>
			<xmax>525.0</xmax>
			<ymax>556.0</ymax>
		</bndbox>
	</object>
	<object>
		<name>Others</name>
		<pose>Unspecified</pose>
		<truncated>1</truncated>
		<difficult>0</difficult>
		<bndbox>
			<xmin>213.33333333333334</xmin>
			<ymin>427.6666666666667</ymin>
			<xmax>359.1666666666667</xmax>
			<ymax>523.5</ymax>
		</bndbox>
	</object>
	<object>
		<name>Others</name>
		<pose>Unspecified</pose>
		<truncated>1</truncated>
		<difficult>0</difficult>
		<bndbox>
			<xmin>400.83333333333337</xmin>
			<ymin>596.8333333333334</ymin>
			<xmax>537.5</xmax>
			<ymax>684.3333333333334</ymax>
		</bndbox>
	</object>
	<object>
		<name>Others</name>
		<pose>Unspecified</pose>
		<truncated>1</truncated>
		<difficult>0</difficult>
		<bndbox>
			<xmin>541.6666666666667</xmin>
			<ymin>644.3333333333334</ymin>
			<xmax>684.0</xmax>
			<ymax>719.0</ymax>
		</bndbox>
	</object>
	<object>
		<name>Others</name>
		<pose>Unspecified</pose>
		<truncated>1</truncated>
		<difficult>0</difficult>
		<bndbox>
			<xmin>189.16666666666669</xmin>
			<ymin>528.5</ymin>
			<xmax>290.0</xmax>
			<ymax>601.8333333333334</ymax>
		</bndbox>
	</object>
	<object>
		<name>Heat Stress</name>
		<pose>Unspecified</pose>
		<truncated>1</truncated>
		<difficult>0</difficult>
		<bndbox>
			<xmin>143.33333333333334</xmin>
			<ymin>550.1666666666667</ymin>
			<xmax>240.83333333333334</xmax>
			<ymax>649.3333333333334</ymax>
		</bndbox>
	</object>
	<object>
		<name>Heat Stress</name>
		<pose>Unspecified</pose>
		<truncated>1</truncated>
		<difficult>0</difficult>
		<bndbox>
			<xmin>568.3333333333334</xmin>
			<ymin>167.66666666666669</ymin>
			<xmax>693.3333333333334</xmax>
			<ymax>294.33333333333337</ymax>
		</bndbox>
	</object>
	<object>
		<name>Heat Stress</name>
		<pose>Unspecified</pose>
		<truncated>1</truncated>
		<difficult>0</difficult>
		<bndbox>
			<xmin>806.6666666666667</xmin>
			<ymin>151.0</ymin>
			<xmax>942.5</xmax>
			<ymax>250.16666666666669</ymax>
		</bndbox>
	</object>
	<object>
		<name>Heat Stress</name>
		<pose>Unspecified</pose>
		<truncated>1</truncated>
		<difficult>0</difficult>
		<bndbox>
			<xmin>605.0</xmin>
			<ymin>63.5</ymin>
			<xmax>711.6666666666667</xmax>
			<ymax>207.66666666666669</ymax>
		</bndbox>
	</object>
	<object>
		<name>Drinking</name>
		<pose>Unspecified</pose>
		<truncated>1</truncated>
		<difficult>0</difficult>
		<bndbox>
			<xmin>735.8739837398374</xmin>
			<ymin>86.89430894308944</ymin>
			<xmax>817.5406504065041</xmax>
			<ymax>246.0609756097561</ymax>
		</bndbox>
	</object>
	<object>
		<name>Others</name>
		<pose>Unspecified</pose>
		<truncated>1</truncated>
		<difficult>0</difficult>
		<bndbox>
			<xmin>690.0</xmin>
			<ymin>20.16666666666667</ymin>
			<xmax>820.8333333333334</xmax>
			<ymax>76.83333333333334</ymax>
		</bndbox>
	</object>
	<object>
		<name>Others</name>
		<pose>Unspecified</pose>
		<truncated>1</truncated>
		<difficult>0</difficult>
		<bndbox>
			<xmin>497.5</xmin>
			<ymin>39.333333333333336</ymin>
			<xmax>595.8333333333334</xmax>
			<ymax>178.5</ymax>
		</bndbox>
	</object>
	<object>
		<name>Others</name>
		<pose>Unspecified</pose>
		<truncated>1</truncated>
		<difficult>0</difficult>
		<bndbox>
			<xmin>368.33333333333337</xmin>
			<ymin>28.5</ymin>
			<xmax>472.5</xmax>
			<ymax>164.33333333333334</ymax>
		</bndbox>
	</object>
	<object>
		<name>Others</name>
		<pose>Unspecified</pose>
		<truncated>1</truncated>
		<difficult>0</difficult>
		<bndbox>
			<xmin>333.33333333333337</xmin>
			<ymin>154.33333333333334</ymin>
			<xmax>441.6666666666667</xmax>
			<ymax>279.33333333333337</ymax>
		</bndbox>
	</object>
	<object>
		<name>Others</name>
		<pose>Unspecified</pose>
		<truncated>1</truncated>
		<difficult>0</difficult>
		<bndbox>
			<xmin>198.33333333333334</xmin>
			<ymin>253.5</ymin>
			<xmax>314.1666666666667</xmax>
			<ymax>334.33333333333337</ymax>
		</bndbox>
	</object>
	<object>
		<name>Others</name>
		<pose>Unspecified</pose>
		<truncated>1</truncated>
		<difficult>0</difficult>
		<bndbox>
			<xmin>237.5</xmin>
			<ymin>288.479674796748</ymin>
			<xmax>356.6666666666667</xmax>
			<ymax>397.6463414634147</ymax>
		</bndbox>
	</object>
	<object>
		<name>Heat Stress</name>
		<pose>Unspecified</pose>
		<truncated>1</truncated>
		<difficult>0</difficult>
		<bndbox>
			<xmin>245.83333333333334</xmin>
			<ymin>11.0</ymin>
			<xmax>363.33333333333337</xmax>
			<ymax>74.33333333333334</ymax>
		</bndbox>
	</object>
	<object>
		<name>Heat Stress</name>
		<pose>Unspecified</pose>
		<truncated>1</truncated>
		<difficult>0</difficult>
		<bndbox>
			<xmin>257.5</xmin>
			<ymin>91.0</ymin>
			<xmax>317.5</xmax>
			<ymax>198.5</ymax>
		</bndbox>
	</object>
	<object>
		<name>Heat Stress</name>
		<pose>Unspecified</pose>
		<truncated>1</truncated>
		<difficult>0</difficult>
		<bndbox>
			<xmin>255.0</xmin>
			<ymin>143.5</ymin>
			<xmax>319.1666666666667</xmax>
			<ymax>268.5</ymax>
		</bndbox>
	</object>
	<object>
		<name>Heat Stress</name>
		<pose>Unspecified</pose>
		<truncated>1</truncated>
		<difficult>0</difficult>
		<bndbox>
			<xmin>78.33333333333334</xmin>
			<ymin>166.0</ymin>
			<xmax>194.16666666666669</xmax>
			<ymax>264.33333333333337</ymax>
		</bndbox>
	</object>
	<object>
		<name>Heat Stress</name>
		<pose>Unspecified</pose>
		<truncated>1</truncated>
		<difficult>0</difficult>
		<bndbox>
			<xmin>123.33333333333334</xmin>
			<ymin>78.5</ymin>
			<xmax>179.16666666666669</xmax>
			<ymax>178.5</ymax>
		</bndbox>
	</object>
	<object>
		<name>Others</name>
		<pose>Unspecified</pose>
		<truncated>1</truncated>
		<difficult>0</difficult>
		<bndbox>
			<xmin>174.7967479674797</xmin>
			<ymin>44.796747967479675</ymin>
			<xmax>271.6666666666667</xmax>
			<ymax>115.16666666666669</ymax>
		</bndbox>
	</object>
	<object>
		<name>Others</name>
		<pose>Unspecified</pose>
		<truncated>1</truncated>
		<difficult>0</difficult>
		<bndbox>
			<xmin>85.0</xmin>
			<ymin>266.83333333333337</ymin>
			<xmax>147.5</xmax>
			<ymax>396.83333333333337</ymax>
		</bndbox>
	</object>
</annotation>