<annotation>
	<folder>UAV_data</folder>
	<filename>:\ssss\zuizhong\201907261520008631.175.7.jpg</filename>
	<source>
		<database>The UAV autolanding</database>
		<annotation>UAV AutoLanding</annotation>
		<image>flickr</image>
		<flickrid>NULL</flickrid>
	</source>
	<owner>
		<flickrid>NULL</flickrid>
		<name>ChaojieZhu</name>
	</owner>
	<size>
		<width>1280</width>
		<height>720</height>
		<depth>3</depth>
	</size>
		<segmented>0</segmented>
	<object>
		<name>Heat Stress</name>
		<pose>Unspecified</pose>
		<truncated>1</truncated>
		<difficult>0</difficult>
		<bndbox>
			<xmin>840.0</xmin>
			<ymin>555.1666666666667</ymin>
			<xmax>911.6666666666667</xmax>
			<ymax>681.8333333333334</ymax>
		</bndbox>
	</object>
	<object>
		<name>Eating</name>
		<pose>Unspecified</pose>
		<truncated>1</truncated>
		<difficult>0</difficult>
		<bndbox>
			<xmin>765.0</xmin>
			<ymin>354.33333333333337</ymin>
			<xmax>855.8333333333334</xmax>
			<ymax>502.66666666666674</ymax>
		</bndbox>
	</object>
	<object>
		<name>Heat Stress</name>
		<pose>Unspecified</pose>
		<truncated>1</truncated>
		<difficult>0</difficult>
		<bndbox>
			<xmin>662.5</xmin>
			<ymin>401.0</ymin>
			<xmax>743.3333333333334</xmax>
			<ymax>536.0</ymax>
		</bndbox>
	</object>
	<object>
		<name>Others</name>
		<pose>Unspecified</pose>
		<truncated>1</truncated>
		<difficult>0</difficult>
		<bndbox>
			<xmin>326.6666666666667</xmin>
			<ymin>617.6666666666667</ymin>
			<xmax>456.6666666666667</xmax>
			<ymax>696.8333333333334</ymax>
		</bndbox>
	</object>
	<object>
		<name>Heat Stress</name>
		<pose>Unspecified</pose>
		<truncated>1</truncated>
		<difficult>0</difficult>
		<bndbox>
			<xmin>225.83333333333334</xmin>
			<ymin>583.5</ymin>
			<xmax>337.5</xmax>
			<ymax>668.5</ymax>
		</bndbox>
	</object>
	<object>
		<name>Eating</name>
		<pose>Unspecified</pose>
		<truncated>1</truncated>
		<difficult>0</difficult>
		<bndbox>
			<xmin>285.0</xmin>
			<ymin>361.0</ymin>
			<xmax>403.33333333333337</xmax>
			<ymax>510.16666666666674</ymax>
		</bndbox>
	</object>
	<object>
		<name>Others</name>
		<pose>Unspecified</pose>
		<truncated>1</truncated>
		<difficult>0</difficult>
		<bndbox>
			<xmin>117.5</xmin>
			<ymin>548.5</ymin>
			<xmax>200.0</xmax>
			<ymax>672.6666666666667</ymax>
		</bndbox>
	</object>
	<object>
		<name>Heat Stress</name>
		<pose>Unspecified</pose>
		<truncated>1</truncated>
		<difficult>0</difficult>
		<bndbox>
			<xmin>498.33333333333337</xmin>
			<ymin>296.0</ymin>
			<xmax>576.6666666666667</xmax>
			<ymax>430.1666666666667</ymax>
		</bndbox>
	</object>
	<object>
		<name>Others</name>
		<pose>Unspecified</pose>
		<truncated>1</truncated>
		<difficult>0</difficult>
		<bndbox>
			<xmin>609.1666666666667</xmin>
			<ymin>265.1666666666667</ymin>
			<xmax>706.6666666666667</xmax>
			<ymax>406.0</ymax>
		</bndbox>
	</object>
	<object>
		<name>Heat Stress</name>
		<pose>Unspecified</pose>
		<truncated>1</truncated>
		<difficult>0</difficult>
		<bndbox>
			<xmin>786.6666666666667</xmin>
			<ymin>255.16666666666669</ymin>
			<xmax>906.6666666666667</xmax>
			<ymax>360.1666666666667</ymax>
		</bndbox>
	</object>
	<object>
		<name>Heat Stress</name>
		<pose>Unspecified</pose>
		<truncated>1</truncated>
		<difficult>0</difficult>
		<bndbox>
			<xmin>342.5</xmin>
			<ymin>328.5</ymin>
			<xmax>500.83333333333337</xmax>
			<ymax>407.6666666666667</ymax>
		</bndbox>
	</object>
	<object>
		<name>Others</name>
		<pose>Unspecified</pose>
		<truncated>1</truncated>
		<difficult>0</difficult>
		<bndbox>
			<xmin>346.6666666666667</xmin>
			<ymin>246.83333333333337</ymin>
			<xmax>490.83333333333337</xmax>
			<ymax>344.33333333333337</ymax>
		</bndbox>
	</object>
	<object>
		<name>Heat Stress</name>
		<pose>Unspecified</pose>
		<truncated>1</truncated>
		<difficult>0</difficult>
		<bndbox>
			<xmin>415.0</xmin>
			<ymin>166.0</ymin>
			<xmax>515.8333333333334</xmax>
			<ymax>312.6666666666667</ymax>
		</bndbox>
	</object>
	<object>
		<name>Others</name>
		<pose>Unspecified</pose>
		<truncated>1</truncated>
		<difficult>0</difficult>
		<bndbox>
			<xmin>690.0</xmin>
			<ymin>160.16666666666669</ymin>
			<xmax>797.5</xmax>
			<ymax>291.83333333333337</ymax>
		</bndbox>
	</object>
	<object>
		<name>Others</name>
		<pose>Unspecified</pose>
		<truncated>1</truncated>
		<difficult>0</difficult>
		<bndbox>
			<xmin>818.3333333333334</xmin>
			<ymin>129.33333333333334</ymin>
			<xmax>922.5</xmax>
			<ymax>241.83333333333337</ymax>
		</bndbox>
	</object>
	<object>
		<name>Others</name>
		<pose>Unspecified</pose>
		<truncated>1</truncated>
		<difficult>0</difficult>
		<bndbox>
			<xmin>855.0</xmin>
			<ymin>5.166666666666668</ymin>
			<xmax>927.5</xmax>
			<ymax>144.33333333333334</ymax>
		</bndbox>
	</object>
	<object>
		<name>Drinking</name>
		<pose>Unspecified</pose>
		<truncated>1</truncated>
		<difficult>0</difficult>
		<bndbox>
			<xmin>669.5121951219512</xmin>
			<ymin>73.60162601626014</ymin>
			<xmax>813.8211382113822</xmax>
			<ymax>172.6260162601626</ymax>
		</bndbox>
	</object>
	<object>
		<name>Others</name>
		<pose>Unspecified</pose>
		<truncated>1</truncated>
		<difficult>0</difficult>
		<bndbox>
			<xmin>709.1666666666667</xmin>
			<ymin>19.333333333333336</ymin>
			<xmax>830.8333333333334</xmax>
			<ymax>92.66666666666667</ymax>
		</bndbox>
	</object>
	<object>
		<name>Others</name>
		<pose>Unspecified</pose>
		<truncated>1</truncated>
		<difficult>0</difficult>
		<bndbox>
			<xmin>619.1666666666667</xmin>
			<ymin>97.66666666666667</ymin>
			<xmax>695.8333333333334</xmax>
			<ymax>242.66666666666669</ymax>
		</bndbox>
	</object>
	<object>
		<name>Others</name>
		<pose>Unspecified</pose>
		<truncated>1</truncated>
		<difficult>0</difficult>
		<bndbox>
			<xmin>540.8333333333334</xmin>
			<ymin>92.66666666666667</ymin>
			<xmax>620.0</xmax>
			<ymax>269.33333333333337</ymax>
		</bndbox>
	</object>
	<object>
		<name>Others</name>
		<pose>Unspecified</pose>
		<truncated>1</truncated>
		<difficult>0</difficult>
		<bndbox>
			<xmin>355.0</xmin>
			<ymin>81.83333333333334</ymin>
			<xmax>445.83333333333337</xmax>
			<ymax>216.0</ymax>
		</bndbox>
	</object>
	<object>
		<name>Drinking</name>
		<pose>Unspecified</pose>
		<truncated>1</truncated>
		<difficult>0</difficult>
		<bndbox>
			<xmin>382.5</xmin>
			<ymin>14.333333333333336</ymin>
			<xmax>520.8333333333334</xmax>
			<ymax>79.33333333333334</ymax>
		</bndbox>
	</object>
	<object>
		<name>Heat Stress</name>
		<pose>Unspecified</pose>
		<truncated>1</truncated>
		<difficult>0</difficult>
		<bndbox>
			<xmin>340.0</xmin>
			<ymin>143.5</ymin>
			<xmax>403.33333333333337</xmax>
			<ymax>268.5</ymax>
		</bndbox>
	</object>
	<object>
		<name>Others</name>
		<pose>Unspecified</pose>
		<truncated>1</truncated>
		<difficult>0</difficult>
		<bndbox>
			<xmin>238.33333333333334</xmin>
			<ymin>260.1666666666667</ymin>
			<xmax>341.6666666666667</xmax>
			<ymax>389.33333333333337</ymax>
		</bndbox>
	</object>
	<object>
		<name>Heat Stress</name>
		<pose>Unspecified</pose>
		<truncated>1</truncated>
		<difficult>0</difficult>
		<bndbox>
			<xmin>171.66666666666669</xmin>
			<ymin>163.5</ymin>
			<xmax>285.83333333333337</xmax>
			<ymax>261.0</ymax>
		</bndbox>
	</object>
	<object>
		<name>Heat Stress</name>
		<pose>Unspecified</pose>
		<truncated>1</truncated>
		<difficult>0</difficult>
		<bndbox>
			<xmin>169.16666666666669</xmin>
			<ymin>254.33333333333337</ymin>
			<xmax>277.5</xmax>
			<ymax>332.6666666666667</ymax>
		</bndbox>
	</object>
	<object>
		<name>Heat Stress</name>
		<pose>Unspecified</pose>
		<truncated>1</truncated>
		<difficult>0</difficult>
		<bndbox>
			<xmin>235.83333333333334</xmin>
			<ymin>116.83333333333334</ymin>
			<xmax>331.6666666666667</xmax>
			<ymax>175.16666666666669</ymax>
		</bndbox>
	</object>
	<object>
		<name>Others</name>
		<pose>Unspecified</pose>
		<truncated>1</truncated>
		<difficult>0</difficult>
		<bndbox>
			<xmin>292.5</xmin>
			<ymin>0.16666666666666785</ymin>
			<xmax>342.5</xmax>
			<ymax>131.0</ymax>
		</bndbox>
	</object>
	<object>
		<name>Others</name>
		<pose>Unspecified</pose>
		<truncated>1</truncated>
		<difficult>0</difficult>
		<bndbox>
			<xmin>170.0</xmin>
			<ymin>7.666666666666668</ymin>
			<xmax>284.1666666666667</xmax>
			<ymax>118.5</ymax>
		</bndbox>
	</object>
	<object>
		<name>Heat Stress</name>
		<pose>Unspecified</pose>
		<truncated>1</truncated>
		<difficult>0</difficult>
		<bndbox>
			<xmin>124.16666666666667</xmin>
			<ymin>75.16666666666667</ymin>
			<xmax>178.33333333333334</xmax>
			<ymax>174.33333333333334</ymax>
		</bndbox>
	</object>
	<object>
		<name>Heat Stress</name>
		<pose>Unspecified</pose>
		<truncated>1</truncated>
		<difficult>0</difficult>
		<bndbox>
			<xmin>115.0</xmin>
			<ymin>121.83333333333334</ymin>
			<xmax>182.5</xmax>
			<ymax>225.16666666666669</ymax>
		</bndbox>
	</object>
	<object>
		<name>Others</name>
		<pose>Unspecified</pose>
		<truncated>1</truncated>
		<difficult>0</difficult>
		<bndbox>
			<xmin>71.66666666666667</xmin>
			<ymin>218.5</ymin>
			<xmax>191.66666666666669</xmax>
			<ymax>281.0</ymax>
		</bndbox>
	</object>
	<object>
		<name>Others</name>
		<pose>Unspecified</pose>
		<truncated>1</truncated>
		<difficult>0</difficult>
		<bndbox>
			<xmin>83.33333333333334</xmin>
			<ymin>310.1666666666667</ymin>
			<xmax>180.83333333333334</xmax>
			<ymax>423.5</ymax>
		</bndbox>
	</object>
</annotation>