<annotation>
	<folder>UAV_data</folder>
	<filename>:\ssss\zuizhong\201907261520029330.875.8.jpg</filename>
	<source>
		<database>The UAV autolanding</database>
		<annotation>UAV AutoLanding</annotation>
		<image>flickr</image>
		<flickrid>NULL</flickrid>
	</source>
	<owner>
		<flickrid>NULL</flickrid>
		<name>ChaojieZhu</name>
	</owner>
	<size>
		<width>1280</width>
		<height>720</height>
		<depth>3</depth>
	</size>
		<segmented>0</segmented>
	<object>
		<name>Heat Stress</name>
		<pose>Unspecified</pose>
		<truncated>1</truncated>
		<difficult>0</difficult>
		<bndbox>
			<xmin>877.5</xmin>
			<ymin>482.6666666666667</ymin>
			<xmax>943.3333333333334</xmax>
			<ymax>611.8333333333334</ymax>
		</bndbox>
	</object>
	<object>
		<name>Others</name>
		<pose>Unspecified</pose>
		<truncated>1</truncated>
		<difficult>0</difficult>
		<bndbox>
			<xmin>827.5</xmin>
			<ymin>587.6666666666667</ymin>
			<xmax>931.6666666666667</xmax>
			<ymax>698.5</ymax>
		</bndbox>
	</object>
	<object>
		<name>Others</name>
		<pose>Unspecified</pose>
		<truncated>1</truncated>
		<difficult>0</difficult>
		<bndbox>
			<xmin>692.5</xmin>
			<ymin>408.5</ymin>
			<xmax>808.3333333333334</xmax>
			<ymax>486.83333333333337</ymax>
		</bndbox>
	</object>
	<object>
		<name>Heat Stress</name>
		<pose>Unspecified</pose>
		<truncated>1</truncated>
		<difficult>0</difficult>
		<bndbox>
			<xmin>844.1666666666667</xmin>
			<ymin>315.1666666666667</ymin>
			<xmax>957.5</xmax>
			<ymax>406.83333333333337</ymax>
		</bndbox>
	</object>
	<object>
		<name>Heat Stress</name>
		<pose>Unspecified</pose>
		<truncated>1</truncated>
		<difficult>0</difficult>
		<bndbox>
			<xmin>552.5</xmin>
			<ymin>646.0</ymin>
			<xmax>683.0</xmax>
			<ymax>719.0</ymax>
		</bndbox>
	</object>
	<object>
		<name>Eating</name>
		<pose>Unspecified</pose>
		<truncated>1</truncated>
		<difficult>0</difficult>
		<bndbox>
			<xmin>399.1869918699187</xmin>
			<ymin>555.3658536585366</ymin>
			<xmax>564.1666666666667</xmax>
			<ymax>651.0</ymax>
		</bndbox>
	</object>
	<object>
		<name>Eating</name>
		<pose>Unspecified</pose>
		<truncated>1</truncated>
		<difficult>0</difficult>
		<bndbox>
			<xmin>187.5</xmin>
			<ymin>443.5</ymin>
			<xmax>343.33333333333337</xmax>
			<ymax>565.1666666666667</ymax>
		</bndbox>
	</object>
	<object>
		<name>Others</name>
		<pose>Unspecified</pose>
		<truncated>1</truncated>
		<difficult>0</difficult>
		<bndbox>
			<xmin>142.5</xmin>
			<ymin>456.83333333333337</ymin>
			<xmax>227.5</xmax>
			<ymax>587.6666666666667</ymax>
		</bndbox>
	</object>
	<object>
		<name>Heat Stress</name>
		<pose>Unspecified</pose>
		<truncated>1</truncated>
		<difficult>0</difficult>
		<bndbox>
			<xmin>209.16666666666669</xmin>
			<ymin>581.0</ymin>
			<xmax>355.83333333333337</xmax>
			<ymax>671.0</ymax>
		</bndbox>
	</object>
	<object>
		<name>Others</name>
		<pose>Unspecified</pose>
		<truncated>1</truncated>
		<difficult>0</difficult>
		<bndbox>
			<xmin>447.5</xmin>
			<ymin>366.0</ymin>
			<xmax>548.3333333333334</xmax>
			<ymax>505.16666666666674</ymax>
		</bndbox>
	</object>
	<object>
		<name>Heat Stress</name>
		<pose>Unspecified</pose>
		<truncated>1</truncated>
		<difficult>0</difficult>
		<bndbox>
			<xmin>526.6666666666667</xmin>
			<ymin>201.0</ymin>
			<xmax>632.5</xmax>
			<ymax>378.5</ymax>
		</bndbox>
	</object>
	<object>
		<name>Drinking</name>
		<pose>Unspecified</pose>
		<truncated>1</truncated>
		<difficult>0</difficult>
		<bndbox>
			<xmin>731.6666666666667</xmin>
			<ymin>83.5</ymin>
			<xmax>826.6666666666667</xmax>
			<ymax>250.16666666666669</ymax>
		</bndbox>
	</object>
	<object>
		<name>Heat Stress</name>
		<pose>Unspecified</pose>
		<truncated>1</truncated>
		<difficult>0</difficult>
		<bndbox>
			<xmin>815.0</xmin>
			<ymin>149.33333333333334</ymin>
			<xmax>957.5</xmax>
			<ymax>251.0</ymax>
		</bndbox>
	</object>
	<object>
		<name>Others</name>
		<pose>Unspecified</pose>
		<truncated>1</truncated>
		<difficult>0</difficult>
		<bndbox>
			<xmin>366.6666666666667</xmin>
			<ymin>304.33333333333337</ymin>
			<xmax>526.6666666666667</xmax>
			<ymax>413.5</ymax>
		</bndbox>
	</object>
	<object>
		<name>Others</name>
		<pose>Unspecified</pose>
		<truncated>1</truncated>
		<difficult>0</difficult>
		<bndbox>
			<xmin>291.6666666666667</xmin>
			<ymin>353.5</ymin>
			<xmax>407.5</xmax>
			<ymax>450.1666666666667</ymax>
		</bndbox>
	</object>
	<object>
		<name>Others</name>
		<pose>Unspecified</pose>
		<truncated>1</truncated>
		<difficult>0</difficult>
		<bndbox>
			<xmin>329.1666666666667</xmin>
			<ymin>244.33333333333337</ymin>
			<xmax>416.6666666666667</xmax>
			<ymax>351.83333333333337</ymax>
		</bndbox>
	</object>
	<object>
		<name>Others</name>
		<pose>Unspecified</pose>
		<truncated>1</truncated>
		<difficult>0</difficult>
		<bndbox>
			<xmin>242.5</xmin>
			<ymin>238.5</ymin>
			<xmax>329.1666666666667</xmax>
			<ymax>380.1666666666667</ymax>
		</bndbox>
	</object>
	<object>
		<name>Drinking</name>
		<pose>Unspecified</pose>
		<truncated>1</truncated>
		<difficult>0</difficult>
		<bndbox>
			<xmin>597.7439024390244</xmin>
			<ymin>66.0</ymin>
			<xmax>712.1951219512196</xmax>
			<ymax>208.21138211382114</ymax>
		</bndbox>
	</object>
	<object>
		<name>Others</name>
		<pose>Unspecified</pose>
		<truncated>1</truncated>
		<difficult>0</difficult>
		<bndbox>
			<xmin>688.3333333333334</xmin>
			<ymin>19.333333333333336</ymin>
			<xmax>820.8333333333334</xmax>
			<ymax>70.16666666666667</ymax>
		</bndbox>
	</object>
	<object>
		<name>Others</name>
		<pose>Unspecified</pose>
		<truncated>1</truncated>
		<difficult>0</difficult>
		<bndbox>
			<xmin>413.33333333333337</xmin>
			<ymin>96.83333333333334</ymin>
			<xmax>570.0</xmax>
			<ymax>167.66666666666669</ymax>
		</bndbox>
	</object>
	<object>
		<name>Others</name>
		<pose>Unspecified</pose>
		<truncated>1</truncated>
		<difficult>0</difficult>
		<bndbox>
			<xmin>354.1666666666667</xmin>
			<ymin>133.5</ymin>
			<xmax>513.3333333333334</xmax>
			<ymax>238.5</ymax>
		</bndbox>
	</object>
	<object>
		<name>Others</name>
		<pose>Unspecified</pose>
		<truncated>1</truncated>
		<difficult>0</difficult>
		<bndbox>
			<xmin>382.5</xmin>
			<ymin>28.5</ymin>
			<xmax>467.5</xmax>
			<ymax>154.33333333333334</ymax>
		</bndbox>
	</object>
	<object>
		<name>Heat Stress</name>
		<pose>Unspecified</pose>
		<truncated>1</truncated>
		<difficult>0</difficult>
		<bndbox>
			<xmin>243.33333333333334</xmin>
			<ymin>11.0</ymin>
			<xmax>359.1666666666667</xmax>
			<ymax>78.5</ymax>
		</bndbox>
	</object>
	<object>
		<name>Others</name>
		<pose>Unspecified</pose>
		<truncated>1</truncated>
		<difficult>0</difficult>
		<bndbox>
			<xmin>187.5</xmin>
			<ymin>49.33333333333334</ymin>
			<xmax>280.0</xmax>
			<ymax>109.33333333333334</ymax>
		</bndbox>
	</object>
	<object>
		<name>Heat Stress</name>
		<pose>Unspecified</pose>
		<truncated>1</truncated>
		<difficult>0</difficult>
		<bndbox>
			<xmin>258.33333333333337</xmin>
			<ymin>86.83333333333334</ymin>
			<xmax>319.1666666666667</xmax>
			<ymax>191.0</ymax>
		</bndbox>
	</object>
	<object>
		<name>Others</name>
		<pose>Unspecified</pose>
		<truncated>1</truncated>
		<difficult>0</difficult>
		<bndbox>
			<xmin>223.33333333333334</xmin>
			<ymin>162.66666666666669</ymin>
			<xmax>295.0</xmax>
			<ymax>297.6666666666667</ymax>
		</bndbox>
	</object>
	<object>
		<name>Heat Stress</name>
		<pose>Unspecified</pose>
		<truncated>1</truncated>
		<difficult>0</difficult>
		<bndbox>
			<xmin>87.5</xmin>
			<ymin>146.83333333333334</ymin>
			<xmax>193.33333333333334</xmax>
			<ymax>265.1666666666667</ymax>
		</bndbox>
	</object>
	<object>
		<name>Heat Stress</name>
		<pose>Unspecified</pose>
		<truncated>1</truncated>
		<difficult>0</difficult>
		<bndbox>
			<xmin>121.66666666666667</xmin>
			<ymin>74.33333333333334</ymin>
			<xmax>177.5</xmax>
			<ymax>181.0</ymax>
		</bndbox>
	</object>
	<object>
		<name>Others</name>
		<pose>Unspecified</pose>
		<truncated>1</truncated>
		<difficult>0</difficult>
		<bndbox>
			<xmin>85.83333333333334</xmin>
			<ymin>267.6666666666667</ymin>
			<xmax>164.16666666666669</xmax>
			<ymax>378.5</ymax>
		</bndbox>
	</object>
</annotation>