<annotation>
	<folder>UAV_data</folder>
	<filename>:\ssss\zuizhong\201907261520029030.875.8.jpg</filename>
	<source>
		<database>The UAV autolanding</database>
		<annotation>UAV AutoLanding</annotation>
		<image>flickr</image>
		<flickrid>NULL</flickrid>
	</source>
	<owner>
		<flickrid>NULL</flickrid>
		<name>ChaojieZhu</name>
	</owner>
	<size>
		<width>1280</width>
		<height>720</height>
		<depth>3</depth>
	</size>
		<segmented>0</segmented>
	<object>
		<name>Heat Stress</name>
		<pose>Unspecified</pose>
		<truncated>1</truncated>
		<difficult>0</difficult>
		<bndbox>
			<xmin>843.3333333333334</xmin>
			<ymin>316.0</ymin>
			<xmax>957.5</xmax>
			<ymax>411.0</ymax>
		</bndbox>
	</object>
	<object>
		<name>Others</name>
		<pose>Unspecified</pose>
		<truncated>1</truncated>
		<difficult>0</difficult>
		<bndbox>
			<xmin>688.3333333333334</xmin>
			<ymin>411.0</ymin>
			<xmax>808.3333333333334</xmax>
			<ymax>487.6666666666667</ymax>
		</bndbox>
	</object>
	<object>
		<name>Heat Stress</name>
		<pose>Unspecified</pose>
		<truncated>1</truncated>
		<difficult>0</difficult>
		<bndbox>
			<xmin>873.3333333333334</xmin>
			<ymin>481.83333333333337</ymin>
			<xmax>945.8333333333334</xmax>
			<ymax>606.0</ymax>
		</bndbox>
	</object>
	<object>
		<name>Heat Stress</name>
		<pose>Unspecified</pose>
		<truncated>1</truncated>
		<difficult>0</difficult>
		<bndbox>
			<xmin>836.6666666666667</xmin>
			<ymin>596.8333333333334</ymin>
			<xmax>932.5</xmax>
			<ymax>696.8333333333334</ymax>
		</bndbox>
	</object>
	<object>
		<name>Others</name>
		<pose>Unspecified</pose>
		<truncated>1</truncated>
		<difficult>0</difficult>
		<bndbox>
			<xmin>548.3333333333334</xmin>
			<ymin>644.3333333333334</ymin>
			<xmax>683.0</xmax>
			<ymax>719.0</ymax>
		</bndbox>
	</object>
	<object>
		<name>Eating</name>
		<pose>Unspecified</pose>
		<truncated>1</truncated>
		<difficult>0</difficult>
		<bndbox>
			<xmin>403.2520325203252</xmin>
			<ymin>556.9918699186992</ymin>
			<xmax>558.3333333333334</xmax>
			<ymax>654.3333333333334</ymax>
		</bndbox>
	</object>
	<object>
		<name>Others</name>
		<pose>Unspecified</pose>
		<truncated>1</truncated>
		<difficult>0</difficult>
		<bndbox>
			<xmin>185.0</xmin>
			<ymin>444.33333333333337</ymin>
			<xmax>315.83333333333337</xmax>
			<ymax>569.3333333333334</ymax>
		</bndbox>
	</object>
	<object>
		<name>Others</name>
		<pose>Unspecified</pose>
		<truncated>1</truncated>
		<difficult>0</difficult>
		<bndbox>
			<xmin>162.5</xmin>
			<ymin>423.5</ymin>
			<xmax>225.0</xmax>
			<ymax>575.1666666666667</ymax>
		</bndbox>
	</object>
	<object>
		<name>Heat Stress</name>
		<pose>Unspecified</pose>
		<truncated>1</truncated>
		<difficult>0</difficult>
		<bndbox>
			<xmin>213.33333333333334</xmin>
			<ymin>583.5</ymin>
			<xmax>356.6666666666667</xmax>
			<ymax>671.0</ymax>
		</bndbox>
	</object>
	<object>
		<name>Others</name>
		<pose>Unspecified</pose>
		<truncated>1</truncated>
		<difficult>0</difficult>
		<bndbox>
			<xmin>362.5</xmin>
			<ymin>304.33333333333337</ymin>
			<xmax>520.8333333333334</xmax>
			<ymax>416.83333333333337</ymax>
		</bndbox>
	</object>
	<object>
		<name>Others</name>
		<pose>Unspecified</pose>
		<truncated>1</truncated>
		<difficult>0</difficult>
		<bndbox>
			<xmin>295.0</xmin>
			<ymin>358.5</ymin>
			<xmax>412.5</xmax>
			<ymax>456.83333333333337</ymax>
		</bndbox>
	</object>
	<object>
		<name>Others</name>
		<pose>Unspecified</pose>
		<truncated>1</truncated>
		<difficult>0</difficult>
		<bndbox>
			<xmin>335.0</xmin>
			<ymin>249.33333333333337</ymin>
			<xmax>425.83333333333337</xmax>
			<ymax>353.5</ymax>
		</bndbox>
	</object>
	<object>
		<name>Others</name>
		<pose>Unspecified</pose>
		<truncated>1</truncated>
		<difficult>0</difficult>
		<bndbox>
			<xmin>250.0</xmin>
			<ymin>240.16666666666669</ymin>
			<xmax>335.83333333333337</xmax>
			<ymax>365.1666666666667</ymax>
		</bndbox>
	</object>
	<object>
		<name>Heat Stress</name>
		<pose>Unspecified</pose>
		<truncated>1</truncated>
		<difficult>0</difficult>
		<bndbox>
			<xmin>815.8333333333334</xmin>
			<ymin>149.33333333333334</ymin>
			<xmax>940.8333333333334</xmax>
			<ymax>271.0</ymax>
		</bndbox>
	</object>
	<object>
		<name>Others</name>
		<pose>Unspecified</pose>
		<truncated>1</truncated>
		<difficult>0</difficult>
		<bndbox>
			<xmin>229.16666666666669</xmin>
			<ymin>176.0</ymin>
			<xmax>300.0</xmax>
			<ymax>295.1666666666667</ymax>
		</bndbox>
	</object>
	<object>
		<name>Heat Stress</name>
		<pose>Unspecified</pose>
		<truncated>1</truncated>
		<difficult>0</difficult>
		<bndbox>
			<xmin>268.33333333333337</xmin>
			<ymin>86.0</ymin>
			<xmax>316.6666666666667</xmax>
			<ymax>193.5</ymax>
		</bndbox>
	</object>
	<object>
		<name>Heat Stress</name>
		<pose>Unspecified</pose>
		<truncated>1</truncated>
		<difficult>0</difficult>
		<bndbox>
			<xmin>516.6666666666667</xmin>
			<ymin>224.33333333333334</ymin>
			<xmax>628.3333333333334</xmax>
			<ymax>371.0</ymax>
		</bndbox>
	</object>
	<object>
		<name>Others</name>
		<pose>Unspecified</pose>
		<truncated>1</truncated>
		<difficult>0</difficult>
		<bndbox>
			<xmin>551.6666666666667</xmin>
			<ymin>166.0</ymin>
			<xmax>693.3333333333334</xmax>
			<ymax>277.6666666666667</ymax>
		</bndbox>
	</object>
	<object>
		<name>Drinking</name>
		<pose>Unspecified</pose>
		<truncated>1</truncated>
		<difficult>0</difficult>
		<bndbox>
			<xmin>729.1666666666667</xmin>
			<ymin>72.66666666666667</ymin>
			<xmax>812.5</xmax>
			<ymax>252.66666666666669</ymax>
		</bndbox>
	</object>
	<object>
		<name>Drinking</name>
		<pose>Unspecified</pose>
		<truncated>1</truncated>
		<difficult>0</difficult>
		<bndbox>
			<xmin>600.0813008130082</xmin>
			<ymin>70.8780487804878</ymin>
			<xmax>713.0081300813008</xmax>
			<ymax>203.33333333333334</ymax>
		</bndbox>
	</object>
	<object>
		<name>Others</name>
		<pose>Unspecified</pose>
		<truncated>1</truncated>
		<difficult>0</difficult>
		<bndbox>
			<xmin>693.3333333333334</xmin>
			<ymin>21.0</ymin>
			<xmax>816.6666666666667</xmax>
			<ymax>76.83333333333334</ymax>
		</bndbox>
	</object>
	<object>
		<name>Others</name>
		<pose>Unspecified</pose>
		<truncated>1</truncated>
		<difficult>0</difficult>
		<bndbox>
			<xmin>382.5</xmin>
			<ymin>31.0</ymin>
			<xmax>470.0</xmax>
			<ymax>151.83333333333334</ymax>
		</bndbox>
	</object>
	<object>
		<name>Heat Stress</name>
		<pose>Unspecified</pose>
		<truncated>1</truncated>
		<difficult>0</difficult>
		<bndbox>
			<xmin>390.83333333333337</xmin>
			<ymin>146.0</ymin>
			<xmax>527.5</xmax>
			<ymax>231.0</ymax>
		</bndbox>
	</object>
	<object>
		<name>Heat Stress</name>
		<pose>Unspecified</pose>
		<truncated>1</truncated>
		<difficult>0</difficult>
		<bndbox>
			<xmin>242.5</xmin>
			<ymin>12.666666666666668</ymin>
			<xmax>362.5</xmax>
			<ymax>77.66666666666667</ymax>
		</bndbox>
	</object>
	<object>
		<name>Others</name>
		<pose>Unspecified</pose>
		<truncated>1</truncated>
		<difficult>0</difficult>
		<bndbox>
			<xmin>176.4227642276423</xmin>
			<ymin>43.170731707317074</ymin>
			<xmax>279.1666666666667</xmax>
			<ymax>111.83333333333334</ymax>
		</bndbox>
	</object>
	<object>
		<name>Heat Stress</name>
		<pose>Unspecified</pose>
		<truncated>1</truncated>
		<difficult>0</difficult>
		<bndbox>
			<xmin>118.33333333333334</xmin>
			<ymin>71.83333333333334</ymin>
			<xmax>182.5</xmax>
			<ymax>178.5</ymax>
		</bndbox>
	</object>
	<object>
		<name>Heat Stress</name>
		<pose>Unspecified</pose>
		<truncated>1</truncated>
		<difficult>0</difficult>
		<bndbox>
			<xmin>87.5</xmin>
			<ymin>145.16666666666669</ymin>
			<xmax>194.16666666666669</xmax>
			<ymax>258.5</ymax>
		</bndbox>
	</object>
	<object>
		<name>Others</name>
		<pose>Unspecified</pose>
		<truncated>1</truncated>
		<difficult>0</difficult>
		<bndbox>
			<xmin>81.66666666666667</xmin>
			<ymin>263.5</ymin>
			<xmax>162.5</xmax>
			<ymax>379.33333333333337</ymax>
		</bndbox>
	</object>
	<object>
		<name>Drinking</name>
		<pose>Unspecified</pose>
		<truncated>1</truncated>
		<difficult>0</difficult>
		<bndbox>
			<xmin>413.31300813008124</xmin>
			<ymin>78.64227642276421</ymin>
			<xmax>595.8130081300812</xmax>
			<ymax>161.97560975609755</ymax>
		</bndbox>
	</object>
</annotation>