<annotation>
	<folder>UAV_data</folder>
	<filename>:\ssss\zuizhong\201907261520019530.975.8.jpg</filename>
	<source>
		<database>The UAV autolanding</database>
		<annotation>UAV AutoLanding</annotation>
		<image>flickr</image>
		<flickrid>NULL</flickrid>
	</source>
	<owner>
		<flickrid>NULL</flickrid>
		<name>ChaojieZhu</name>
	</owner>
	<size>
		<width>1280</width>
		<height>720</height>
		<depth>3</depth>
	</size>
		<segmented>0</segmented>
	<object>
		<name>Heat Stress</name>
		<pose>Unspecified</pose>
		<truncated>1</truncated>
		<difficult>0</difficult>
		<bndbox>
			<xmin>843.3333333333334</xmin>
			<ymin>555.1666666666667</ymin>
			<xmax>913.3333333333334</xmax>
			<ymax>671.8333333333334</ymax>
		</bndbox>
	</object>
	<object>
		<name>Heat Stress</name>
		<pose>Unspecified</pose>
		<truncated>1</truncated>
		<difficult>0</difficult>
		<bndbox>
			<xmin>621.6666666666667</xmin>
			<ymin>591.0</ymin>
			<xmax>714.1666666666667</xmax>
			<ymax>691.0</ymax>
		</bndbox>
	</object>
	<object>
		<name>Heat Stress</name>
		<pose>Unspecified</pose>
		<truncated>1</truncated>
		<difficult>0</difficult>
		<bndbox>
			<xmin>547.5</xmin>
			<ymin>457.6666666666667</ymin>
			<xmax>707.5</xmax>
			<ymax>567.6666666666667</ymax>
		</bndbox>
	</object>
	<object>
		<name>Others</name>
		<pose>Unspecified</pose>
		<truncated>1</truncated>
		<difficult>0</difficult>
		<bndbox>
			<xmin>886.6666666666667</xmin>
			<ymin>411.83333333333337</ymin>
			<xmax>972.5</xmax>
			<ymax>566.0</ymax>
		</bndbox>
	</object>
	<object>
		<name>Others</name>
		<pose>Unspecified</pose>
		<truncated>1</truncated>
		<difficult>0</difficult>
		<bndbox>
			<xmin>504.1666666666667</xmin>
			<ymin>341.0</ymin>
			<xmax>682.5</xmax>
			<ymax>428.5</ymax>
		</bndbox>
	</object>
	<object>
		<name>Others</name>
		<pose>Unspecified</pose>
		<truncated>1</truncated>
		<difficult>0</difficult>
		<bndbox>
			<xmin>710.8333333333334</xmin>
			<ymin>390.1666666666667</ymin>
			<xmax>827.5</xmax>
			<ymax>476.83333333333337</ymax>
		</bndbox>
	</object>
	<object>
		<name>Others</name>
		<pose>Unspecified</pose>
		<truncated>1</truncated>
		<difficult>0</difficult>
		<bndbox>
			<xmin>382.5</xmin>
			<ymin>250.16666666666669</ymin>
			<xmax>457.5</xmax>
			<ymax>396.0</ymax>
		</bndbox>
	</object>
	<object>
		<name>Others</name>
		<pose>Unspecified</pose>
		<truncated>1</truncated>
		<difficult>0</difficult>
		<bndbox>
			<xmin>396.6666666666667</xmin>
			<ymin>343.5</ymin>
			<xmax>470.83333333333337</xmax>
			<ymax>495.16666666666674</ymax>
		</bndbox>
	</object>
	<object>
		<name>Others</name>
		<pose>Unspecified</pose>
		<truncated>1</truncated>
		<difficult>0</difficult>
		<bndbox>
			<xmin>370.0</xmin>
			<ymin>191.83333333333334</ymin>
			<xmax>429.1666666666667</xmax>
			<ymax>354.33333333333337</ymax>
		</bndbox>
	</object>
	<object>
		<name>Others</name>
		<pose>Unspecified</pose>
		<truncated>1</truncated>
		<difficult>0</difficult>
		<bndbox>
			<xmin>288.33333333333337</xmin>
			<ymin>246.83333333333337</ymin>
			<xmax>380.0</xmax>
			<ymax>350.1666666666667</ymax>
		</bndbox>
	</object>
	<object>
		<name>Heat Stress</name>
		<pose>Unspecified</pose>
		<truncated>1</truncated>
		<difficult>0</difficult>
		<bndbox>
			<xmin>253.33333333333334</xmin>
			<ymin>152.66666666666669</ymin>
			<xmax>315.83333333333337</xmax>
			<ymax>287.6666666666667</ymax>
		</bndbox>
	</object>
	<object>
		<name>Others</name>
		<pose>Unspecified</pose>
		<truncated>1</truncated>
		<difficult>0</difficult>
		<bndbox>
			<xmin>302.5</xmin>
			<ymin>119.33333333333334</ymin>
			<xmax>411.6666666666667</xmax>
			<ymax>207.66666666666669</ymax>
		</bndbox>
	</object>
	<object>
		<name>Others</name>
		<pose>Unspecified</pose>
		<truncated>1</truncated>
		<difficult>0</difficult>
		<bndbox>
			<xmin>150.83333333333334</xmin>
			<ymin>407.6666666666667</ymin>
			<xmax>273.33333333333337</xmax>
			<ymax>511.83333333333337</ymax>
		</bndbox>
	</object>
	<object>
		<name>Heat Stress</name>
		<pose>Unspecified</pose>
		<truncated>1</truncated>
		<difficult>0</difficult>
		<bndbox>
			<xmin>218.33333333333334</xmin>
			<ymin>581.8333333333334</ymin>
			<xmax>354.1666666666667</xmax>
			<ymax>668.5</ymax>
		</bndbox>
	</object>
	<object>
		<name>Others</name>
		<pose>Unspecified</pose>
		<truncated>1</truncated>
		<difficult>0</difficult>
		<bndbox>
			<xmin>612.5406504065041</xmin>
			<ymin>199.33333333333334</ymin>
			<xmax>690.8739837398374</xmax>
			<ymax>326.0</ymax>
		</bndbox>
	</object>
	<object>
		<name>Others</name>
		<pose>Unspecified</pose>
		<truncated>1</truncated>
		<difficult>0</difficult>
		<bndbox>
			<xmin>510.0</xmin>
			<ymin>156.83333333333334</ymin>
			<xmax>642.5</xmax>
			<ymax>266.83333333333337</ymax>
		</bndbox>
	</object>
	<object>
		<name>Others</name>
		<pose>Unspecified</pose>
		<truncated>1</truncated>
		<difficult>0</difficult>
		<bndbox>
			<xmin>844.1666666666667</xmin>
			<ymin>149.33333333333334</ymin>
			<xmax>955.8333333333334</xmax>
			<ymax>240.16666666666669</ymax>
		</bndbox>
	</object>
	<object>
		<name>Drinking</name>
		<pose>Unspecified</pose>
		<truncated>1</truncated>
		<difficult>0</difficult>
		<bndbox>
			<xmin>729.1666666666667</xmin>
			<ymin>81.0</ymin>
			<xmax>820.8333333333334</xmax>
			<ymax>247.66666666666669</ymax>
		</bndbox>
	</object>
	<object>
		<name>Drinking</name>
		<pose>Unspecified</pose>
		<truncated>1</truncated>
		<difficult>0</difficult>
		<bndbox>
			<xmin>670.0</xmin>
			<ymin>6.833333333333336</ymin>
			<xmax>810.0</xmax>
			<ymax>65.16666666666667</ymax>
		</bndbox>
	</object>
	<object>
		<name>Others</name>
		<pose>Unspecified</pose>
		<truncated>1</truncated>
		<difficult>0</difficult>
		<bndbox>
			<xmin>604.1666666666667</xmin>
			<ymin>58.5</ymin>
			<xmax>722.5</xmax>
			<ymax>196.0</ymax>
		</bndbox>
	</object>
	<object>
		<name>Others</name>
		<pose>Unspecified</pose>
		<truncated>1</truncated>
		<difficult>0</difficult>
		<bndbox>
			<xmin>411.6666666666667</xmin>
			<ymin>33.5</ymin>
			<xmax>495.0</xmax>
			<ymax>196.83333333333334</ymax>
		</bndbox>
	</object>
	<object>
		<name>Others</name>
		<pose>Unspecified</pose>
		<truncated>1</truncated>
		<difficult>0</difficult>
		<bndbox>
			<xmin>289.1666666666667</xmin>
			<ymin>3.5</ymin>
			<xmax>385.0</xmax>
			<ymax>40.16666666666667</ymax>
		</bndbox>
	</object>
	<object>
		<name>Heat Stress</name>
		<pose>Unspecified</pose>
		<truncated>1</truncated>
		<difficult>0</difficult>
		<bndbox>
			<xmin>240.83333333333334</xmin>
			<ymin>13.5</ymin>
			<xmax>346.6666666666667</xmax>
			<ymax>75.16666666666667</ymax>
		</bndbox>
	</object>
	<object>
		<name>Others</name>
		<pose>Unspecified</pose>
		<truncated>1</truncated>
		<difficult>0</difficult>
		<bndbox>
			<xmin>176.66666666666669</xmin>
			<ymin>42.66666666666667</ymin>
			<xmax>289.1666666666667</xmax>
			<ymax>112.66666666666669</ymax>
		</bndbox>
	</object>
	<object>
		<name>Heat Stress</name>
		<pose>Unspecified</pose>
		<truncated>1</truncated>
		<difficult>0</difficult>
		<bndbox>
			<xmin>121.66666666666667</xmin>
			<ymin>76.0</ymin>
			<xmax>178.33333333333334</xmax>
			<ymax>185.16666666666669</ymax>
		</bndbox>
	</object>
	<object>
		<name>Heat Stress</name>
		<pose>Unspecified</pose>
		<truncated>1</truncated>
		<difficult>0</difficult>
		<bndbox>
			<xmin>114.16666666666667</xmin>
			<ymin>136.0</ymin>
			<xmax>195.0</xmax>
			<ymax>234.33333333333334</ymax>
		</bndbox>
	</object>
	<object>
		<name>Others</name>
		<pose>Unspecified</pose>
		<truncated>1</truncated>
		<difficult>0</difficult>
		<bndbox>
			<xmin>138.33333333333334</xmin>
			<ymin>204.33333333333334</ymin>
			<xmax>220.0</xmax>
			<ymax>364.33333333333337</ymax>
		</bndbox>
	</object>
	<object>
		<name>Others</name>
		<pose>Unspecified</pose>
		<truncated>1</truncated>
		<difficult>0</difficult>
		<bndbox>
			<xmin>511.6666666666667</xmin>
			<ymin>60.16666666666667</ymin>
			<xmax>580.8333333333334</xmax>
			<ymax>186.0</ymax>
		</bndbox>
	</object>
</annotation>