<annotation>
	<folder>UAV_data</folder>
	<filename>:\ssss\zuizhong\201907250700004030.582.8.jpg</filename>
	<source>
		<database>The UAV autolanding</database>
		<annotation>UAV AutoLanding</annotation>
		<image>flickr</image>
		<flickrid>NULL</flickrid>
	</source>
	<owner>
		<flickrid>NULL</flickrid>
		<name>ChaojieZhu</name>
	</owner>
	<size>
		<width>1280</width>
		<height>720</height>
		<depth>3</depth>
	</size>
		<segmented>0</segmented>
	<object>
		<name>Eating</name>
		<pose>Unspecified</pose>
		<truncated>1</truncated>
		<difficult>0</difficult>
		<bndbox>
			<xmin>835.0</xmin>
			<ymin>512.6666666666667</ymin>
			<xmax>924.1666666666667</xmax>
			<ymax>626.0</ymax>
		</bndbox>
	</object>
	<object>
		<name>Eating</name>
		<pose>Unspecified</pose>
		<truncated>1</truncated>
		<difficult>0</difficult>
		<bndbox>
			<xmin>561.6666666666667</xmin>
			<ymin>492.6666666666667</ymin>
			<xmax>756.910569105691</xmax>
			<ymax>566.1219512195122</ymax>
		</bndbox>
	</object>
	<object>
		<name>Eating</name>
		<pose>Unspecified</pose>
		<truncated>1</truncated>
		<difficult>0</difficult>
		<bndbox>
			<xmin>278.33333333333337</xmin>
			<ymin>587.6666666666667</ymin>
			<xmax>394.1666666666667</xmax>
			<ymax>654.3333333333334</ymax>
		</bndbox>
	</object>
	<object>
		<name>Others</name>
		<pose>Unspecified</pose>
		<truncated>1</truncated>
		<difficult>0</difficult>
		<bndbox>
			<xmin>606.6666666666667</xmin>
			<ymin>381.0</ymin>
			<xmax>695.0</xmax>
			<ymax>516.8333333333334</ymax>
		</bndbox>
	</object>
	<object>
		<name>Heat Stress</name>
		<pose>Unspecified</pose>
		<truncated>1</truncated>
		<difficult>0</difficult>
		<bndbox>
			<xmin>315.0</xmin>
			<ymin>339.33333333333337</ymin>
			<xmax>432.5</xmax>
			<ymax>446.83333333333337</ymax>
		</bndbox>
	</object>
	<object>
		<name>Others</name>
		<pose>Unspecified</pose>
		<truncated>1</truncated>
		<difficult>0</difficult>
		<bndbox>
			<xmin>583.3333333333334</xmin>
			<ymin>556.8333333333334</ymin>
			<xmax>712.5</xmax>
			<ymax>644.3333333333334</ymax>
		</bndbox>
	</object>
	<object>
		<name>Others</name>
		<pose>Unspecified</pose>
		<truncated>1</truncated>
		<difficult>0</difficult>
		<bndbox>
			<xmin>158.33333333333334</xmin>
			<ymin>401.83333333333337</ymin>
			<xmax>240.83333333333334</xmax>
			<ymax>474.33333333333337</ymax>
		</bndbox>
	</object>
	<object>
		<name>Others</name>
		<pose>Unspecified</pose>
		<truncated>1</truncated>
		<difficult>0</difficult>
		<bndbox>
			<xmin>226.66666666666669</xmin>
			<ymin>490.1666666666667</ymin>
			<xmax>308.33333333333337</xmax>
			<ymax>611.8333333333334</ymax>
		</bndbox>
	</object>
	<object>
		<name>Others</name>
		<pose>Unspecified</pose>
		<truncated>1</truncated>
		<difficult>0</difficult>
		<bndbox>
			<xmin>123.33333333333334</xmin>
			<ymin>454.33333333333337</ymin>
			<xmax>196.66666666666669</xmax>
			<ymax>589.3333333333334</ymax>
		</bndbox>
	</object>
	<object>
		<name>Others</name>
		<pose>Unspecified</pose>
		<truncated>1</truncated>
		<difficult>0</difficult>
		<bndbox>
			<xmin>103.33333333333334</xmin>
			<ymin>558.5</ymin>
			<xmax>199.16666666666669</xmax>
			<ymax>660.1666666666667</ymax>
		</bndbox>
	</object>
	<object>
		<name>Others</name>
		<pose>Unspecified</pose>
		<truncated>1</truncated>
		<difficult>0</difficult>
		<bndbox>
			<xmin>140.0</xmin>
			<ymin>582.6666666666667</ymin>
			<xmax>260.0</xmax>
			<ymax>656.0</ymax>
		</bndbox>
	</object>
	<object>
		<name>Others</name>
		<pose>Unspecified</pose>
		<truncated>1</truncated>
		<difficult>0</difficult>
		<bndbox>
			<xmin>712.5</xmin>
			<ymin>276.0</ymin>
			<xmax>833.3333333333334</xmax>
			<ymax>406.83333333333337</ymax>
		</bndbox>
	</object>
	<object>
		<name>Heat Stress</name>
		<pose>Unspecified</pose>
		<truncated>1</truncated>
		<difficult>0</difficult>
		<bndbox>
			<xmin>780.8333333333334</xmin>
			<ymin>156.83333333333334</ymin>
			<xmax>860.0</xmax>
			<ymax>287.6666666666667</ymax>
		</bndbox>
	</object>
	<object>
		<name>Others</name>
		<pose>Unspecified</pose>
		<truncated>1</truncated>
		<difficult>0</difficult>
		<bndbox>
			<xmin>692.7642276422764</xmin>
			<ymin>95.77642276422765</ymin>
			<xmax>783.739837398374</xmax>
			<ymax>198.64227642276424</ymax>
		</bndbox>
	</object>
	<object>
		<name>Others</name>
		<pose>Unspecified</pose>
		<truncated>1</truncated>
		<difficult>0</difficult>
		<bndbox>
			<xmin>673.3333333333334</xmin>
			<ymin>11.833333333333336</ymin>
			<xmax>791.0569105691058</xmax>
			<ymax>78.3170731707317</ymax>
		</bndbox>
	</object>
	<object>
		<name>Others</name>
		<pose>Unspecified</pose>
		<truncated>1</truncated>
		<difficult>0</difficult>
		<bndbox>
			<xmin>554.1666666666667</xmin>
			<ymin>99.0081300813008</ymin>
			<xmax>697.5609756097562</xmax>
			<ymax>171.8130081300813</ymax>
		</bndbox>
	</object>
	<object>
		<name>Others</name>
		<pose>Unspecified</pose>
		<truncated>1</truncated>
		<difficult>0</difficult>
		<bndbox>
			<xmin>590.0</xmin>
			<ymin>135.16666666666669</ymin>
			<xmax>685.0</xmax>
			<ymax>307.6666666666667</ymax>
		</bndbox>
	</object>
	<object>
		<name>Others</name>
		<pose>Unspecified</pose>
		<truncated>1</truncated>
		<difficult>0</difficult>
		<bndbox>
			<xmin>523.3333333333334</xmin>
			<ymin>166.0</ymin>
			<xmax>605.0</xmax>
			<ymax>335.1666666666667</ymax>
		</bndbox>
	</object>
	<object>
		<name>Drinking</name>
		<pose>Unspecified</pose>
		<truncated>1</truncated>
		<difficult>0</difficult>
		<bndbox>
			<xmin>476.7276422764227</xmin>
			<ymin>79.15040650406505</ymin>
			<xmax>591.0569105691058</xmax>
			<ymax>227.91056910569108</ymax>
		</bndbox>
	</object>
	<object>
		<name>Drinking</name>
		<pose>Unspecified</pose>
		<truncated>1</truncated>
		<difficult>0</difficult>
		<bndbox>
			<xmin>365.0</xmin>
			<ymin>7.666666666666668</ymin>
			<xmax>517.5</xmax>
			<ymax>63.5</ymax>
		</bndbox>
	</object>
	<object>
		<name>Heat Stress</name>
		<pose>Unspecified</pose>
		<truncated>1</truncated>
		<difficult>0</difficult>
		<bndbox>
			<xmin>340.7317073170732</xmin>
			<ymin>48.45934959349594</ymin>
			<xmax>432.3983739837399</xmax>
			<ymax>222.6260162601626</ymax>
		</bndbox>
	</object>
	<object>
		<name>Drinking</name>
		<pose>Unspecified</pose>
		<truncated>1</truncated>
		<difficult>0</difficult>
		<bndbox>
			<xmin>403.3536585365854</xmin>
			<ymin>70.0650406504065</ymin>
			<xmax>484.1869918699187</xmax>
			<ymax>220.0650406504065</ymax>
		</bndbox>
	</object>
	<object>
		<name>Others</name>
		<pose>Unspecified</pose>
		<truncated>1</truncated>
		<difficult>0</difficult>
		<bndbox>
			<xmin>221.66666666666669</xmin>
			<ymin>128.5</ymin>
			<xmax>321.6666666666667</xmax>
			<ymax>225.16666666666669</ymax>
		</bndbox>
	</object>
	<object>
		<name>Others</name>
		<pose>Unspecified</pose>
		<truncated>1</truncated>
		<difficult>0</difficult>
		<bndbox>
			<xmin>114.16666666666667</xmin>
			<ymin>155.16666666666669</ymin>
			<xmax>233.33333333333334</xmax>
			<ymax>222.66666666666669</ymax>
		</bndbox>
	</object>
	<object>
		<name>Others</name>
		<pose>Unspecified</pose>
		<truncated>1</truncated>
		<difficult>0</difficult>
		<bndbox>
			<xmin>105.83333333333334</xmin>
			<ymin>219.33333333333334</ymin>
			<xmax>243.33333333333334</xmax>
			<ymax>279.33333333333337</ymax>
		</bndbox>
	</object>
	<object>
		<name>Others</name>
		<pose>Unspecified</pose>
		<truncated>1</truncated>
		<difficult>0</difficult>
		<bndbox>
			<xmin>150.0</xmin>
			<ymin>241.83333333333337</ymin>
			<xmax>260.83333333333337</xmax>
			<ymax>370.1666666666667</ymax>
		</bndbox>
	</object>
	<object>
		<name>Others</name>
		<pose>Unspecified</pose>
		<truncated>1</truncated>
		<difficult>0</difficult>
		<bndbox>
			<xmin>135.0</xmin>
			<ymin>22.66666666666667</ymin>
			<xmax>220.0</xmax>
			<ymax>100.16666666666667</ymax>
		</bndbox>
	</object>
	<object>
		<name>Others</name>
		<pose>Unspecified</pose>
		<truncated>1</truncated>
		<difficult>0</difficult>
		<bndbox>
			<xmin>196.66666666666669</xmin>
			<ymin>32.66666666666667</ymin>
			<xmax>252.5</xmax>
			<ymax>153.5</ymax>
		</bndbox>
	</object>
	<object>
		<name>Others</name>
		<pose>Unspecified</pose>
		<truncated>1</truncated>
		<difficult>0</difficult>
		<bndbox>
			<xmin>214.16666666666669</xmin>
			<ymin>19.333333333333336</ymin>
			<xmax>305.83333333333337</xmax>
			<ymax>139.33333333333334</ymax>
		</bndbox>
	</object>
	<object>
		<name>Heat Stress</name>
		<pose>Unspecified</pose>
		<truncated>1</truncated>
		<difficult>0</difficult>
		<bndbox>
			<xmin>121.66666666666667</xmin>
			<ymin>89.33333333333334</ymin>
			<xmax>191.66666666666669</xmax>
			<ymax>150.16666666666669</ymax>
		</bndbox>
	</object>
	<object>
		<name>Others</name>
		<pose>Unspecified</pose>
		<truncated>1</truncated>
		<difficult>0</difficult>
		<bndbox>
			<xmin>275.0</xmin>
			<ymin>60.16666666666667</ymin>
			<xmax>383.33333333333337</xmax>
			<ymax>122.66666666666669</ymax>
		</bndbox>
	</object>
</annotation>