<annotation>
	<folder>UAV_data</folder>
	<filename>:\ssss\zuizhong\201907261520001531.174.9.jpg</filename>
	<source>
		<database>The UAV autolanding</database>
		<annotation>UAV AutoLanding</annotation>
		<image>flickr</image>
		<flickrid>NULL</flickrid>
	</source>
	<owner>
		<flickrid>NULL</flickrid>
		<name>ChaojieZhu</name>
	</owner>
	<size>
		<width>1280</width>
		<height>720</height>
		<depth>3</depth>
	</size>
		<segmented>0</segmented>
	<object>
		<name>Heat Stress</name>
		<pose>Unspecified</pose>
		<truncated>1</truncated>
		<difficult>0</difficult>
		<bndbox>
			<xmin>840.8333333333334</xmin>
			<ymin>552.6666666666667</ymin>
			<xmax>910.8333333333334</xmax>
			<ymax>681.8333333333334</ymax>
		</bndbox>
	</object>
	<object>
		<name>Heat Stress</name>
		<pose>Unspecified</pose>
		<truncated>1</truncated>
		<difficult>0</difficult>
		<bndbox>
			<xmin>452.5</xmin>
			<ymin>543.5</ymin>
			<xmax>544.1666666666667</xmax>
			<ymax>709.3333333333334</ymax>
		</bndbox>
	</object>
	<object>
		<name>Heat Stress</name>
		<pose>Unspecified</pose>
		<truncated>1</truncated>
		<difficult>0</difficult>
		<bndbox>
			<xmin>342.5</xmin>
			<ymin>324.33333333333337</ymin>
			<xmax>479.1666666666667</xmax>
			<ymax>409.33333333333337</ymax>
		</bndbox>
	</object>
	<object>
		<name>Heat Stress</name>
		<pose>Unspecified</pose>
		<truncated>1</truncated>
		<difficult>0</difficult>
		<bndbox>
			<xmin>405.0</xmin>
			<ymin>328.5</ymin>
			<xmax>520.8333333333334</xmax>
			<ymax>464.33333333333337</ymax>
		</bndbox>
	</object>
	<object>
		<name>Heat Stress</name>
		<pose>Unspecified</pose>
		<truncated>1</truncated>
		<difficult>0</difficult>
		<bndbox>
			<xmin>670.8333333333334</xmin>
			<ymin>293.5</ymin>
			<xmax>850.8333333333334</xmax>
			<ymax>415.1666666666667</ymax>
		</bndbox>
	</object>
	<object>
		<name>Others</name>
		<pose>Unspecified</pose>
		<truncated>1</truncated>
		<difficult>0</difficult>
		<bndbox>
			<xmin>611.6666666666667</xmin>
			<ymin>314.33333333333337</ymin>
			<xmax>734.1666666666667</xmax>
			<ymax>426.83333333333337</ymax>
		</bndbox>
	</object>
	<object>
		<name>Others</name>
		<pose>Unspecified</pose>
		<truncated>1</truncated>
		<difficult>0</difficult>
		<bndbox>
			<xmin>796.6666666666667</xmin>
			<ymin>256.0</ymin>
			<xmax>922.5</xmax>
			<ymax>355.1666666666667</ymax>
		</bndbox>
	</object>
	<object>
		<name>Others</name>
		<pose>Unspecified</pose>
		<truncated>1</truncated>
		<difficult>0</difficult>
		<bndbox>
			<xmin>833.6178861788618</xmin>
			<ymin>134.3739837398374</ymin>
			<xmax>961.7886178861788</xmax>
			<ymax>228.72357723577238</ymax>
		</bndbox>
	</object>
	<object>
		<name>Drinking</name>
		<pose>Unspecified</pose>
		<truncated>1</truncated>
		<difficult>0</difficult>
		<bndbox>
			<xmin>792.5</xmin>
			<ymin>16.833333333333336</ymin>
			<xmax>865.040650406504</xmax>
			<ymax>154.739837398374</ymax>
		</bndbox>
	</object>
	<object>
		<name>Others</name>
		<pose>Unspecified</pose>
		<truncated>1</truncated>
		<difficult>0</difficult>
		<bndbox>
			<xmin>840.8333333333334</xmin>
			<ymin>30.16666666666667</ymin>
			<xmax>947.5</xmax>
			<ymax>126.0</ymax>
		</bndbox>
	</object>
	<object>
		<name>Heat Stress</name>
		<pose>Unspecified</pose>
		<truncated>1</truncated>
		<difficult>0</difficult>
		<bndbox>
			<xmin>591.6666666666667</xmin>
			<ymin>541.0</ymin>
			<xmax>709.1666666666667</xmax>
			<ymax>651.8333333333334</ymax>
		</bndbox>
	</object>
	<object>
		<name>Others</name>
		<pose>Unspecified</pose>
		<truncated>1</truncated>
		<difficult>0</difficult>
		<bndbox>
			<xmin>270.0</xmin>
			<ymin>395.1666666666667</ymin>
			<xmax>411.6666666666667</xmax>
			<ymax>503.5</ymax>
		</bndbox>
	</object>
	<object>
		<name>Others</name>
		<pose>Unspecified</pose>
		<truncated>1</truncated>
		<difficult>0</difficult>
		<bndbox>
			<xmin>186.1788617886179</xmin>
			<ymin>400.2682926829268</ymin>
			<xmax>315.93495934959344</xmax>
			<ymax>486.9756097560976</ymax>
		</bndbox>
	</object>
	<object>
		<name>Heat Stress</name>
		<pose>Unspecified</pose>
		<truncated>1</truncated>
		<difficult>0</difficult>
		<bndbox>
			<xmin>217.5</xmin>
			<ymin>581.8333333333334</ymin>
			<xmax>360.83333333333337</xmax>
			<ymax>666.8333333333334</ymax>
		</bndbox>
	</object>
	<object>
		<name>Others</name>
		<pose>Unspecified</pose>
		<truncated>1</truncated>
		<difficult>0</difficult>
		<bndbox>
			<xmin>127.5</xmin>
			<ymin>551.8333333333334</ymin>
			<xmax>199.16666666666669</xmax>
			<ymax>681.8333333333334</ymax>
		</bndbox>
	</object>
	<object>
		<name>Others</name>
		<pose>Unspecified</pose>
		<truncated>1</truncated>
		<difficult>0</difficult>
		<bndbox>
			<xmin>695.0</xmin>
			<ymin>157.66666666666669</ymin>
			<xmax>779.1666666666667</xmax>
			<ymax>321.0</ymax>
		</bndbox>
	</object>
	<object>
		<name>Others</name>
		<pose>Unspecified</pose>
		<truncated>1</truncated>
		<difficult>0</difficult>
		<bndbox>
			<xmin>696.5243902439025</xmin>
			<ymin>71.73170731707317</ymin>
			<xmax>803.2520325203252</xmax>
			<ymax>174.2520325203252</ymax>
		</bndbox>
	</object>
	<object>
		<name>Drinking</name>
		<pose>Unspecified</pose>
		<truncated>1</truncated>
		<difficult>0</difficult>
		<bndbox>
			<xmin>610.8333333333334</xmin>
			<ymin>64.33333333333334</ymin>
			<xmax>703.3333333333334</xmax>
			<ymax>225.16666666666669</ymax>
		</bndbox>
	</object>
	<object>
		<name>Drinking</name>
		<pose>Unspecified</pose>
		<truncated>1</truncated>
		<difficult>0</difficult>
		<bndbox>
			<xmin>545.0</xmin>
			<ymin>76.9349593495935</ymin>
			<xmax>621.6666666666667</xmax>
			<ymax>257.76829268292687</ymax>
		</bndbox>
	</object>
	<object>
		<name>Others</name>
		<pose>Unspecified</pose>
		<truncated>1</truncated>
		<difficult>0</difficult>
		<bndbox>
			<xmin>525.0</xmin>
			<ymin>223.5</ymin>
			<xmax>616.6666666666667</xmax>
			<ymax>380.1666666666667</ymax>
		</bndbox>
	</object>
	<object>
		<name>Drinking</name>
		<pose>Unspecified</pose>
		<truncated>1</truncated>
		<difficult>0</difficult>
		<bndbox>
			<xmin>435.83333333333337</xmin>
			<ymin>65.10569105691057</ymin>
			<xmax>596.7479674796748</xmax>
			<ymax>179.9430894308943</ymax>
		</bndbox>
	</object>
	<object>
		<name>Heat Stress</name>
		<pose>Unspecified</pose>
		<truncated>1</truncated>
		<difficult>0</difficult>
		<bndbox>
			<xmin>417.5</xmin>
			<ymin>185.16666666666669</ymin>
			<xmax>528.3333333333334</xmax>
			<ymax>332.6666666666667</ymax>
		</bndbox>
	</object>
	<object>
		<name>Drinking</name>
		<pose>Unspecified</pose>
		<truncated>1</truncated>
		<difficult>0</difficult>
		<bndbox>
			<xmin>356.6666666666667</xmin>
			<ymin>83.5</ymin>
			<xmax>440.0</xmax>
			<ymax>225.16666666666669</ymax>
		</bndbox>
	</object>
	<object>
		<name>Others</name>
		<pose>Unspecified</pose>
		<truncated>1</truncated>
		<difficult>0</difficult>
		<bndbox>
			<xmin>410.0</xmin>
			<ymin>1.8333333333333357</ymin>
			<xmax>476.6666666666667</xmax>
			<ymax>150.16666666666669</ymax>
		</bndbox>
	</object>
	<object>
		<name>Others</name>
		<pose>Unspecified</pose>
		<truncated>1</truncated>
		<difficult>0</difficult>
		<bndbox>
			<xmin>89.16666666666667</xmin>
			<ymin>306.83333333333337</ymin>
			<xmax>200.83333333333334</xmax>
			<ymax>382.6666666666667</ymax>
		</bndbox>
	</object>
	<object>
		<name>Heat Stress</name>
		<pose>Unspecified</pose>
		<truncated>1</truncated>
		<difficult>0</difficult>
		<bndbox>
			<xmin>256.6666666666667</xmin>
			<ymin>222.66666666666669</ymin>
			<xmax>355.0</xmax>
			<ymax>312.6666666666667</ymax>
		</bndbox>
	</object>
	<object>
		<name>Others</name>
		<pose>Unspecified</pose>
		<truncated>1</truncated>
		<difficult>0</difficult>
		<bndbox>
			<xmin>214.16666666666669</xmin>
			<ymin>143.5</ymin>
			<xmax>287.5</xmax>
			<ymax>298.5</ymax>
		</bndbox>
	</object>
	<object>
		<name>Others</name>
		<pose>Unspecified</pose>
		<truncated>1</truncated>
		<difficult>0</difficult>
		<bndbox>
			<xmin>290.0</xmin>
			<ymin>3.5</ymin>
			<xmax>346.6666666666667</xmax>
			<ymax>128.5</ymax>
		</bndbox>
	</object>
	<object>
		<name>Heat Stress</name>
		<pose>Unspecified</pose>
		<truncated>1</truncated>
		<difficult>0</difficult>
		<bndbox>
			<xmin>240.83333333333334</xmin>
			<ymin>102.66666666666667</ymin>
			<xmax>321.6666666666667</xmax>
			<ymax>171.83333333333334</ymax>
		</bndbox>
	</object>
	<object>
		<name>Others</name>
		<pose>Unspecified</pose>
		<truncated>1</truncated>
		<difficult>0</difficult>
		<bndbox>
			<xmin>175.83333333333334</xmin>
			<ymin>7.666666666666668</ymin>
			<xmax>308.33333333333337</xmax>
			<ymax>94.33333333333334</ymax>
		</bndbox>
	</object>
	<object>
		<name>Others</name>
		<pose>Unspecified</pose>
		<truncated>1</truncated>
		<difficult>0</difficult>
		<bndbox>
			<xmin>145.0</xmin>
			<ymin>91.83333333333334</ymin>
			<xmax>230.0</xmax>
			<ymax>207.66666666666669</ymax>
		</bndbox>
	</object>
	<object>
		<name>Others</name>
		<pose>Unspecified</pose>
		<truncated>1</truncated>
		<difficult>0</difficult>
		<bndbox>
			<xmin>89.16666666666667</xmin>
			<ymin>105.16666666666667</ymin>
			<xmax>158.33333333333334</xmax>
			<ymax>244.33333333333337</ymax>
		</bndbox>
	</object>
	<object>
		<name>Others</name>
		<pose>Unspecified</pose>
		<truncated>1</truncated>
		<difficult>0</difficult>
		<bndbox>
			<xmin>112.5</xmin>
			<ymin>41.833333333333336</ymin>
			<xmax>208.33333333333334</xmax>
			<ymax>125.16666666666669</ymax>
		</bndbox>
	</object>
</annotation>