<annotation>
	<folder>UAV_data</folder>
	<filename>:\ssss\zuizhong\201907271156003932.780.8.jpg</filename>
	<source>
		<database>The UAV autolanding</database>
		<annotation>UAV AutoLanding</annotation>
		<image>flickr</image>
		<flickrid>NULL</flickrid>
	</source>
	<owner>
		<flickrid>NULL</flickrid>
		<name>ChaojieZhu</name>
	</owner>
	<size>
		<width>1280</width>
		<height>720</height>
		<depth>3</depth>
	</size>
		<segmented>0</segmented>
	<object>
		<name>Heat Stress</name>
		<pose>Unspecified</pose>
		<truncated>1</truncated>
		<difficult>0</difficult>
		<bndbox>
			<xmin>815.0</xmin>
			<ymin>318.5</ymin>
			<xmax>897.5</xmax>
			<ymax>458.5</ymax>
		</bndbox>
	</object>
	<object>
		<name>Heat Stress</name>
		<pose>Unspecified</pose>
		<truncated>1</truncated>
		<difficult>0</difficult>
		<bndbox>
			<xmin>913.3333333333334</xmin>
			<ymin>350.1666666666667</ymin>
			<xmax>992.5</xmax>
			<ymax>468.5</ymax>
		</bndbox>
	</object>
	<object>
		<name>Others</name>
		<pose>Unspecified</pose>
		<truncated>1</truncated>
		<difficult>0</difficult>
		<bndbox>
			<xmin>1005.0</xmin>
			<ymin>238.5</ymin>
			<xmax>1087.5</xmax>
			<ymax>366.83333333333337</ymax>
		</bndbox>
	</object>
	<object>
		<name>Eating</name>
		<pose>Unspecified</pose>
		<truncated>1</truncated>
		<difficult>0</difficult>
		<bndbox>
			<xmin>620.8333333333334</xmin>
			<ymin>387.6666666666667</ymin>
			<xmax>780.0</xmax>
			<ymax>527.6666666666667</ymax>
		</bndbox>
	</object>
	<object>
		<name>Eating</name>
		<pose>Unspecified</pose>
		<truncated>1</truncated>
		<difficult>0</difficult>
		<bndbox>
			<xmin>206.66666666666669</xmin>
			<ymin>496.83333333333337</ymin>
			<xmax>357.7235772357724</xmax>
			<ymax>557.8048780487806</ymax>
		</bndbox>
	</object>
	<object>
		<name>Heat Stress</name>
		<pose>Unspecified</pose>
		<truncated>1</truncated>
		<difficult>0</difficult>
		<bndbox>
			<xmin>125.0</xmin>
			<ymin>581.8333333333334</ymin>
			<xmax>218.33333333333334</xmax>
			<ymax>683.5</ymax>
		</bndbox>
	</object>
	<object>
		<name>Heat Stress</name>
		<pose>Unspecified</pose>
		<truncated>1</truncated>
		<difficult>0</difficult>
		<bndbox>
			<xmin>130.83333333333334</xmin>
			<ymin>500.16666666666674</ymin>
			<xmax>202.5</xmax>
			<ymax>579.3333333333334</ymax>
		</bndbox>
	</object>
	<object>
		<name>Others</name>
		<pose>Unspecified</pose>
		<truncated>1</truncated>
		<difficult>0</difficult>
		<bndbox>
			<xmin>85.83333333333334</xmin>
			<ymin>432.6666666666667</ymin>
			<xmax>179.16666666666669</xmax>
			<ymax>523.5</ymax>
		</bndbox>
	</object>
	<object>
		<name>Others</name>
		<pose>Unspecified</pose>
		<truncated>1</truncated>
		<difficult>0</difficult>
		<bndbox>
			<xmin>70.83333333333334</xmin>
			<ymin>396.83333333333337</ymin>
			<xmax>158.33333333333334</xmax>
			<ymax>473.5</ymax>
		</bndbox>
	</object>
	<object>
		<name>Heat Stress</name>
		<pose>Unspecified</pose>
		<truncated>1</truncated>
		<difficult>0</difficult>
		<bndbox>
			<xmin>80.83333333333334</xmin>
			<ymin>342.6666666666667</ymin>
			<xmax>230.0</xmax>
			<ymax>416.83333333333337</ymax>
		</bndbox>
	</object>
	<object>
		<name>Others</name>
		<pose>Unspecified</pose>
		<truncated>1</truncated>
		<difficult>0</difficult>
		<bndbox>
			<xmin>205.0</xmin>
			<ymin>274.33333333333337</ymin>
			<xmax>305.0</xmax>
			<ymax>381.0</ymax>
		</bndbox>
	</object>
	<object>
		<name>Others</name>
		<pose>Unspecified</pose>
		<truncated>1</truncated>
		<difficult>0</difficult>
		<bndbox>
			<xmin>188.33333333333334</xmin>
			<ymin>205.16666666666669</ymin>
			<xmax>309.1666666666667</xmax>
			<ymax>275.1666666666667</ymax>
		</bndbox>
	</object>
	<object>
		<name>Others</name>
		<pose>Unspecified</pose>
		<truncated>1</truncated>
		<difficult>0</difficult>
		<bndbox>
			<xmin>76.66666666666667</xmin>
			<ymin>212.66666666666669</ymin>
			<xmax>158.33333333333334</xmax>
			<ymax>349.33333333333337</ymax>
		</bndbox>
	</object>
	<object>
		<name>Others</name>
		<pose>Unspecified</pose>
		<truncated>1</truncated>
		<difficult>0</difficult>
		<bndbox>
			<xmin>71.66666666666667</xmin>
			<ymin>131.83333333333334</ymin>
			<xmax>143.33333333333334</xmax>
			<ymax>245.16666666666669</ymax>
		</bndbox>
	</object>
	<object>
		<name>Heat Stress</name>
		<pose>Unspecified</pose>
		<truncated>1</truncated>
		<difficult>0</difficult>
		<bndbox>
			<xmin>148.33333333333334</xmin>
			<ymin>86.83333333333334</ymin>
			<xmax>262.5</xmax>
			<ymax>190.16666666666669</ymax>
		</bndbox>
	</object>
	<object>
		<name>Heat Stress</name>
		<pose>Unspecified</pose>
		<truncated>1</truncated>
		<difficult>0</difficult>
		<bndbox>
			<xmin>91.66666666666667</xmin>
			<ymin>63.5</ymin>
			<xmax>170.0</xmax>
			<ymax>160.16666666666669</ymax>
		</bndbox>
	</object>
	<object>
		<name>Others</name>
		<pose>Unspecified</pose>
		<truncated>1</truncated>
		<difficult>0</difficult>
		<bndbox>
			<xmin>117.5</xmin>
			<ymin>47.66666666666667</ymin>
			<xmax>215.83333333333334</xmax>
			<ymax>106.83333333333334</ymax>
		</bndbox>
	</object>
	<object>
		<name>Others</name>
		<pose>Unspecified</pose>
		<truncated>1</truncated>
		<difficult>0</difficult>
		<bndbox>
			<xmin>193.33333333333334</xmin>
			<ymin>3.5</ymin>
			<xmax>293.33333333333337</xmax>
			<ymax>91.0</ymax>
		</bndbox>
	</object>
	<object>
		<name>Heat Stress</name>
		<pose>Unspecified</pose>
		<truncated>1</truncated>
		<difficult>0</difficult>
		<bndbox>
			<xmin>288.33333333333337</xmin>
			<ymin>43.5</ymin>
			<xmax>355.83333333333337</xmax>
			<ymax>178.5</ymax>
		</bndbox>
	</object>
	<object>
		<name>Heat Stress</name>
		<pose>Unspecified</pose>
		<truncated>1</truncated>
		<difficult>0</difficult>
		<bndbox>
			<xmin>325.0</xmin>
			<ymin>61.83333333333334</ymin>
			<xmax>432.5</xmax>
			<ymax>221.0</ymax>
		</bndbox>
	</object>
	<object>
		<name>Others</name>
		<pose>Unspecified</pose>
		<truncated>1</truncated>
		<difficult>0</difficult>
		<bndbox>
			<xmin>382.5</xmin>
			<ymin>30.16666666666667</ymin>
			<xmax>471.6666666666667</xmax>
			<ymax>163.5</ymax>
		</bndbox>
	</object>
	<object>
		<name>Others</name>
		<pose>Unspecified</pose>
		<truncated>1</truncated>
		<difficult>0</difficult>
		<bndbox>
			<xmin>424.390243902439</xmin>
			<ymin>-0.54471544715447</ymin>
			<xmax>532.5</xmax>
			<ymax>64.85772357723579</ymax>
		</bndbox>
	</object>
	<object>
		<name>Others</name>
		<pose>Unspecified</pose>
		<truncated>1</truncated>
		<difficult>0</difficult>
		<bndbox>
			<xmin>495.0</xmin>
			<ymin>22.66666666666667</ymin>
			<xmax>582.5</xmax>
			<ymax>136.83333333333334</ymax>
		</bndbox>
	</object>
	<object>
		<name>Heat Stress</name>
		<pose>Unspecified</pose>
		<truncated>1</truncated>
		<difficult>0</difficult>
		<bndbox>
			<xmin>480.0</xmin>
			<ymin>71.0</ymin>
			<xmax>585.0</xmax>
			<ymax>262.6666666666667</ymax>
		</bndbox>
	</object>
	<object>
		<name>Others</name>
		<pose>Unspecified</pose>
		<truncated>1</truncated>
		<difficult>0</difficult>
		<bndbox>
			<xmin>645.8333333333334</xmin>
			<ymin>138.5</ymin>
			<xmax>810.0</xmax>
			<ymax>221.83333333333334</ymax>
		</bndbox>
	</object>
	<object>
		<name>Heat Stress</name>
		<pose>Unspecified</pose>
		<truncated>1</truncated>
		<difficult>0</difficult>
		<bndbox>
			<xmin>917.5</xmin>
			<ymin>38.5</ymin>
			<xmax>981.6666666666667</xmax>
			<ymax>157.66666666666669</ymax>
		</bndbox>
	</object>
	<object>
		<name>Others</name>
		<pose>Unspecified</pose>
		<truncated>1</truncated>
		<difficult>0</difficult>
		<bndbox>
			<xmin>770.0</xmin>
			<ymin>13.5</ymin>
			<xmax>884.1666666666667</xmax>
			<ymax>109.33333333333334</ymax>
		</bndbox>
	</object>
	<object>
		<name>Others</name>
		<pose>Unspecified</pose>
		<truncated>1</truncated>
		<difficult>0</difficult>
		<bndbox>
			<xmin>627.5</xmin>
			<ymin>1.8333333333333357</ymin>
			<xmax>727.5</xmax>
			<ymax>85.16666666666667</ymax>
		</bndbox>
	</object>
</annotation>