<annotation>
	<folder>UAV_data</folder>
	<filename>:\ssss\zuizhong\201907261520022530.975.8.jpg</filename>
	<source>
		<database>The UAV autolanding</database>
		<annotation>UAV AutoLanding</annotation>
		<image>flickr</image>
		<flickrid>NULL</flickrid>
	</source>
	<owner>
		<flickrid>NULL</flickrid>
		<name>ChaojieZhu</name>
	</owner>
	<size>
		<width>1280</width>
		<height>720</height>
		<depth>3</depth>
	</size>
		<segmented>0</segmented>
	<object>
		<name>Heat Stress</name>
		<pose>Unspecified</pose>
		<truncated>1</truncated>
		<difficult>0</difficult>
		<bndbox>
			<xmin>839.1666666666667</xmin>
			<ymin>553.5</ymin>
			<xmax>911.6666666666667</xmax>
			<ymax>665.1666666666667</ymax>
		</bndbox>
	</object>
	<object>
		<name>Heat Stress</name>
		<pose>Unspecified</pose>
		<truncated>1</truncated>
		<difficult>0</difficult>
		<bndbox>
			<xmin>869.1666666666667</xmin>
			<ymin>421.0</ymin>
			<xmax>941.6666666666667</xmax>
			<ymax>556.8333333333334</ymax>
		</bndbox>
	</object>
	<object>
		<name>Others</name>
		<pose>Unspecified</pose>
		<truncated>1</truncated>
		<difficult>0</difficult>
		<bndbox>
			<xmin>448.33333333333337</xmin>
			<ymin>511.83333333333337</ymin>
			<xmax>590.0</xmax>
			<ymax>613.5</ymax>
		</bndbox>
	</object>
	<object>
		<name>Others</name>
		<pose>Unspecified</pose>
		<truncated>1</truncated>
		<difficult>0</difficult>
		<bndbox>
			<xmin>538.3333333333334</xmin>
			<ymin>639.3333333333334</ymin>
			<xmax>670.0</xmax>
			<ymax>719.0</ymax>
		</bndbox>
	</object>
	<object>
		<name>Heat Stress</name>
		<pose>Unspecified</pose>
		<truncated>1</truncated>
		<difficult>0</difficult>
		<bndbox>
			<xmin>708.3333333333334</xmin>
			<ymin>382.6666666666667</ymin>
			<xmax>832.5</xmax>
			<ymax>486.0</ymax>
		</bndbox>
	</object>
	<object>
		<name>Others</name>
		<pose>Unspecified</pose>
		<truncated>1</truncated>
		<difficult>0</difficult>
		<bndbox>
			<xmin>716.6666666666667</xmin>
			<ymin>258.5</ymin>
			<xmax>826.6666666666667</xmax>
			<ymax>380.1666666666667</ymax>
		</bndbox>
	</object>
	<object>
		<name>Others</name>
		<pose>Unspecified</pose>
		<truncated>1</truncated>
		<difficult>0</difficult>
		<bndbox>
			<xmin>505.83333333333337</xmin>
			<ymin>338.5</ymin>
			<xmax>654.1666666666667</xmax>
			<ymax>436.83333333333337</ymax>
		</bndbox>
	</object>
	<object>
		<name>Heat Stress</name>
		<pose>Unspecified</pose>
		<truncated>1</truncated>
		<difficult>0</difficult>
		<bndbox>
			<xmin>417.5</xmin>
			<ymin>406.83333333333337</ymin>
			<xmax>545.8333333333334</xmax>
			<ymax>507.66666666666674</ymax>
		</bndbox>
	</object>
	<object>
		<name>Heat Stress</name>
		<pose>Unspecified</pose>
		<truncated>1</truncated>
		<difficult>0</difficult>
		<bndbox>
			<xmin>212.5</xmin>
			<ymin>583.5</ymin>
			<xmax>357.5</xmax>
			<ymax>668.5</ymax>
		</bndbox>
	</object>
	<object>
		<name>Others</name>
		<pose>Unspecified</pose>
		<truncated>1</truncated>
		<difficult>0</difficult>
		<bndbox>
			<xmin>178.33333333333334</xmin>
			<ymin>435.1666666666667</ymin>
			<xmax>329.1666666666667</xmax>
			<ymax>566.0</ymax>
		</bndbox>
	</object>
	<object>
		<name>Heat Stress</name>
		<pose>Unspecified</pose>
		<truncated>1</truncated>
		<difficult>0</difficult>
		<bndbox>
			<xmin>175.83333333333334</xmin>
			<ymin>424.33333333333337</ymin>
			<xmax>239.16666666666669</xmax>
			<ymax>563.5</ymax>
		</bndbox>
	</object>
	<object>
		<name>Others</name>
		<pose>Unspecified</pose>
		<truncated>1</truncated>
		<difficult>0</difficult>
		<bndbox>
			<xmin>445.0</xmin>
			<ymin>251.0</ymin>
			<xmax>525.8333333333334</xmax>
			<ymax>386.83333333333337</ymax>
		</bndbox>
	</object>
	<object>
		<name>Others</name>
		<pose>Unspecified</pose>
		<truncated>1</truncated>
		<difficult>0</difficult>
		<bndbox>
			<xmin>382.5</xmin>
			<ymin>273.5</ymin>
			<xmax>464.1666666666667</xmax>
			<ymax>424.33333333333337</ymax>
		</bndbox>
	</object>
	<object>
		<name>Others</name>
		<pose>Unspecified</pose>
		<truncated>1</truncated>
		<difficult>0</difficult>
		<bndbox>
			<xmin>255.0</xmin>
			<ymin>241.0</ymin>
			<xmax>335.83333333333337</xmax>
			<ymax>366.0</ymax>
		</bndbox>
	</object>
	<object>
		<name>Heat Stress</name>
		<pose>Unspecified</pose>
		<truncated>1</truncated>
		<difficult>0</difficult>
		<bndbox>
			<xmin>250.83333333333334</xmin>
			<ymin>162.66666666666669</ymin>
			<xmax>317.5</xmax>
			<ymax>272.6666666666667</ymax>
		</bndbox>
	</object>
	<object>
		<name>Heat Stress</name>
		<pose>Unspecified</pose>
		<truncated>1</truncated>
		<difficult>0</difficult>
		<bndbox>
			<xmin>246.66666666666669</xmin>
			<ymin>91.0</ymin>
			<xmax>316.6666666666667</xmax>
			<ymax>208.5</ymax>
		</bndbox>
	</object>
	<object>
		<name>Others</name>
		<pose>Unspecified</pose>
		<truncated>1</truncated>
		<difficult>0</difficult>
		<bndbox>
			<xmin>168.33333333333334</xmin>
			<ymin>43.5</ymin>
			<xmax>300.83333333333337</xmax>
			<ymax>113.5</ymax>
		</bndbox>
	</object>
	<object>
		<name>Others</name>
		<pose>Unspecified</pose>
		<truncated>1</truncated>
		<difficult>0</difficult>
		<bndbox>
			<xmin>330.83333333333337</xmin>
			<ymin>101.83333333333334</ymin>
			<xmax>410.0</xmax>
			<ymax>252.66666666666669</ymax>
		</bndbox>
	</object>
	<object>
		<name>Others</name>
		<pose>Unspecified</pose>
		<truncated>1</truncated>
		<difficult>0</difficult>
		<bndbox>
			<xmin>150.0</xmin>
			<ymin>176.83333333333334</ymin>
			<xmax>220.83333333333334</xmax>
			<ymax>358.5</ymax>
		</bndbox>
	</object>
	<object>
		<name>Heat Stress</name>
		<pose>Unspecified</pose>
		<truncated>1</truncated>
		<difficult>0</difficult>
		<bndbox>
			<xmin>118.33333333333334</xmin>
			<ymin>76.0</ymin>
			<xmax>179.16666666666669</xmax>
			<ymax>190.16666666666669</ymax>
		</bndbox>
	</object>
	<object>
		<name>Others</name>
		<pose>Unspecified</pose>
		<truncated>1</truncated>
		<difficult>0</difficult>
		<bndbox>
			<xmin>119.16666666666667</xmin>
			<ymin>133.5</ymin>
			<xmax>196.66666666666669</xmax>
			<ymax>245.16666666666669</ymax>
		</bndbox>
	</object>
	<object>
		<name>Heat Stress</name>
		<pose>Unspecified</pose>
		<truncated>1</truncated>
		<difficult>0</difficult>
		<bndbox>
			<xmin>249.16666666666669</xmin>
			<ymin>16.0</ymin>
			<xmax>372.5</xmax>
			<ymax>76.83333333333334</ymax>
		</bndbox>
	</object>
	<object>
		<name>Others</name>
		<pose>Unspecified</pose>
		<truncated>1</truncated>
		<difficult>0</difficult>
		<bndbox>
			<xmin>398.33333333333337</xmin>
			<ymin>12.666666666666668</ymin>
			<xmax>465.83333333333337</xmax>
			<ymax>166.83333333333334</ymax>
		</bndbox>
	</object>
	<object>
		<name>Heat Stress</name>
		<pose>Unspecified</pose>
		<truncated>1</truncated>
		<difficult>0</difficult>
		<bndbox>
			<xmin>450.83333333333337</xmin>
			<ymin>148.5</ymin>
			<xmax>577.5</xmax>
			<ymax>227.66666666666669</ymax>
		</bndbox>
	</object>
	<object>
		<name>Others</name>
		<pose>Unspecified</pose>
		<truncated>1</truncated>
		<difficult>0</difficult>
		<bndbox>
			<xmin>610.0</xmin>
			<ymin>67.66666666666667</ymin>
			<xmax>720.0</xmax>
			<ymax>204.33333333333334</ymax>
		</bndbox>
	</object>
	<object>
		<name>Heat Stress</name>
		<pose>Unspecified</pose>
		<truncated>1</truncated>
		<difficult>0</difficult>
		<bndbox>
			<xmin>719.1666666666667</xmin>
			<ymin>76.83333333333334</ymin>
			<xmax>816.6666666666667</xmax>
			<ymax>254.33333333333337</ymax>
		</bndbox>
	</object>
	<object>
		<name>Others</name>
		<pose>Unspecified</pose>
		<truncated>1</truncated>
		<difficult>0</difficult>
		<bndbox>
			<xmin>830.0</xmin>
			<ymin>136.83333333333334</ymin>
			<xmax>970.8333333333334</xmax>
			<ymax>261.0</ymax>
		</bndbox>
	</object>
	<object>
		<name>Others</name>
		<pose>Unspecified</pose>
		<truncated>1</truncated>
		<difficult>0</difficult>
		<bndbox>
			<xmin>661.6666666666667</xmin>
			<ymin>5.166666666666668</ymin>
			<xmax>766.6666666666667</xmax>
			<ymax>60.16666666666667</ymax>
		</bndbox>
	</object>
	<object>
		<name>Others</name>
		<pose>Unspecified</pose>
		<truncated>1</truncated>
		<difficult>0</difficult>
		<bndbox>
			<xmin>495.0</xmin>
			<ymin>30.16666666666667</ymin>
			<xmax>603.3333333333334</xmax>
			<ymax>150.16666666666669</ymax>
		</bndbox>
	</object>
</annotation>