<annotation>
	<folder>UAV_data</folder>
	<filename>:\ssss\zuizhong\201907261520022430.975.8.jpg</filename>
	<source>
		<database>The UAV autolanding</database>
		<annotation>UAV AutoLanding</annotation>
		<image>flickr</image>
		<flickrid>NULL</flickrid>
	</source>
	<owner>
		<flickrid>NULL</flickrid>
		<name>ChaojieZhu</name>
	</owner>
	<size>
		<width>1280</width>
		<height>720</height>
		<depth>3</depth>
	</size>
		<segmented>0</segmented>
	<object>
		<name>Heat Stress</name>
		<pose>Unspecified</pose>
		<truncated>1</truncated>
		<difficult>0</difficult>
		<bndbox>
			<xmin>841.6666666666667</xmin>
			<ymin>551.8333333333334</ymin>
			<xmax>914.1666666666667</xmax>
			<ymax>664.3333333333334</ymax>
		</bndbox>
	</object>
	<object>
		<name>Heat Stress</name>
		<pose>Unspecified</pose>
		<truncated>1</truncated>
		<difficult>0</difficult>
		<bndbox>
			<xmin>870.0</xmin>
			<ymin>418.5</ymin>
			<xmax>945.8333333333334</xmax>
			<ymax>555.1666666666667</ymax>
		</bndbox>
	</object>
	<object>
		<name>Heat Stress</name>
		<pose>Unspecified</pose>
		<truncated>1</truncated>
		<difficult>0</difficult>
		<bndbox>
			<xmin>710.0</xmin>
			<ymin>380.1666666666667</ymin>
			<xmax>826.6666666666667</xmax>
			<ymax>486.0</ymax>
		</bndbox>
	</object>
	<object>
		<name>Others</name>
		<pose>Unspecified</pose>
		<truncated>1</truncated>
		<difficult>0</difficult>
		<bndbox>
			<xmin>540.0</xmin>
			<ymin>640.1666666666667</ymin>
			<xmax>672.0</xmax>
			<ymax>719.0</ymax>
		</bndbox>
	</object>
	<object>
		<name>Others</name>
		<pose>Unspecified</pose>
		<truncated>1</truncated>
		<difficult>0</difficult>
		<bndbox>
			<xmin>442.3373983739838</xmin>
			<ymin>521.630081300813</ymin>
			<xmax>589.4308943089432</xmax>
			<ymax>611.4634146341464</ymax>
		</bndbox>
	</object>
	<object>
		<name>Heat Stress</name>
		<pose>Unspecified</pose>
		<truncated>1</truncated>
		<difficult>0</difficult>
		<bndbox>
			<xmin>416.6666666666667</xmin>
			<ymin>409.33333333333337</ymin>
			<xmax>547.5</xmax>
			<ymax>505.16666666666674</ymax>
		</bndbox>
	</object>
	<object>
		<name>Others</name>
		<pose>Unspecified</pose>
		<truncated>1</truncated>
		<difficult>0</difficult>
		<bndbox>
			<xmin>512.5</xmin>
			<ymin>336.83333333333337</ymin>
			<xmax>655.8333333333334</xmax>
			<ymax>435.1666666666667</ymax>
		</bndbox>
	</object>
	<object>
		<name>Others</name>
		<pose>Unspecified</pose>
		<truncated>1</truncated>
		<difficult>0</difficult>
		<bndbox>
			<xmin>715.0</xmin>
			<ymin>262.6666666666667</ymin>
			<xmax>830.0</xmax>
			<ymax>381.0</ymax>
		</bndbox>
	</object>
	<object>
		<name>Others</name>
		<pose>Unspecified</pose>
		<truncated>1</truncated>
		<difficult>0</difficult>
		<bndbox>
			<xmin>460.83333333333337</xmin>
			<ymin>272.6666666666667</ymin>
			<xmax>532.5</xmax>
			<ymax>398.5</ymax>
		</bndbox>
	</object>
	<object>
		<name>Others</name>
		<pose>Unspecified</pose>
		<truncated>1</truncated>
		<difficult>0</difficult>
		<bndbox>
			<xmin>380.0</xmin>
			<ymin>274.33333333333337</ymin>
			<xmax>471.6666666666667</xmax>
			<ymax>426.0</ymax>
		</bndbox>
	</object>
	<object>
		<name>Others</name>
		<pose>Unspecified</pose>
		<truncated>1</truncated>
		<difficult>0</difficult>
		<bndbox>
			<xmin>256.6666666666667</xmin>
			<ymin>250.16666666666669</ymin>
			<xmax>333.33333333333337</xmax>
			<ymax>371.83333333333337</ymax>
		</bndbox>
	</object>
	<object>
		<name>Heat Stress</name>
		<pose>Unspecified</pose>
		<truncated>1</truncated>
		<difficult>0</difficult>
		<bndbox>
			<xmin>253.33333333333334</xmin>
			<ymin>158.5</ymin>
			<xmax>317.5</xmax>
			<ymax>280.1666666666667</ymax>
		</bndbox>
	</object>
	<object>
		<name>Heat Stress</name>
		<pose>Unspecified</pose>
		<truncated>1</truncated>
		<difficult>0</difficult>
		<bndbox>
			<xmin>251.66666666666669</xmin>
			<ymin>90.16666666666667</ymin>
			<xmax>325.83333333333337</xmax>
			<ymax>203.5</ymax>
		</bndbox>
	</object>
	<object>
		<name>Others</name>
		<pose>Unspecified</pose>
		<truncated>1</truncated>
		<difficult>0</difficult>
		<bndbox>
			<xmin>321.6666666666667</xmin>
			<ymin>86.83333333333334</ymin>
			<xmax>409.1666666666667</xmax>
			<ymax>251.0</ymax>
		</bndbox>
	</object>
	<object>
		<name>Others</name>
		<pose>Unspecified</pose>
		<truncated>1</truncated>
		<difficult>0</difficult>
		<bndbox>
			<xmin>170.83333333333334</xmin>
			<ymin>50.16666666666667</ymin>
			<xmax>300.0</xmax>
			<ymax>112.66666666666669</ymax>
		</bndbox>
	</object>
	<object>
		<name>Heat Stress</name>
		<pose>Unspecified</pose>
		<truncated>1</truncated>
		<difficult>0</difficult>
		<bndbox>
			<xmin>456.6666666666667</xmin>
			<ymin>156.0</ymin>
			<xmax>575.0</xmax>
			<ymax>226.0</ymax>
		</bndbox>
	</object>
	<object>
		<name>Others</name>
		<pose>Unspecified</pose>
		<truncated>1</truncated>
		<difficult>0</difficult>
		<bndbox>
			<xmin>612.5</xmin>
			<ymin>72.66666666666667</ymin>
			<xmax>722.5</xmax>
			<ymax>199.33333333333334</ymax>
		</bndbox>
	</object>
	<object>
		<name>Heat Stress</name>
		<pose>Unspecified</pose>
		<truncated>1</truncated>
		<difficult>0</difficult>
		<bndbox>
			<xmin>718.3333333333334</xmin>
			<ymin>89.33333333333334</ymin>
			<xmax>814.1666666666667</xmax>
			<ymax>253.5</ymax>
		</bndbox>
	</object>
	<object>
		<name>Others</name>
		<pose>Unspecified</pose>
		<truncated>1</truncated>
		<difficult>0</difficult>
		<bndbox>
			<xmin>835.8333333333334</xmin>
			<ymin>139.33333333333334</ymin>
			<xmax>979.1666666666667</xmax>
			<ymax>266.83333333333337</ymax>
		</bndbox>
	</object>
	<object>
		<name>Others</name>
		<pose>Unspecified</pose>
		<truncated>1</truncated>
		<difficult>0</difficult>
		<bndbox>
			<xmin>660.0</xmin>
			<ymin>9.333333333333336</ymin>
			<xmax>783.3333333333334</xmax>
			<ymax>60.16666666666667</ymax>
		</bndbox>
	</object>
	<object>
		<name>Others</name>
		<pose>Unspecified</pose>
		<truncated>1</truncated>
		<difficult>0</difficult>
		<bndbox>
			<xmin>399.1666666666667</xmin>
			<ymin>12.666666666666668</ymin>
			<xmax>460.83333333333337</xmax>
			<ymax>168.5</ymax>
		</bndbox>
	</object>
	<object>
		<name>Others</name>
		<pose>Unspecified</pose>
		<truncated>1</truncated>
		<difficult>0</difficult>
		<bndbox>
			<xmin>498.33333333333337</xmin>
			<ymin>33.5</ymin>
			<xmax>605.0</xmax>
			<ymax>151.0</ymax>
		</bndbox>
	</object>
	<object>
		<name>Heat Stress</name>
		<pose>Unspecified</pose>
		<truncated>1</truncated>
		<difficult>0</difficult>
		<bndbox>
			<xmin>245.0</xmin>
			<ymin>17.66666666666667</ymin>
			<xmax>375.83333333333337</xmax>
			<ymax>74.33333333333334</ymax>
		</bndbox>
	</object>
	<object>
		<name>Heat Stress</name>
		<pose>Unspecified</pose>
		<truncated>1</truncated>
		<difficult>0</difficult>
		<bndbox>
			<xmin>119.16666666666667</xmin>
			<ymin>74.33333333333334</ymin>
			<xmax>185.0</xmax>
			<ymax>189.33333333333334</ymax>
		</bndbox>
	</object>
	<object>
		<name>Others</name>
		<pose>Unspecified</pose>
		<truncated>1</truncated>
		<difficult>0</difficult>
		<bndbox>
			<xmin>151.66666666666669</xmin>
			<ymin>191.0</ymin>
			<xmax>217.5</xmax>
			<ymax>354.33333333333337</ymax>
		</bndbox>
	</object>
	<object>
		<name>Others</name>
		<pose>Unspecified</pose>
		<truncated>1</truncated>
		<difficult>0</difficult>
		<bndbox>
			<xmin>123.98373983739837</xmin>
			<ymin>137.66666666666669</ymin>
			<xmax>198.3739837398374</xmax>
			<ymax>237.479674796748</ymax>
		</bndbox>
	</object>
	<object>
		<name>Heat Stress</name>
		<pose>Unspecified</pose>
		<truncated>1</truncated>
		<difficult>0</difficult>
		<bndbox>
			<xmin>170.0</xmin>
			<ymin>425.1666666666667</ymin>
			<xmax>238.33333333333334</xmax>
			<ymax>562.6666666666667</ymax>
		</bndbox>
	</object>
	<object>
		<name>Heat Stress</name>
		<pose>Unspecified</pose>
		<truncated>1</truncated>
		<difficult>0</difficult>
		<bndbox>
			<xmin>213.33333333333334</xmin>
			<ymin>582.6666666666667</ymin>
			<xmax>357.5</xmax>
			<ymax>668.5</ymax>
		</bndbox>
	</object>
	<object>
		<name>Others</name>
		<pose>Unspecified</pose>
		<truncated>1</truncated>
		<difficult>0</difficult>
		<bndbox>
			<xmin>184.16666666666669</xmin>
			<ymin>436.0</ymin>
			<xmax>325.0</xmax>
			<ymax>558.5</ymax>
		</bndbox>
	</object>
</annotation>