<annotation>
	<folder>UAV_data</folder>
	<filename>:\ssss\zuizhong\201907261520008031.175.1.jpg</filename>
	<source>
		<database>The UAV autolanding</database>
		<annotation>UAV AutoLanding</annotation>
		<image>flickr</image>
		<flickrid>NULL</flickrid>
	</source>
	<owner>
		<flickrid>NULL</flickrid>
		<name>ChaojieZhu</name>
	</owner>
	<size>
		<width>1280</width>
		<height>720</height>
		<depth>3</depth>
	</size>
		<segmented>0</segmented>
	<object>
		<name>Heat Stress</name>
		<pose>Unspecified</pose>
		<truncated>1</truncated>
		<difficult>0</difficult>
		<bndbox>
			<xmin>840.8333333333334</xmin>
			<ymin>553.5</ymin>
			<xmax>910.0</xmax>
			<ymax>680.1666666666667</ymax>
		</bndbox>
	</object>
	<object>
		<name>Heat Stress</name>
		<pose>Unspecified</pose>
		<truncated>1</truncated>
		<difficult>0</difficult>
		<bndbox>
			<xmin>659.1666666666667</xmin>
			<ymin>390.1666666666667</ymin>
			<xmax>748.3333333333334</xmax>
			<ymax>540.1666666666667</ymax>
		</bndbox>
	</object>
	<object>
		<name>Eating</name>
		<pose>Unspecified</pose>
		<truncated>1</truncated>
		<difficult>0</difficult>
		<bndbox>
			<xmin>280.0</xmin>
			<ymin>356.83333333333337</ymin>
			<xmax>393.4959349593496</xmax>
			<ymax>527.910569105691</ymax>
		</bndbox>
	</object>
	<object>
		<name>Heat Stress</name>
		<pose>Unspecified</pose>
		<truncated>1</truncated>
		<difficult>0</difficult>
		<bndbox>
			<xmin>216.66666666666669</xmin>
			<ymin>578.5</ymin>
			<xmax>346.6666666666667</xmax>
			<ymax>670.1666666666667</ymax>
		</bndbox>
	</object>
	<object>
		<name>Others</name>
		<pose>Unspecified</pose>
		<truncated>1</truncated>
		<difficult>0</difficult>
		<bndbox>
			<xmin>333.33333333333337</xmin>
			<ymin>611.0</ymin>
			<xmax>458.33333333333337</xmax>
			<ymax>710.1666666666667</ymax>
		</bndbox>
	</object>
	<object>
		<name>Eating</name>
		<pose>Unspecified</pose>
		<truncated>1</truncated>
		<difficult>0</difficult>
		<bndbox>
			<xmin>771.6666666666667</xmin>
			<ymin>347.6666666666667</ymin>
			<xmax>855.0</xmax>
			<ymax>506.0</ymax>
		</bndbox>
	</object>
	<object>
		<name>Heat Stress</name>
		<pose>Unspecified</pose>
		<truncated>1</truncated>
		<difficult>0</difficult>
		<bndbox>
			<xmin>784.1666666666667</xmin>
			<ymin>262.6666666666667</ymin>
			<xmax>907.5</xmax>
			<ymax>354.33333333333337</ymax>
		</bndbox>
	</object>
	<object>
		<name>Others</name>
		<pose>Unspecified</pose>
		<truncated>1</truncated>
		<difficult>0</difficult>
		<bndbox>
			<xmin>609.1869918699186</xmin>
			<ymin>260.1869918699187</ymin>
			<xmax>699.1869918699186</xmax>
			<ymax>403.52032520325207</ymax>
		</bndbox>
	</object>
	<object>
		<name>Heat Stress</name>
		<pose>Unspecified</pose>
		<truncated>1</truncated>
		<difficult>0</difficult>
		<bndbox>
			<xmin>513.3333333333334</xmin>
			<ymin>303.5</ymin>
			<xmax>608.3333333333334</xmax>
			<ymax>397.6666666666667</ymax>
		</bndbox>
	</object>
	<object>
		<name>Heat Stress</name>
		<pose>Unspecified</pose>
		<truncated>1</truncated>
		<difficult>0</difficult>
		<bndbox>
			<xmin>339.1666666666667</xmin>
			<ymin>326.83333333333337</ymin>
			<xmax>505.83333333333337</xmax>
			<ymax>407.6666666666667</ymax>
		</bndbox>
	</object>
	<object>
		<name>Others</name>
		<pose>Unspecified</pose>
		<truncated>1</truncated>
		<difficult>0</difficult>
		<bndbox>
			<xmin>340.83333333333337</xmin>
			<ymin>246.0</ymin>
			<xmax>498.33333333333337</xmax>
			<ymax>350.1666666666667</ymax>
		</bndbox>
	</object>
	<object>
		<name>Heat Stress</name>
		<pose>Unspecified</pose>
		<truncated>1</truncated>
		<difficult>0</difficult>
		<bndbox>
			<xmin>415.0</xmin>
			<ymin>168.5</ymin>
			<xmax>526.6666666666667</xmax>
			<ymax>307.6666666666667</ymax>
		</bndbox>
	</object>
	<object>
		<name>Heat Stress</name>
		<pose>Unspecified</pose>
		<truncated>1</truncated>
		<difficult>0</difficult>
		<bndbox>
			<xmin>315.83333333333337</xmin>
			<ymin>179.33333333333334</ymin>
			<xmax>414.1666666666667</xmax>
			<ymax>312.6666666666667</ymax>
		</bndbox>
	</object>
	<object>
		<name>Others</name>
		<pose>Unspecified</pose>
		<truncated>1</truncated>
		<difficult>0</difficult>
		<bndbox>
			<xmin>212.5</xmin>
			<ymin>288.5</ymin>
			<xmax>325.0</xmax>
			<ymax>407.6666666666667</ymax>
		</bndbox>
	</object>
	<object>
		<name>Heat Stress</name>
		<pose>Unspecified</pose>
		<truncated>1</truncated>
		<difficult>0</difficult>
		<bndbox>
			<xmin>168.33333333333334</xmin>
			<ymin>254.33333333333337</ymin>
			<xmax>282.5</xmax>
			<ymax>323.5</ymax>
		</bndbox>
	</object>
	<object>
		<name>Heat Stress</name>
		<pose>Unspecified</pose>
		<truncated>1</truncated>
		<difficult>0</difficult>
		<bndbox>
			<xmin>174.16666666666669</xmin>
			<ymin>160.16666666666669</ymin>
			<xmax>290.83333333333337</xmax>
			<ymax>257.6666666666667</ymax>
		</bndbox>
	</object>
	<object>
		<name>Others</name>
		<pose>Unspecified</pose>
		<truncated>1</truncated>
		<difficult>0</difficult>
		<bndbox>
			<xmin>92.5</xmin>
			<ymin>222.66666666666669</ymin>
			<xmax>185.83333333333334</xmax>
			<ymax>291.83333333333337</ymax>
		</bndbox>
	</object>
	<object>
		<name>Others</name>
		<pose>Unspecified</pose>
		<truncated>1</truncated>
		<difficult>0</difficult>
		<bndbox>
			<xmin>80.83333333333334</xmin>
			<ymin>323.5</ymin>
			<xmax>188.33333333333334</xmax>
			<ymax>406.0</ymax>
		</bndbox>
	</object>
	<object>
		<name>Others</name>
		<pose>Unspecified</pose>
		<truncated>1</truncated>
		<difficult>0</difficult>
		<bndbox>
			<xmin>111.66666666666667</xmin>
			<ymin>543.5</ymin>
			<xmax>199.16666666666669</xmax>
			<ymax>671.8333333333334</ymax>
		</bndbox>
	</object>
	<object>
		<name>Heat Stress</name>
		<pose>Unspecified</pose>
		<truncated>1</truncated>
		<difficult>0</difficult>
		<bndbox>
			<xmin>119.16666666666667</xmin>
			<ymin>123.5</ymin>
			<xmax>185.0</xmax>
			<ymax>226.83333333333334</ymax>
		</bndbox>
	</object>
	<object>
		<name>Heat Stress</name>
		<pose>Unspecified</pose>
		<truncated>1</truncated>
		<difficult>0</difficult>
		<bndbox>
			<xmin>118.33333333333334</xmin>
			<ymin>74.33333333333334</ymin>
			<xmax>180.83333333333334</xmax>
			<ymax>176.83333333333334</ymax>
		</bndbox>
	</object>
	<object>
		<name>Others</name>
		<pose>Unspecified</pose>
		<truncated>1</truncated>
		<difficult>0</difficult>
		<bndbox>
			<xmin>151.66666666666669</xmin>
			<ymin>7.666666666666668</ymin>
			<xmax>283.33333333333337</xmax>
			<ymax>117.66666666666669</ymax>
		</bndbox>
	</object>
	<object>
		<name>Heat Stress</name>
		<pose>Unspecified</pose>
		<truncated>1</truncated>
		<difficult>0</difficult>
		<bndbox>
			<xmin>237.5</xmin>
			<ymin>118.5</ymin>
			<xmax>331.6666666666667</xmax>
			<ymax>175.16666666666669</ymax>
		</bndbox>
	</object>
	<object>
		<name>Others</name>
		<pose>Unspecified</pose>
		<truncated>1</truncated>
		<difficult>0</difficult>
		<bndbox>
			<xmin>289.1666666666667</xmin>
			<ymin>1.8333333333333357</ymin>
			<xmax>345.83333333333337</xmax>
			<ymax>133.5</ymax>
		</bndbox>
	</object>
	<object>
		<name>Drinking</name>
		<pose>Unspecified</pose>
		<truncated>1</truncated>
		<difficult>0</difficult>
		<bndbox>
			<xmin>358.33333333333337</xmin>
			<ymin>80.16666666666667</ymin>
			<xmax>443.33333333333337</xmax>
			<ymax>222.66666666666669</ymax>
		</bndbox>
	</object>
	<object>
		<name>Drinking</name>
		<pose>Unspecified</pose>
		<truncated>1</truncated>
		<difficult>0</difficult>
		<bndbox>
			<xmin>385.83333333333337</xmin>
			<ymin>15.166666666666671</ymin>
			<xmax>532.5</xmax>
			<ymax>81.83333333333334</ymax>
		</bndbox>
	</object>
	<object>
		<name>Others</name>
		<pose>Unspecified</pose>
		<truncated>1</truncated>
		<difficult>0</difficult>
		<bndbox>
			<xmin>339.1666666666667</xmin>
			<ymin>21.833333333333336</ymin>
			<xmax>387.5</xmax>
			<ymax>105.16666666666667</ymax>
		</bndbox>
	</object>
	<object>
		<name>Others</name>
		<pose>Unspecified</pose>
		<truncated>1</truncated>
		<difficult>0</difficult>
		<bndbox>
			<xmin>544.1666666666667</xmin>
			<ymin>88.5</ymin>
			<xmax>618.3333333333334</xmax>
			<ymax>266.83333333333337</ymax>
		</bndbox>
	</object>
	<object>
		<name>Others</name>
		<pose>Unspecified</pose>
		<truncated>1</truncated>
		<difficult>0</difficult>
		<bndbox>
			<xmin>610.8333333333334</xmin>
			<ymin>92.66666666666667</ymin>
			<xmax>700.0</xmax>
			<ymax>241.83333333333337</ymax>
		</bndbox>
	</object>
	<object>
		<name>Heat Stress</name>
		<pose>Unspecified</pose>
		<truncated>1</truncated>
		<difficult>0</difficult>
		<bndbox>
			<xmin>683.2926829268293</xmin>
			<ymin>76.83333333333334</ymin>
			<xmax>813.2926829268293</xmax>
			<ymax>181.0</ymax>
		</bndbox>
	</object>
	<object>
		<name>Others</name>
		<pose>Unspecified</pose>
		<truncated>1</truncated>
		<difficult>0</difficult>
		<bndbox>
			<xmin>688.3333333333334</xmin>
			<ymin>166.0</ymin>
			<xmax>795.0</xmax>
			<ymax>278.5</ymax>
		</bndbox>
	</object>
	<object>
		<name>Others</name>
		<pose>Unspecified</pose>
		<truncated>1</truncated>
		<difficult>0</difficult>
		<bndbox>
			<xmin>817.5</xmin>
			<ymin>118.5</ymin>
			<xmax>936.6666666666667</xmax>
			<ymax>228.5</ymax>
		</bndbox>
	</object>
	<object>
		<name>Others</name>
		<pose>Unspecified</pose>
		<truncated>1</truncated>
		<difficult>0</difficult>
		<bndbox>
			<xmin>855.0</xmin>
			<ymin>2.666666666666668</ymin>
			<xmax>929.1666666666667</xmax>
			<ymax>146.0</ymax>
		</bndbox>
	</object>
	<object>
		<name>Others</name>
		<pose>Unspecified</pose>
		<truncated>1</truncated>
		<difficult>0</difficult>
		<bndbox>
			<xmin>699.1666666666667</xmin>
			<ymin>12.666666666666668</ymin>
			<xmax>833.3333333333334</xmax>
			<ymax>95.16666666666667</ymax>
		</bndbox>
	</object>
</annotation>