<annotation>
	<folder>UAV_data</folder>
	<filename>:\ssss\zuizhong\201907261520029130.875.8.jpg</filename>
	<source>
		<database>The UAV autolanding</database>
		<annotation>UAV AutoLanding</annotation>
		<image>flickr</image>
		<flickrid>NULL</flickrid>
	</source>
	<owner>
		<flickrid>NULL</flickrid>
		<name>ChaojieZhu</name>
	</owner>
	<size>
		<width>1280</width>
		<height>720</height>
		<depth>3</depth>
	</size>
		<segmented>0</segmented>
	<object>
		<name>Others</name>
		<pose>Unspecified</pose>
		<truncated>1</truncated>
		<difficult>0</difficult>
		<bndbox>
			<xmin>820.0</xmin>
			<ymin>591.0</ymin>
			<xmax>939.1666666666667</xmax>
			<ymax>697.6666666666667</ymax>
		</bndbox>
	</object>
	<object>
		<name>Heat Stress</name>
		<pose>Unspecified</pose>
		<truncated>1</truncated>
		<difficult>0</difficult>
		<bndbox>
			<xmin>872.5</xmin>
			<ymin>483.5</ymin>
			<xmax>944.1666666666667</xmax>
			<ymax>616.8333333333334</ymax>
		</bndbox>
	</object>
	<object>
		<name>Others</name>
		<pose>Unspecified</pose>
		<truncated>1</truncated>
		<difficult>0</difficult>
		<bndbox>
			<xmin>685.8333333333334</xmin>
			<ymin>405.1666666666667</ymin>
			<xmax>810.0</xmax>
			<ymax>487.6666666666667</ymax>
		</bndbox>
	</object>
	<object>
		<name>Heat Stress</name>
		<pose>Unspecified</pose>
		<truncated>1</truncated>
		<difficult>0</difficult>
		<bndbox>
			<xmin>848.3333333333334</xmin>
			<ymin>317.6666666666667</ymin>
			<xmax>960.8333333333334</xmax>
			<ymax>408.5</ymax>
		</bndbox>
	</object>
	<object>
		<name>Others</name>
		<pose>Unspecified</pose>
		<truncated>1</truncated>
		<difficult>0</difficult>
		<bndbox>
			<xmin>550.8333333333334</xmin>
			<ymin>645.1666666666667</ymin>
			<xmax>683.0</xmax>
			<ymax>719.0</ymax>
		</bndbox>
	</object>
	<object>
		<name>Eating</name>
		<pose>Unspecified</pose>
		<truncated>1</truncated>
		<difficult>0</difficult>
		<bndbox>
			<xmin>411.6666666666667</xmin>
			<ymin>551.0</ymin>
			<xmax>561.6666666666667</xmax>
			<ymax>651.8333333333334</ymax>
		</bndbox>
	</object>
	<object>
		<name>Others</name>
		<pose>Unspecified</pose>
		<truncated>1</truncated>
		<difficult>0</difficult>
		<bndbox>
			<xmin>188.33333333333334</xmin>
			<ymin>441.83333333333337</ymin>
			<xmax>315.83333333333337</xmax>
			<ymax>563.5</ymax>
		</bndbox>
	</object>
	<object>
		<name>Others</name>
		<pose>Unspecified</pose>
		<truncated>1</truncated>
		<difficult>0</difficult>
		<bndbox>
			<xmin>145.83333333333334</xmin>
			<ymin>448.5</ymin>
			<xmax>212.5</xmax>
			<ymax>588.5</ymax>
		</bndbox>
	</object>
	<object>
		<name>Heat Stress</name>
		<pose>Unspecified</pose>
		<truncated>1</truncated>
		<difficult>0</difficult>
		<bndbox>
			<xmin>215.83333333333334</xmin>
			<ymin>580.1666666666667</ymin>
			<xmax>355.0</xmax>
			<ymax>674.3333333333334</ymax>
		</bndbox>
	</object>
	<object>
		<name>Others</name>
		<pose>Unspecified</pose>
		<truncated>1</truncated>
		<difficult>0</difficult>
		<bndbox>
			<xmin>295.83333333333337</xmin>
			<ymin>361.0</ymin>
			<xmax>413.33333333333337</xmax>
			<ymax>455.1666666666667</ymax>
		</bndbox>
	</object>
	<object>
		<name>Others</name>
		<pose>Unspecified</pose>
		<truncated>1</truncated>
		<difficult>0</difficult>
		<bndbox>
			<xmin>363.33333333333337</xmin>
			<ymin>306.83333333333337</ymin>
			<xmax>524.1666666666667</xmax>
			<ymax>414.33333333333337</ymax>
		</bndbox>
	</object>
	<object>
		<name>Others</name>
		<pose>Unspecified</pose>
		<truncated>1</truncated>
		<difficult>0</difficult>
		<bndbox>
			<xmin>502.5</xmin>
			<ymin>245.16666666666669</ymin>
			<xmax>646.6666666666667</xmax>
			<ymax>367.6666666666667</ymax>
		</bndbox>
	</object>
	<object>
		<name>Others</name>
		<pose>Unspecified</pose>
		<truncated>1</truncated>
		<difficult>0</difficult>
		<bndbox>
			<xmin>493.33333333333337</xmin>
			<ymin>229.33333333333334</ymin>
			<xmax>558.3333333333334</xmax>
			<ymax>406.0</ymax>
		</bndbox>
	</object>
	<object>
		<name>Others</name>
		<pose>Unspecified</pose>
		<truncated>1</truncated>
		<difficult>0</difficult>
		<bndbox>
			<xmin>335.83333333333337</xmin>
			<ymin>241.83333333333337</ymin>
			<xmax>419.1666666666667</xmax>
			<ymax>352.6666666666667</ymax>
		</bndbox>
	</object>
	<object>
		<name>Others</name>
		<pose>Unspecified</pose>
		<truncated>1</truncated>
		<difficult>0</difficult>
		<bndbox>
			<xmin>248.33333333333334</xmin>
			<ymin>233.5</ymin>
			<xmax>330.83333333333337</xmax>
			<ymax>366.83333333333337</ymax>
		</bndbox>
	</object>
	<object>
		<name>Others</name>
		<pose>Unspecified</pose>
		<truncated>1</truncated>
		<difficult>0</difficult>
		<bndbox>
			<xmin>225.83333333333334</xmin>
			<ymin>174.33333333333334</ymin>
			<xmax>309.1666666666667</xmax>
			<ymax>293.5</ymax>
		</bndbox>
	</object>
	<object>
		<name>Heat Stress</name>
		<pose>Unspecified</pose>
		<truncated>1</truncated>
		<difficult>0</difficult>
		<bndbox>
			<xmin>263.33333333333337</xmin>
			<ymin>87.66666666666667</ymin>
			<xmax>317.5</xmax>
			<ymax>186.0</ymax>
		</bndbox>
	</object>
	<object>
		<name>Others</name>
		<pose>Unspecified</pose>
		<truncated>1</truncated>
		<difficult>0</difficult>
		<bndbox>
			<xmin>392.5</xmin>
			<ymin>136.0</ymin>
			<xmax>521.6666666666667</xmax>
			<ymax>240.16666666666669</ymax>
		</bndbox>
	</object>
	<object>
		<name>Others</name>
		<pose>Unspecified</pose>
		<truncated>1</truncated>
		<difficult>0</difficult>
		<bndbox>
			<xmin>410.0</xmin>
			<ymin>97.66666666666667</ymin>
			<xmax>563.3333333333334</xmax>
			<ymax>168.5</ymax>
		</bndbox>
	</object>
	<object>
		<name>Drinking</name>
		<pose>Unspecified</pose>
		<truncated>1</truncated>
		<difficult>0</difficult>
		<bndbox>
			<xmin>600.9552845528455</xmin>
			<ymin>68.47967479674797</ymin>
			<xmax>710.1219512195121</xmax>
			<ymax>205.14634146341464</ymax>
		</bndbox>
	</object>
	<object>
		<name>Drinking</name>
		<pose>Unspecified</pose>
		<truncated>1</truncated>
		<difficult>0</difficult>
		<bndbox>
			<xmin>733.3333333333334</xmin>
			<ymin>84.33333333333334</ymin>
			<xmax>817.5</xmax>
			<ymax>251.0</ymax>
		</bndbox>
	</object>
	<object>
		<name>Heat Stress</name>
		<pose>Unspecified</pose>
		<truncated>1</truncated>
		<difficult>0</difficult>
		<bndbox>
			<xmin>812.5</xmin>
			<ymin>152.66666666666669</ymin>
			<xmax>954.1666666666667</xmax>
			<ymax>255.16666666666669</ymax>
		</bndbox>
	</object>
	<object>
		<name>Others</name>
		<pose>Unspecified</pose>
		<truncated>1</truncated>
		<difficult>0</difficult>
		<bndbox>
			<xmin>690.0</xmin>
			<ymin>21.0</ymin>
			<xmax>817.5</xmax>
			<ymax>72.66666666666667</ymax>
		</bndbox>
	</object>
	<object>
		<name>Others</name>
		<pose>Unspecified</pose>
		<truncated>1</truncated>
		<difficult>0</difficult>
		<bndbox>
			<xmin>380.0</xmin>
			<ymin>29.333333333333336</ymin>
			<xmax>466.6666666666667</xmax>
			<ymax>137.66666666666669</ymax>
		</bndbox>
	</object>
	<object>
		<name>Heat Stress</name>
		<pose>Unspecified</pose>
		<truncated>1</truncated>
		<difficult>0</difficult>
		<bndbox>
			<xmin>246.66666666666669</xmin>
			<ymin>15.166666666666671</ymin>
			<xmax>366.6666666666667</xmax>
			<ymax>75.16666666666667</ymax>
		</bndbox>
	</object>
	<object>
		<name>Others</name>
		<pose>Unspecified</pose>
		<truncated>1</truncated>
		<difficult>0</difficult>
		<bndbox>
			<xmin>185.0</xmin>
			<ymin>51.0</ymin>
			<xmax>284.1666666666667</xmax>
			<ymax>113.5</ymax>
		</bndbox>
	</object>
	<object>
		<name>Heat Stress</name>
		<pose>Unspecified</pose>
		<truncated>1</truncated>
		<difficult>0</difficult>
		<bndbox>
			<xmin>121.66666666666667</xmin>
			<ymin>76.0</ymin>
			<xmax>182.5</xmax>
			<ymax>178.5</ymax>
		</bndbox>
	</object>
	<object>
		<name>Heat Stress</name>
		<pose>Unspecified</pose>
		<truncated>1</truncated>
		<difficult>0</difficult>
		<bndbox>
			<xmin>87.5</xmin>
			<ymin>146.83333333333334</ymin>
			<xmax>195.83333333333334</xmax>
			<ymax>263.5</ymax>
		</bndbox>
	</object>
	<object>
		<name>Others</name>
		<pose>Unspecified</pose>
		<truncated>1</truncated>
		<difficult>0</difficult>
		<bndbox>
			<xmin>86.66666666666667</xmin>
			<ymin>266.0</ymin>
			<xmax>159.16666666666669</xmax>
			<ymax>381.0</ymax>
		</bndbox>
	</object>
</annotation>