<annotation>
	<folder>UAV_data</folder>
	<filename>:\ssss\zuizhong\201907271156002232.780.8.jpg</filename>
	<source>
		<database>The UAV autolanding</database>
		<annotation>UAV AutoLanding</annotation>
		<image>flickr</image>
		<flickrid>NULL</flickrid>
	</source>
	<owner>
		<flickrid>NULL</flickrid>
		<name>ChaojieZhu</name>
	</owner>
	<size>
		<width>1280</width>
		<height>720</height>
		<depth>3</depth>
	</size>
		<segmented>0</segmented>
	<object>
		<name>Heat Stress</name>
		<pose>Unspecified</pose>
		<truncated>1</truncated>
		<difficult>0</difficult>
		<bndbox>
			<xmin>820.8333333333334</xmin>
			<ymin>300.1666666666667</ymin>
			<xmax>902.5</xmax>
			<ymax>446.83333333333337</ymax>
		</bndbox>
	</object>
	<object>
		<name>Heat Stress</name>
		<pose>Unspecified</pose>
		<truncated>1</truncated>
		<difficult>0</difficult>
		<bndbox>
			<xmin>910.8333333333334</xmin>
			<ymin>344.33333333333337</ymin>
			<xmax>977.5</xmax>
			<ymax>466.83333333333337</ymax>
		</bndbox>
	</object>
	<object>
		<name>Others</name>
		<pose>Unspecified</pose>
		<truncated>1</truncated>
		<difficult>0</difficult>
		<bndbox>
			<xmin>1015.8333333333334</xmin>
			<ymin>202.66666666666669</ymin>
			<xmax>1098.3333333333335</xmax>
			<ymax>300.1666666666667</ymax>
		</bndbox>
	</object>
	<object>
		<name>Heat Stress</name>
		<pose>Unspecified</pose>
		<truncated>1</truncated>
		<difficult>0</difficult>
		<bndbox>
			<xmin>555.8333333333334</xmin>
			<ymin>256.0</ymin>
			<xmax>669.1666666666667</xmax>
			<ymax>447.6666666666667</ymax>
		</bndbox>
	</object>
	<object>
		<name>Heat Stress</name>
		<pose>Unspecified</pose>
		<truncated>1</truncated>
		<difficult>0</difficult>
		<bndbox>
			<xmin>395.0</xmin>
			<ymin>350.1666666666667</ymin>
			<xmax>509.1666666666667</xmax>
			<ymax>485.1666666666667</ymax>
		</bndbox>
	</object>
	<object>
		<name>Eating</name>
		<pose>Unspecified</pose>
		<truncated>1</truncated>
		<difficult>0</difficult>
		<bndbox>
			<xmin>205.83333333333334</xmin>
			<ymin>493.5</ymin>
			<xmax>354.4715447154472</xmax>
			<ymax>566.7479674796748</ymax>
		</bndbox>
	</object>
	<object>
		<name>Others</name>
		<pose>Unspecified</pose>
		<truncated>1</truncated>
		<difficult>0</difficult>
		<bndbox>
			<xmin>167.5</xmin>
			<ymin>531.8333333333334</ymin>
			<xmax>275.83333333333337</xmax>
			<ymax>638.5</ymax>
		</bndbox>
	</object>
	<object>
		<name>Heat Stress</name>
		<pose>Unspecified</pose>
		<truncated>1</truncated>
		<difficult>0</difficult>
		<bndbox>
			<xmin>114.16666666666667</xmin>
			<ymin>579.3333333333334</ymin>
			<xmax>220.0</xmax>
			<ymax>686.8333333333334</ymax>
		</bndbox>
	</object>
	<object>
		<name>Heat Stress</name>
		<pose>Unspecified</pose>
		<truncated>1</truncated>
		<difficult>0</difficult>
		<bndbox>
			<xmin>88.33333333333334</xmin>
			<ymin>435.1666666666667</ymin>
			<xmax>180.0</xmax>
			<ymax>517.6666666666667</ymax>
		</bndbox>
	</object>
	<object>
		<name>Others</name>
		<pose>Unspecified</pose>
		<truncated>1</truncated>
		<difficult>0</difficult>
		<bndbox>
			<xmin>205.83333333333334</xmin>
			<ymin>264.33333333333337</ymin>
			<xmax>310.83333333333337</xmax>
			<ymax>374.33333333333337</ymax>
		</bndbox>
	</object>
	<object>
		<name>Others</name>
		<pose>Unspecified</pose>
		<truncated>1</truncated>
		<difficult>0</difficult>
		<bndbox>
			<xmin>460.83333333333337</xmin>
			<ymin>168.5</ymin>
			<xmax>542.5</xmax>
			<ymax>334.33333333333337</ymax>
		</bndbox>
	</object>
	<object>
		<name>Others</name>
		<pose>Unspecified</pose>
		<truncated>1</truncated>
		<difficult>0</difficult>
		<bndbox>
			<xmin>645.8333333333334</xmin>
			<ymin>113.5</ymin>
			<xmax>747.5</xmax>
			<ymax>256.83333333333337</ymax>
		</bndbox>
	</object>
	<object>
		<name>Others</name>
		<pose>Unspecified</pose>
		<truncated>1</truncated>
		<difficult>0</difficult>
		<bndbox>
			<xmin>912.5</xmin>
			<ymin>11.833333333333336</ymin>
			<xmax>981.6666666666667</xmax>
			<ymax>164.33333333333334</ymax>
		</bndbox>
	</object>
	<object>
		<name>Others</name>
		<pose>Unspecified</pose>
		<truncated>1</truncated>
		<difficult>0</difficult>
		<bndbox>
			<xmin>680.8333333333334</xmin>
			<ymin>13.5</ymin>
			<xmax>772.5</xmax>
			<ymax>152.66666666666669</ymax>
		</bndbox>
	</object>
	<object>
		<name>Others</name>
		<pose>Unspecified</pose>
		<truncated>1</truncated>
		<difficult>0</difficult>
		<bndbox>
			<xmin>738.3333333333334</xmin>
			<ymin>33.5</ymin>
			<xmax>876.6666666666667</xmax>
			<ymax>102.66666666666667</ymax>
		</bndbox>
	</object>
	<object>
		<name>Others</name>
		<pose>Unspecified</pose>
		<truncated>1</truncated>
		<difficult>0</difficult>
		<bndbox>
			<xmin>520.8333333333334</xmin>
			<ymin>62.66666666666667</ymin>
			<xmax>675.0</xmax>
			<ymax>206.0</ymax>
		</bndbox>
	</object>
	<object>
		<name>Drinking</name>
		<pose>Unspecified</pose>
		<truncated>1</truncated>
		<difficult>0</difficult>
		<bndbox>
			<xmin>450.83333333333337</xmin>
			<ymin>71.83333333333334</ymin>
			<xmax>570.0</xmax>
			<ymax>164.33333333333334</ymax>
		</bndbox>
	</object>
	<object>
		<name>Heat Stress</name>
		<pose>Unspecified</pose>
		<truncated>1</truncated>
		<difficult>0</difficult>
		<bndbox>
			<xmin>398.3739837398374</xmin>
			<ymin>74.8780487804878</ymin>
			<xmax>502.479674796748</xmax>
			<ymax>191.14227642276424</ymax>
		</bndbox>
	</object>
	<object>
		<name>Others</name>
		<pose>Unspecified</pose>
		<truncated>1</truncated>
		<difficult>0</difficult>
		<bndbox>
			<xmin>425.83333333333337</xmin>
			<ymin>3.5</ymin>
			<xmax>531.6666666666667</xmax>
			<ymax>63.5</ymax>
		</bndbox>
	</object>
	<object>
		<name>Others</name>
		<pose>Unspecified</pose>
		<truncated>1</truncated>
		<difficult>0</difficult>
		<bndbox>
			<xmin>292.5</xmin>
			<ymin>34.333333333333336</ymin>
			<xmax>365.83333333333337</xmax>
			<ymax>190.16666666666669</ymax>
		</bndbox>
	</object>
	<object>
		<name>Others</name>
		<pose>Unspecified</pose>
		<truncated>1</truncated>
		<difficult>0</difficult>
		<bndbox>
			<xmin>182.5</xmin>
			<ymin>16.833333333333336</ymin>
			<xmax>295.83333333333337</xmax>
			<ymax>84.33333333333334</ymax>
		</bndbox>
	</object>
	<object>
		<name>Others</name>
		<pose>Unspecified</pose>
		<truncated>1</truncated>
		<difficult>0</difficult>
		<bndbox>
			<xmin>114.16666666666667</xmin>
			<ymin>46.0</ymin>
			<xmax>219.16666666666669</xmax>
			<ymax>112.66666666666669</ymax>
		</bndbox>
	</object>
	<object>
		<name>Others</name>
		<pose>Unspecified</pose>
		<truncated>1</truncated>
		<difficult>0</difficult>
		<bndbox>
			<xmin>150.0</xmin>
			<ymin>95.16666666666667</ymin>
			<xmax>266.6666666666667</xmax>
			<ymax>155.16666666666669</ymax>
		</bndbox>
	</object>
	<object>
		<name>Others</name>
		<pose>Unspecified</pose>
		<truncated>1</truncated>
		<difficult>0</difficult>
		<bndbox>
			<xmin>94.16666666666667</xmin>
			<ymin>131.0</ymin>
			<xmax>180.83333333333334</xmax>
			<ymax>210.16666666666669</ymax>
		</bndbox>
	</object>
	<object>
		<name>Others</name>
		<pose>Unspecified</pose>
		<truncated>1</truncated>
		<difficult>0</difficult>
		<bndbox>
			<xmin>146.66666666666669</xmin>
			<ymin>164.33333333333334</ymin>
			<xmax>215.83333333333334</xmax>
			<ymax>308.5</ymax>
		</bndbox>
	</object>
	<object>
		<name>Others</name>
		<pose>Unspecified</pose>
		<truncated>1</truncated>
		<difficult>0</difficult>
		<bndbox>
			<xmin>72.5</xmin>
			<ymin>190.16666666666669</ymin>
			<xmax>138.33333333333334</xmax>
			<ymax>331.83333333333337</ymax>
		</bndbox>
	</object>
	<object>
		<name>Others</name>
		<pose>Unspecified</pose>
		<truncated>1</truncated>
		<difficult>0</difficult>
		<bndbox>
			<xmin>80.0</xmin>
			<ymin>280.1666666666667</ymin>
			<xmax>147.5</xmax>
			<ymax>404.33333333333337</ymax>
		</bndbox>
	</object>
	<object>
		<name>Others</name>
		<pose>Unspecified</pose>
		<truncated>1</truncated>
		<difficult>0</difficult>
		<bndbox>
			<xmin>118.33333333333334</xmin>
			<ymin>337.6666666666667</ymin>
			<xmax>221.66666666666669</xmax>
			<ymax>424.33333333333337</ymax>
		</bndbox>
	</object>
</annotation>