<annotation>
	<folder>UAV_data</folder>
	<filename>:\ssss\zuizhong\201907261520019730.975.8.jpg</filename>
	<source>
		<database>The UAV autolanding</database>
		<annotation>UAV AutoLanding</annotation>
		<image>flickr</image>
		<flickrid>NULL</flickrid>
	</source>
	<owner>
		<flickrid>NULL</flickrid>
		<name>ChaojieZhu</name>
	</owner>
	<size>
		<width>1280</width>
		<height>720</height>
		<depth>3</depth>
	</size>
		<segmented>0</segmented>
	<object>
		<name>Others</name>
		<pose>Unspecified</pose>
		<truncated>1</truncated>
		<difficult>0</difficult>
		<bndbox>
			<xmin>880.8333333333334</xmin>
			<ymin>434.33333333333337</ymin>
			<xmax>980.0</xmax>
			<ymax>585.1666666666667</ymax>
		</bndbox>
	</object>
	<object>
		<name>Heat Stress</name>
		<pose>Unspecified</pose>
		<truncated>1</truncated>
		<difficult>0</difficult>
		<bndbox>
			<xmin>841.6666666666667</xmin>
			<ymin>557.6666666666667</ymin>
			<xmax>915.8333333333334</xmax>
			<ymax>673.5</ymax>
		</bndbox>
	</object>
	<object>
		<name>Others</name>
		<pose>Unspecified</pose>
		<truncated>1</truncated>
		<difficult>0</difficult>
		<bndbox>
			<xmin>717.5</xmin>
			<ymin>386.83333333333337</ymin>
			<xmax>829.1666666666667</xmax>
			<ymax>475.1666666666667</ymax>
		</bndbox>
	</object>
	<object>
		<name>Heat Stress</name>
		<pose>Unspecified</pose>
		<truncated>1</truncated>
		<difficult>0</difficult>
		<bndbox>
			<xmin>559.1666666666667</xmin>
			<ymin>467.6666666666667</ymin>
			<xmax>707.5</xmax>
			<ymax>596.0</ymax>
		</bndbox>
	</object>
	<object>
		<name>Heat Stress</name>
		<pose>Unspecified</pose>
		<truncated>1</truncated>
		<difficult>0</difficult>
		<bndbox>
			<xmin>622.5</xmin>
			<ymin>596.8333333333334</ymin>
			<xmax>715.0</xmax>
			<ymax>694.3333333333334</ymax>
		</bndbox>
	</object>
	<object>
		<name>Others</name>
		<pose>Unspecified</pose>
		<truncated>1</truncated>
		<difficult>0</difficult>
		<bndbox>
			<xmin>476.6666666666667</xmin>
			<ymin>346.0</ymin>
			<xmax>658.3333333333334</xmax>
			<ymax>419.33333333333337</ymax>
		</bndbox>
	</object>
	<object>
		<name>Others</name>
		<pose>Unspecified</pose>
		<truncated>1</truncated>
		<difficult>0</difficult>
		<bndbox>
			<xmin>392.5</xmin>
			<ymin>374.33333333333337</ymin>
			<xmax>472.5</xmax>
			<ymax>498.5</ymax>
		</bndbox>
	</object>
	<object>
		<name>Others</name>
		<pose>Unspecified</pose>
		<truncated>1</truncated>
		<difficult>0</difficult>
		<bndbox>
			<xmin>376.6666666666667</xmin>
			<ymin>243.5</ymin>
			<xmax>456.6666666666667</xmax>
			<ymax>391.83333333333337</ymax>
		</bndbox>
	</object>
	<object>
		<name>Others</name>
		<pose>Unspecified</pose>
		<truncated>1</truncated>
		<difficult>0</difficult>
		<bndbox>
			<xmin>285.0</xmin>
			<ymin>249.33333333333337</ymin>
			<xmax>376.6666666666667</xmax>
			<ymax>352.6666666666667</ymax>
		</bndbox>
	</object>
	<object>
		<name>Others</name>
		<pose>Unspecified</pose>
		<truncated>1</truncated>
		<difficult>0</difficult>
		<bndbox>
			<xmin>145.83333333333334</xmin>
			<ymin>410.1666666666667</ymin>
			<xmax>283.33333333333337</xmax>
			<ymax>508.5</ymax>
		</bndbox>
	</object>
	<object>
		<name>Heat Stress</name>
		<pose>Unspecified</pose>
		<truncated>1</truncated>
		<difficult>0</difficult>
		<bndbox>
			<xmin>213.33333333333334</xmin>
			<ymin>584.3333333333334</ymin>
			<xmax>353.33333333333337</xmax>
			<ymax>670.1666666666667</ymax>
		</bndbox>
	</object>
	<object>
		<name>Others</name>
		<pose>Unspecified</pose>
		<truncated>1</truncated>
		<difficult>0</difficult>
		<bndbox>
			<xmin>513.3333333333334</xmin>
			<ymin>156.83333333333334</ymin>
			<xmax>643.3333333333334</xmax>
			<ymax>274.33333333333337</ymax>
		</bndbox>
	</object>
	<object>
		<name>Others</name>
		<pose>Unspecified</pose>
		<truncated>1</truncated>
		<difficult>0</difficult>
		<bndbox>
			<xmin>616.6666666666667</xmin>
			<ymin>199.33333333333334</ymin>
			<xmax>689.1666666666667</xmax>
			<ymax>327.6666666666667</ymax>
		</bndbox>
	</object>
	<object>
		<name>Heat Stress</name>
		<pose>Unspecified</pose>
		<truncated>1</truncated>
		<difficult>0</difficult>
		<bndbox>
			<xmin>730.0</xmin>
			<ymin>103.5</ymin>
			<xmax>825.0</xmax>
			<ymax>255.16666666666669</ymax>
		</bndbox>
	</object>
	<object>
		<name>Others</name>
		<pose>Unspecified</pose>
		<truncated>1</truncated>
		<difficult>0</difficult>
		<bndbox>
			<xmin>845.0</xmin>
			<ymin>146.83333333333334</ymin>
			<xmax>953.3333333333334</xmax>
			<ymax>244.33333333333337</ymax>
		</bndbox>
	</object>
	<object>
		<name>Drinking</name>
		<pose>Unspecified</pose>
		<truncated>1</truncated>
		<difficult>0</difficult>
		<bndbox>
			<xmin>666.6666666666667</xmin>
			<ymin>8.5</ymin>
			<xmax>817.5</xmax>
			<ymax>67.66666666666667</ymax>
		</bndbox>
	</object>
	<object>
		<name>Heat Stress</name>
		<pose>Unspecified</pose>
		<truncated>1</truncated>
		<difficult>0</difficult>
		<bndbox>
			<xmin>608.1707317073171</xmin>
			<ymin>61.0</ymin>
			<xmax>723.5772357723578</xmax>
			<ymax>196.82926829268294</ymax>
		</bndbox>
	</object>
	<object>
		<name>Others</name>
		<pose>Unspecified</pose>
		<truncated>1</truncated>
		<difficult>0</difficult>
		<bndbox>
			<xmin>482.5</xmin>
			<ymin>63.5</ymin>
			<xmax>576.6666666666667</xmax>
			<ymax>211.83333333333334</ymax>
		</bndbox>
	</object>
	<object>
		<name>Drinking</name>
		<pose>Unspecified</pose>
		<truncated>1</truncated>
		<difficult>0</difficult>
		<bndbox>
			<xmin>400.83333333333337</xmin>
			<ymin>16.0</ymin>
			<xmax>486.1788617886179</xmax>
			<ymax>171.6260162601626</ymax>
		</bndbox>
	</object>
	<object>
		<name>Others</name>
		<pose>Unspecified</pose>
		<truncated>1</truncated>
		<difficult>0</difficult>
		<bndbox>
			<xmin>282.5</xmin>
			<ymin>0.16666666666666785</ymin>
			<xmax>380.0</xmax>
			<ymax>40.16666666666667</ymax>
		</bndbox>
	</object>
	<object>
		<name>Heat Stress</name>
		<pose>Unspecified</pose>
		<truncated>1</truncated>
		<difficult>0</difficult>
		<bndbox>
			<xmin>241.66666666666669</xmin>
			<ymin>14.333333333333336</ymin>
			<xmax>335.0</xmax>
			<ymax>76.0</ymax>
		</bndbox>
	</object>
	<object>
		<name>Others</name>
		<pose>Unspecified</pose>
		<truncated>1</truncated>
		<difficult>0</difficult>
		<bndbox>
			<xmin>307.5</xmin>
			<ymin>113.5</ymin>
			<xmax>404.1666666666667</xmax>
			<ymax>207.66666666666669</ymax>
		</bndbox>
	</object>
	<object>
		<name>Heat Stress</name>
		<pose>Unspecified</pose>
		<truncated>1</truncated>
		<difficult>0</difficult>
		<bndbox>
			<xmin>250.0</xmin>
			<ymin>161.0</ymin>
			<xmax>320.83333333333337</xmax>
			<ymax>293.5</ymax>
		</bndbox>
	</object>
	<object>
		<name>Others</name>
		<pose>Unspecified</pose>
		<truncated>1</truncated>
		<difficult>0</difficult>
		<bndbox>
			<xmin>168.33333333333334</xmin>
			<ymin>48.5</ymin>
			<xmax>296.6666666666667</xmax>
			<ymax>115.16666666666669</ymax>
		</bndbox>
	</object>
	<object>
		<name>Others</name>
		<pose>Unspecified</pose>
		<truncated>1</truncated>
		<difficult>0</difficult>
		<bndbox>
			<xmin>127.5</xmin>
			<ymin>206.0</ymin>
			<xmax>215.83333333333334</xmax>
			<ymax>366.83333333333337</ymax>
		</bndbox>
	</object>
	<object>
		<name>Heat Stress</name>
		<pose>Unspecified</pose>
		<truncated>1</truncated>
		<difficult>0</difficult>
		<bndbox>
			<xmin>112.5</xmin>
			<ymin>136.0</ymin>
			<xmax>195.83333333333334</xmax>
			<ymax>260.1666666666667</ymax>
		</bndbox>
	</object>
	<object>
		<name>Heat Stress</name>
		<pose>Unspecified</pose>
		<truncated>1</truncated>
		<difficult>0</difficult>
		<bndbox>
			<xmin>123.33333333333334</xmin>
			<ymin>78.5</ymin>
			<xmax>178.33333333333334</xmax>
			<ymax>161.0</ymax>
		</bndbox>
	</object>
</annotation>