<annotation>
	<folder>UAV_data</folder>
	<filename>:\ssss\zuizhong\201907261520026430.975.6.jpg</filename>
	<source>
		<database>The UAV autolanding</database>
		<annotation>UAV AutoLanding</annotation>
		<image>flickr</image>
		<flickrid>NULL</flickrid>
	</source>
	<owner>
		<flickrid>NULL</flickrid>
		<name>ChaojieZhu</name>
	</owner>
	<size>
		<width>1280</width>
		<height>720</height>
		<depth>3</depth>
	</size>
		<segmented>0</segmented>
	<object>
		<name>Others</name>
		<pose>Unspecified</pose>
		<truncated>1</truncated>
		<difficult>0</difficult>
		<bndbox>
			<xmin>893.3333333333334</xmin>
			<ymin>491.83333333333337</ymin>
			<xmax>971.6666666666667</xmax>
			<ymax>637.6666666666667</ymax>
		</bndbox>
	</object>
	<object>
		<name>Heat Stress</name>
		<pose>Unspecified</pose>
		<truncated>1</truncated>
		<difficult>0</difficult>
		<bndbox>
			<xmin>846.6666666666667</xmin>
			<ymin>554.3333333333334</ymin>
			<xmax>914.1666666666667</xmax>
			<ymax>676.8333333333334</ymax>
		</bndbox>
	</object>
	<object>
		<name>Heat Stress</name>
		<pose>Unspecified</pose>
		<truncated>1</truncated>
		<difficult>0</difficult>
		<bndbox>
			<xmin>695.0</xmin>
			<ymin>401.83333333333337</ymin>
			<xmax>810.0</xmax>
			<ymax>493.5</ymax>
		</bndbox>
	</object>
	<object>
		<name>Heat Stress</name>
		<pose>Unspecified</pose>
		<truncated>1</truncated>
		<difficult>0</difficult>
		<bndbox>
			<xmin>848.3333333333334</xmin>
			<ymin>308.5</ymin>
			<xmax>963.3333333333334</xmax>
			<ymax>418.5</ymax>
		</bndbox>
	</object>
	<object>
		<name>Heat Stress</name>
		<pose>Unspecified</pose>
		<truncated>1</truncated>
		<difficult>0</difficult>
		<bndbox>
			<xmin>581.6666666666667</xmin>
			<ymin>308.5</ymin>
			<xmax>689.1666666666667</xmax>
			<ymax>479.33333333333337</ymax>
		</bndbox>
	</object>
	<object>
		<name>Eating</name>
		<pose>Unspecified</pose>
		<truncated>1</truncated>
		<difficult>0</difficult>
		<bndbox>
			<xmin>429.1666666666667</xmin>
			<ymin>411.83333333333337</ymin>
			<xmax>560.0</xmax>
			<ymax>562.6666666666667</ymax>
		</bndbox>
	</object>
	<object>
		<name>Heat Stress</name>
		<pose>Unspecified</pose>
		<truncated>1</truncated>
		<difficult>0</difficult>
		<bndbox>
			<xmin>220.83333333333334</xmin>
			<ymin>580.1666666666667</ymin>
			<xmax>355.83333333333337</xmax>
			<ymax>668.5</ymax>
		</bndbox>
	</object>
	<object>
		<name>Heat Stress</name>
		<pose>Unspecified</pose>
		<truncated>1</truncated>
		<difficult>0</difficult>
		<bndbox>
			<xmin>169.16666666666669</xmin>
			<ymin>425.1666666666667</ymin>
			<xmax>236.66666666666669</xmax>
			<ymax>556.8333333333334</ymax>
		</bndbox>
	</object>
	<object>
		<name>Eating</name>
		<pose>Unspecified</pose>
		<truncated>1</truncated>
		<difficult>0</difficult>
		<bndbox>
			<xmin>184.16666666666669</xmin>
			<ymin>441.0</ymin>
			<xmax>350.0</xmax>
			<ymax>544.3333333333334</ymax>
		</bndbox>
	</object>
	<object>
		<name>Others</name>
		<pose>Unspecified</pose>
		<truncated>1</truncated>
		<difficult>0</difficult>
		<bndbox>
			<xmin>246.66666666666669</xmin>
			<ymin>251.0</ymin>
			<xmax>335.83333333333337</xmax>
			<ymax>364.33333333333337</ymax>
		</bndbox>
	</object>
	<object>
		<name>Others</name>
		<pose>Unspecified</pose>
		<truncated>1</truncated>
		<difficult>0</difficult>
		<bndbox>
			<xmin>376.6666666666667</xmin>
			<ymin>271.0</ymin>
			<xmax>480.0</xmax>
			<ymax>391.83333333333337</ymax>
		</bndbox>
	</object>
	<object>
		<name>Others</name>
		<pose>Unspecified</pose>
		<truncated>1</truncated>
		<difficult>0</difficult>
		<bndbox>
			<xmin>297.5</xmin>
			<ymin>306.83333333333337</ymin>
			<xmax>356.6666666666667</xmax>
			<ymax>451.83333333333337</ymax>
		</bndbox>
	</object>
	<object>
		<name>Others</name>
		<pose>Unspecified</pose>
		<truncated>1</truncated>
		<difficult>0</difficult>
		<bndbox>
			<xmin>242.5</xmin>
			<ymin>176.83333333333334</ymin>
			<xmax>321.6666666666667</xmax>
			<ymax>276.83333333333337</ymax>
		</bndbox>
	</object>
	<object>
		<name>Others</name>
		<pose>Unspecified</pose>
		<truncated>1</truncated>
		<difficult>0</difficult>
		<bndbox>
			<xmin>262.5</xmin>
			<ymin>116.0</ymin>
			<xmax>413.33333333333337</xmax>
			<ymax>185.16666666666669</ymax>
		</bndbox>
	</object>
	<object>
		<name>Heat Stress</name>
		<pose>Unspecified</pose>
		<truncated>1</truncated>
		<difficult>0</difficult>
		<bndbox>
			<xmin>389.1666666666667</xmin>
			<ymin>125.16666666666669</ymin>
			<xmax>550.8333333333334</xmax>
			<ymax>209.33333333333334</ymax>
		</bndbox>
	</object>
	<object>
		<name>Others</name>
		<pose>Unspecified</pose>
		<truncated>1</truncated>
		<difficult>0</difficult>
		<bndbox>
			<xmin>579.1666666666667</xmin>
			<ymin>183.5</ymin>
			<xmax>705.0</xmax>
			<ymax>284.33333333333337</ymax>
		</bndbox>
	</object>
	<object>
		<name>Heat Stress</name>
		<pose>Unspecified</pose>
		<truncated>1</truncated>
		<difficult>0</difficult>
		<bndbox>
			<xmin>810.8333333333334</xmin>
			<ymin>146.83333333333334</ymin>
			<xmax>932.5</xmax>
			<ymax>247.66666666666669</ymax>
		</bndbox>
	</object>
	<object>
		<name>Drinking</name>
		<pose>Unspecified</pose>
		<truncated>1</truncated>
		<difficult>0</difficult>
		<bndbox>
			<xmin>727.5</xmin>
			<ymin>76.83333333333334</ymin>
			<xmax>815.0</xmax>
			<ymax>247.66666666666669</ymax>
		</bndbox>
	</object>
	<object>
		<name>Others</name>
		<pose>Unspecified</pose>
		<truncated>1</truncated>
		<difficult>0</difficult>
		<bndbox>
			<xmin>607.5</xmin>
			<ymin>56.83333333333334</ymin>
			<xmax>714.1666666666667</xmax>
			<ymax>208.5</ymax>
		</bndbox>
	</object>
	<object>
		<name>Others</name>
		<pose>Unspecified</pose>
		<truncated>1</truncated>
		<difficult>0</difficult>
		<bndbox>
			<xmin>550.0</xmin>
			<ymin>87.66666666666667</ymin>
			<xmax>624.1666666666667</xmax>
			<ymax>193.5</ymax>
		</bndbox>
	</object>
	<object>
		<name>Others</name>
		<pose>Unspecified</pose>
		<truncated>1</truncated>
		<difficult>0</difficult>
		<bndbox>
			<xmin>497.5</xmin>
			<ymin>43.5</ymin>
			<xmax>587.5</xmax>
			<ymax>149.33333333333334</ymax>
		</bndbox>
	</object>
	<object>
		<name>Others</name>
		<pose>Unspecified</pose>
		<truncated>1</truncated>
		<difficult>0</difficult>
		<bndbox>
			<xmin>392.5</xmin>
			<ymin>23.5</ymin>
			<xmax>465.0</xmax>
			<ymax>141.83333333333334</ymax>
		</bndbox>
	</object>
	<object>
		<name>Heat Stress</name>
		<pose>Unspecified</pose>
		<truncated>1</truncated>
		<difficult>0</difficult>
		<bndbox>
			<xmin>245.0</xmin>
			<ymin>13.5</ymin>
			<xmax>370.0</xmax>
			<ymax>76.83333333333334</ymax>
		</bndbox>
	</object>
	<object>
		<name>Others</name>
		<pose>Unspecified</pose>
		<truncated>1</truncated>
		<difficult>0</difficult>
		<bndbox>
			<xmin>169.91869918699186</xmin>
			<ymin>34.22764227642277</ymin>
			<xmax>279.1666666666667</xmax>
			<ymax>111.83333333333334</ymax>
		</bndbox>
	</object>
	<object>
		<name>Heat Stress</name>
		<pose>Unspecified</pose>
		<truncated>1</truncated>
		<difficult>0</difficult>
		<bndbox>
			<xmin>117.5</xmin>
			<ymin>71.0</ymin>
			<xmax>179.16666666666669</xmax>
			<ymax>187.66666666666669</ymax>
		</bndbox>
	</object>
	<object>
		<name>Heat Stress</name>
		<pose>Unspecified</pose>
		<truncated>1</truncated>
		<difficult>0</difficult>
		<bndbox>
			<xmin>123.33333333333334</xmin>
			<ymin>129.33333333333334</ymin>
			<xmax>183.33333333333334</xmax>
			<ymax>219.33333333333334</ymax>
		</bndbox>
	</object>
	<object>
		<name>Others</name>
		<pose>Unspecified</pose>
		<truncated>1</truncated>
		<difficult>0</difficult>
		<bndbox>
			<xmin>99.16666666666667</xmin>
			<ymin>210.16666666666669</ymin>
			<xmax>244.16666666666669</xmax>
			<ymax>301.0</ymax>
		</bndbox>
	</object>
	<object>
		<name>Others</name>
		<pose>Unspecified</pose>
		<truncated>1</truncated>
		<difficult>0</difficult>
		<bndbox>
			<xmin>548.3333333333334</xmin>
			<ymin>642.6666666666667</ymin>
			<xmax>684.0</xmax>
			<ymax>719.0</ymax>
		</bndbox>
	</object>
</annotation>