<annotation>
	<folder>UAV_data</folder>
	<filename>:\ssss\zuizhong\201907250700003230.582.8.jpg</filename>
	<source>
		<database>The UAV autolanding</database>
		<annotation>UAV AutoLanding</annotation>
		<image>flickr</image>
		<flickrid>NULL</flickrid>
	</source>
	<owner>
		<flickrid>NULL</flickrid>
		<name>ChaojieZhu</name>
	</owner>
	<size>
		<width>1280</width>
		<height>720</height>
		<depth>3</depth>
	</size>
		<segmented>0</segmented>
	<object>
		<name>Eating</name>
		<pose>Unspecified</pose>
		<truncated>1</truncated>
		<difficult>0</difficult>
		<bndbox>
			<xmin>833.3333333333334</xmin>
			<ymin>513.5</ymin>
			<xmax>936.6666666666667</xmax>
			<ymax>628.5</ymax>
		</bndbox>
	</object>
	<object>
		<name>Eating</name>
		<pose>Unspecified</pose>
		<truncated>1</truncated>
		<difficult>0</difficult>
		<bndbox>
			<xmin>560.0</xmin>
			<ymin>497.66666666666674</ymin>
			<xmax>761.7886178861788</xmax>
			<ymax>564.4959349593496</ymax>
		</bndbox>
	</object>
	<object>
		<name>Eating</name>
		<pose>Unspecified</pose>
		<truncated>1</truncated>
		<difficult>0</difficult>
		<bndbox>
			<xmin>269.1056910569106</xmin>
			<ymin>579.9430894308944</ymin>
			<xmax>400.0</xmax>
			<ymax>657.6666666666667</ymax>
		</bndbox>
	</object>
	<object>
		<name>Eating</name>
		<pose>Unspecified</pose>
		<truncated>1</truncated>
		<difficult>0</difficult>
		<bndbox>
			<xmin>315.83333333333337</xmin>
			<ymin>345.1666666666667</ymin>
			<xmax>408.9430894308943</xmax>
			<ymax>515.7154471544716</ymax>
		</bndbox>
	</object>
	<object>
		<name>Others</name>
		<pose>Unspecified</pose>
		<truncated>1</truncated>
		<difficult>0</difficult>
		<bndbox>
			<xmin>604.1666666666667</xmin>
			<ymin>392.6666666666667</ymin>
			<xmax>695.0</xmax>
			<ymax>512.6666666666667</ymax>
		</bndbox>
	</object>
	<object>
		<name>Others</name>
		<pose>Unspecified</pose>
		<truncated>1</truncated>
		<difficult>0</difficult>
		<bndbox>
			<xmin>559.1666666666667</xmin>
			<ymin>554.3333333333334</ymin>
			<xmax>713.3333333333334</xmax>
			<ymax>656.8333333333334</ymax>
		</bndbox>
	</object>
	<object>
		<name>Others</name>
		<pose>Unspecified</pose>
		<truncated>1</truncated>
		<difficult>0</difficult>
		<bndbox>
			<xmin>152.5</xmin>
			<ymin>395.1666666666667</ymin>
			<xmax>240.83333333333334</xmax>
			<ymax>473.5</ymax>
		</bndbox>
	</object>
	<object>
		<name>Others</name>
		<pose>Unspecified</pose>
		<truncated>1</truncated>
		<difficult>0</difficult>
		<bndbox>
			<xmin>207.5</xmin>
			<ymin>486.0</ymin>
			<xmax>299.1666666666667</xmax>
			<ymax>566.8333333333334</ymax>
		</bndbox>
	</object>
	<object>
		<name>Others</name>
		<pose>Unspecified</pose>
		<truncated>1</truncated>
		<difficult>0</difficult>
		<bndbox>
			<xmin>125.83333333333334</xmin>
			<ymin>456.0</ymin>
			<xmax>193.33333333333334</xmax>
			<ymax>585.1666666666667</ymax>
		</bndbox>
	</object>
	<object>
		<name>Others</name>
		<pose>Unspecified</pose>
		<truncated>1</truncated>
		<difficult>0</difficult>
		<bndbox>
			<xmin>140.83333333333334</xmin>
			<ymin>580.1666666666667</ymin>
			<xmax>255.83333333333334</xmax>
			<ymax>651.0</ymax>
		</bndbox>
	</object>
	<object>
		<name>Others</name>
		<pose>Unspecified</pose>
		<truncated>1</truncated>
		<difficult>0</difficult>
		<bndbox>
			<xmin>100.83333333333334</xmin>
			<ymin>557.6666666666667</ymin>
			<xmax>194.16666666666669</xmax>
			<ymax>664.3333333333334</ymax>
		</bndbox>
	</object>
	<object>
		<name>Others</name>
		<pose>Unspecified</pose>
		<truncated>1</truncated>
		<difficult>0</difficult>
		<bndbox>
			<xmin>715.060975609756</xmin>
			<ymin>285.1666666666667</ymin>
			<xmax>829.2276422764228</xmax>
			<ymax>410.1666666666667</ymax>
		</bndbox>
	</object>
	<object>
		<name>Heat Stress</name>
		<pose>Unspecified</pose>
		<truncated>1</truncated>
		<difficult>0</difficult>
		<bndbox>
			<xmin>777.5</xmin>
			<ymin>162.66666666666669</ymin>
			<xmax>864.1666666666667</xmax>
			<ymax>299.33333333333337</ymax>
		</bndbox>
	</object>
	<object>
		<name>Drinking</name>
		<pose>Unspecified</pose>
		<truncated>1</truncated>
		<difficult>0</difficult>
		<bndbox>
			<xmin>690.8333333333334</xmin>
			<ymin>76.0</ymin>
			<xmax>791.869918699187</xmax>
			<ymax>231.16260162601628</ymax>
		</bndbox>
	</object>
	<object>
		<name>Others</name>
		<pose>Unspecified</pose>
		<truncated>1</truncated>
		<difficult>0</difficult>
		<bndbox>
			<xmin>680.8333333333334</xmin>
			<ymin>8.5</ymin>
			<xmax>788.6178861788618</xmax>
			<ymax>84.82113821138212</ymax>
		</bndbox>
	</object>
	<object>
		<name>Others</name>
		<pose>Unspecified</pose>
		<truncated>1</truncated>
		<difficult>0</difficult>
		<bndbox>
			<xmin>224.16666666666669</xmin>
			<ymin>233.5</ymin>
			<xmax>317.5</xmax>
			<ymax>376.0</ymax>
		</bndbox>
	</object>
	<object>
		<name>Others</name>
		<pose>Unspecified</pose>
		<truncated>1</truncated>
		<difficult>0</difficult>
		<bndbox>
			<xmin>120.83333333333334</xmin>
			<ymin>220.16666666666669</ymin>
			<xmax>239.16666666666669</xmax>
			<ymax>289.33333333333337</ymax>
		</bndbox>
	</object>
	<object>
		<name>Others</name>
		<pose>Unspecified</pose>
		<truncated>1</truncated>
		<difficult>0</difficult>
		<bndbox>
			<xmin>535.0</xmin>
			<ymin>103.5</ymin>
			<xmax>677.5</xmax>
			<ymax>177.66666666666669</ymax>
		</bndbox>
	</object>
	<object>
		<name>Others</name>
		<pose>Unspecified</pose>
		<truncated>1</truncated>
		<difficult>0</difficult>
		<bndbox>
			<xmin>591.6666666666667</xmin>
			<ymin>142.66666666666669</ymin>
			<xmax>679.1666666666667</xmax>
			<ymax>291.0</ymax>
		</bndbox>
	</object>
	<object>
		<name>Others</name>
		<pose>Unspecified</pose>
		<truncated>1</truncated>
		<difficult>0</difficult>
		<bndbox>
			<xmin>520.0</xmin>
			<ymin>185.16666666666669</ymin>
			<xmax>602.5</xmax>
			<ymax>329.33333333333337</ymax>
		</bndbox>
	</object>
	<object>
		<name>Drinking</name>
		<pose>Unspecified</pose>
		<truncated>1</truncated>
		<difficult>0</difficult>
		<bndbox>
			<xmin>470.0</xmin>
			<ymin>72.70731707317074</ymin>
			<xmax>549.1666666666667</xmax>
			<ymax>241.8739837398374</ymax>
		</bndbox>
	</object>
	<object>
		<name>Drinking</name>
		<pose>Unspecified</pose>
		<truncated>1</truncated>
		<difficult>0</difficult>
		<bndbox>
			<xmin>404.1666666666667</xmin>
			<ymin>71.83333333333334</ymin>
			<xmax>480.0</xmax>
			<ymax>220.16666666666669</ymax>
		</bndbox>
	</object>
	<object>
		<name>Heat Stress</name>
		<pose>Unspecified</pose>
		<truncated>1</truncated>
		<difficult>0</difficult>
		<bndbox>
			<xmin>344.1463414634147</xmin>
			<ymin>50.87804878048783</ymin>
			<xmax>432.520325203252</xmax>
			<ymax>220.59349593495935</ymax>
		</bndbox>
	</object>
	<object>
		<name>Drinking</name>
		<pose>Unspecified</pose>
		<truncated>1</truncated>
		<difficult>0</difficult>
		<bndbox>
			<xmin>374.7967479674797</xmin>
			<ymin>7.585365853658537</ymin>
			<xmax>510.0</xmax>
			<ymax>62.66666666666667</ymax>
		</bndbox>
	</object>
	<object>
		<name>Others</name>
		<pose>Unspecified</pose>
		<truncated>1</truncated>
		<difficult>0</difficult>
		<bndbox>
			<xmin>268.33333333333337</xmin>
			<ymin>51.0</ymin>
			<xmax>384.1666666666667</xmax>
			<ymax>118.5</ymax>
		</bndbox>
	</object>
	<object>
		<name>Others</name>
		<pose>Unspecified</pose>
		<truncated>1</truncated>
		<difficult>0</difficult>
		<bndbox>
			<xmin>230.83333333333334</xmin>
			<ymin>4.333333333333336</ymin>
			<xmax>293.33333333333337</xmax>
			<ymax>105.16666666666667</ymax>
		</bndbox>
	</object>
	<object>
		<name>Others</name>
		<pose>Unspecified</pose>
		<truncated>1</truncated>
		<difficult>0</difficult>
		<bndbox>
			<xmin>223.33333333333334</xmin>
			<ymin>128.5</ymin>
			<xmax>328.33333333333337</xmax>
			<ymax>232.66666666666669</ymax>
		</bndbox>
	</object>
	<object>
		<name>Others</name>
		<pose>Unspecified</pose>
		<truncated>1</truncated>
		<difficult>0</difficult>
		<bndbox>
			<xmin>137.5</xmin>
			<ymin>150.16666666666669</ymin>
			<xmax>225.0</xmax>
			<ymax>222.66666666666669</ymax>
		</bndbox>
	</object>
	<object>
		<name>Heat Stress</name>
		<pose>Unspecified</pose>
		<truncated>1</truncated>
		<difficult>0</difficult>
		<bndbox>
			<xmin>204.16666666666669</xmin>
			<ymin>44.333333333333336</ymin>
			<xmax>256.6666666666667</xmax>
			<ymax>159.33333333333334</ymax>
		</bndbox>
	</object>
	<object>
		<name>Others</name>
		<pose>Unspecified</pose>
		<truncated>1</truncated>
		<difficult>0</difficult>
		<bndbox>
			<xmin>136.66666666666669</xmin>
			<ymin>22.66666666666667</ymin>
			<xmax>220.83333333333334</xmax>
			<ymax>86.0</ymax>
		</bndbox>
	</object>
	<object>
		<name>Heat Stress</name>
		<pose>Unspecified</pose>
		<truncated>1</truncated>
		<difficult>0</difficult>
		<bndbox>
			<xmin>123.33333333333334</xmin>
			<ymin>86.83333333333334</ymin>
			<xmax>178.33333333333334</xmax>
			<ymax>150.16666666666669</ymax>
		</bndbox>
	</object>
</annotation>