<annotation>
	<folder>UAV_data</folder>
	<filename>:\ssss\zuizhong\201907250700010930.682.8.jpg</filename>
	<source>
		<database>The UAV autolanding</database>
		<annotation>UAV AutoLanding</annotation>
		<image>flickr</image>
		<flickrid>NULL</flickrid>
	</source>
	<owner>
		<flickrid>NULL</flickrid>
		<name>ChaojieZhu</name>
	</owner>
	<size>
		<width>1280</width>
		<height>720</height>
		<depth>3</depth>
	</size>
		<segmented>0</segmented>
	<object>
		<name>Others</name>
		<pose>Unspecified</pose>
		<truncated>1</truncated>
		<difficult>0</difficult>
		<bndbox>
			<xmin>845.020325203252</xmin>
			<ymin>525.1666666666667</ymin>
			<xmax>920.020325203252</xmax>
			<ymax>631.0</ymax>
		</bndbox>
	</object>
	<object>
		<name>Eating</name>
		<pose>Unspecified</pose>
		<truncated>1</truncated>
		<difficult>0</difficult>
		<bndbox>
			<xmin>655.0</xmin>
			<ymin>393.5</ymin>
			<xmax>739.1666666666667</xmax>
			<ymax>546.8333333333334</ymax>
		</bndbox>
	</object>
	<object>
		<name>Eating</name>
		<pose>Unspecified</pose>
		<truncated>1</truncated>
		<difficult>0</difficult>
		<bndbox>
			<xmin>254.16666666666669</xmin>
			<ymin>454.33333333333337</ymin>
			<xmax>350.4065040650407</xmax>
			<ymax>596.2032520325204</ymax>
		</bndbox>
	</object>
	<object>
		<name>Others</name>
		<pose>Unspecified</pose>
		<truncated>1</truncated>
		<difficult>0</difficult>
		<bndbox>
			<xmin>301.6666666666667</xmin>
			<ymin>368.5</ymin>
			<xmax>453.33333333333337</xmax>
			<ymax>453.5</ymax>
		</bndbox>
	</object>
	<object>
		<name>Others</name>
		<pose>Unspecified</pose>
		<truncated>1</truncated>
		<difficult>0</difficult>
		<bndbox>
			<xmin>436.6666666666667</xmin>
			<ymin>617.6666666666667</ymin>
			<xmax>585.0</xmax>
			<ymax>712.6666666666667</ymax>
		</bndbox>
	</object>
	<object>
		<name>Others</name>
		<pose>Unspecified</pose>
		<truncated>1</truncated>
		<difficult>0</difficult>
		<bndbox>
			<xmin>475.0</xmin>
			<ymin>269.33333333333337</ymin>
			<xmax>560.0</xmax>
			<ymax>427.6666666666667</ymax>
		</bndbox>
	</object>
	<object>
		<name>Heat Stress</name>
		<pose>Unspecified</pose>
		<truncated>1</truncated>
		<difficult>0</difficult>
		<bndbox>
			<xmin>540.650406504065</xmin>
			<ymin>239.2926829268293</ymin>
			<xmax>643.4349593495934</xmax>
			<ymax>395.1260162601626</ymax>
		</bndbox>
	</object>
	<object>
		<name>Heat Stress</name>
		<pose>Unspecified</pose>
		<truncated>1</truncated>
		<difficult>0</difficult>
		<bndbox>
			<xmin>717.3983739837398</xmin>
			<ymin>284.2926829268293</ymin>
			<xmax>812.1951219512196</xmax>
			<ymax>418.1544715447155</ymax>
		</bndbox>
	</object>
	<object>
		<name>Others</name>
		<pose>Unspecified</pose>
		<truncated>1</truncated>
		<difficult>0</difficult>
		<bndbox>
			<xmin>595.7926829268293</xmin>
			<ymin>369.33333333333337</ymin>
			<xmax>678.8617886178862</xmax>
			<ymax>505.1463414634146</ymax>
		</bndbox>
	</object>
	<object>
		<name>Heat Stress</name>
		<pose>Unspecified</pose>
		<truncated>1</truncated>
		<difficult>0</difficult>
		<bndbox>
			<xmin>791.6056910569107</xmin>
			<ymin>135.89837398373987</ymin>
			<xmax>950.4065040650406</xmax>
			<ymax>224.65853658536585</ymax>
		</bndbox>
	</object>
	<object>
		<name>Others</name>
		<pose>Unspecified</pose>
		<truncated>1</truncated>
		<difficult>0</difficult>
		<bndbox>
			<xmin>112.5</xmin>
			<ymin>351.83333333333337</ymin>
			<xmax>218.33333333333334</xmax>
			<ymax>448.5</ymax>
		</bndbox>
	</object>
	<object>
		<name>Others</name>
		<pose>Unspecified</pose>
		<truncated>1</truncated>
		<difficult>0</difficult>
		<bndbox>
			<xmin>118.33333333333334</xmin>
			<ymin>455.1666666666667</ymin>
			<xmax>194.16666666666669</xmax>
			<ymax>588.5</ymax>
		</bndbox>
	</object>
	<object>
		<name>Others</name>
		<pose>Unspecified</pose>
		<truncated>1</truncated>
		<difficult>0</difficult>
		<bndbox>
			<xmin>223.33333333333334</xmin>
			<ymin>494.33333333333337</ymin>
			<xmax>292.5</xmax>
			<ymax>637.6666666666667</ymax>
		</bndbox>
	</object>
	<object>
		<name>Others</name>
		<pose>Unspecified</pose>
		<truncated>1</truncated>
		<difficult>0</difficult>
		<bndbox>
			<xmin>114.16666666666667</xmin>
			<ymin>541.0</ymin>
			<xmax>175.83333333333334</xmax>
			<ymax>652.6666666666667</ymax>
		</bndbox>
	</object>
	<object>
		<name>Others</name>
		<pose>Unspecified</pose>
		<truncated>1</truncated>
		<difficult>0</difficult>
		<bndbox>
			<xmin>135.83333333333334</xmin>
			<ymin>571.8333333333334</ymin>
			<xmax>259.1666666666667</xmax>
			<ymax>666.0</ymax>
		</bndbox>
	</object>
	<object>
		<name>Others</name>
		<pose>Unspecified</pose>
		<truncated>1</truncated>
		<difficult>0</difficult>
		<bndbox>
			<xmin>687.520325203252</xmin>
			<ymin>105.0650406504065</ymin>
			<xmax>768.3536585365854</xmax>
			<ymax>181.7317073170732</ymax>
		</bndbox>
	</object>
	<object>
		<name>Drinking</name>
		<pose>Unspecified</pose>
		<truncated>1</truncated>
		<difficult>0</difficult>
		<bndbox>
			<xmin>437.5</xmin>
			<ymin>70.16666666666667</ymin>
			<xmax>515.8333333333334</xmax>
			<ymax>251.0</ymax>
		</bndbox>
	</object>
	<object>
		<name>Drinking</name>
		<pose>Unspecified</pose>
		<truncated>1</truncated>
		<difficult>0</difficult>
		<bndbox>
			<xmin>497.5609756097561</xmin>
			<ymin>78.3170731707317</ymin>
			<xmax>595.1219512195122</xmax>
			<ymax>229.53658536585368</ymax>
		</bndbox>
	</object>
	<object>
		<name>Others</name>
		<pose>Unspecified</pose>
		<truncated>1</truncated>
		<difficult>0</difficult>
		<bndbox>
			<xmin>569.1666666666667</xmin>
			<ymin>76.83333333333334</ymin>
			<xmax>675.8333333333334</xmax>
			<ymax>188.5</ymax>
		</bndbox>
	</object>
	<object>
		<name>Others</name>
		<pose>Unspecified</pose>
		<truncated>1</truncated>
		<difficult>0</difficult>
		<bndbox>
			<xmin>593.9837398373985</xmin>
			<ymin>140.59349593495938</ymin>
			<xmax>682.1138211382114</xmax>
			<ymax>275.0650406504065</ymax>
		</bndbox>
	</object>
	<object>
		<name>Drinking</name>
		<pose>Unspecified</pose>
		<truncated>1</truncated>
		<difficult>0</difficult>
		<bndbox>
			<xmin>357.5</xmin>
			<ymin>21.833333333333336</ymin>
			<xmax>445.0</xmax>
			<ymax>146.83333333333334</ymax>
		</bndbox>
	</object>
	<object>
		<name>Others</name>
		<pose>Unspecified</pose>
		<truncated>1</truncated>
		<difficult>0</difficult>
		<bndbox>
			<xmin>311.6666666666667</xmin>
			<ymin>30.16666666666667</ymin>
			<xmax>464.1666666666667</xmax>
			<ymax>115.16666666666669</ymax>
		</bndbox>
	</object>
	<object>
		<name>Others</name>
		<pose>Unspecified</pose>
		<truncated>1</truncated>
		<difficult>0</difficult>
		<bndbox>
			<xmin>660.8333333333334</xmin>
			<ymin>23.5</ymin>
			<xmax>773.170731707317</xmax>
			<ymax>112.46341463414635</ymax>
		</bndbox>
	</object>
	<object>
		<name>Others</name>
		<pose>Unspecified</pose>
		<truncated>1</truncated>
		<difficult>0</difficult>
		<bndbox>
			<xmin>135.83333333333334</xmin>
			<ymin>12.666666666666668</ymin>
			<xmax>275.0</xmax>
			<ymax>79.33333333333334</ymax>
		</bndbox>
	</object>
	<object>
		<name>Others</name>
		<pose>Unspecified</pose>
		<truncated>1</truncated>
		<difficult>0</difficult>
		<bndbox>
			<xmin>228.33333333333334</xmin>
			<ymin>133.5</ymin>
			<xmax>376.6666666666667</xmax>
			<ymax>224.33333333333334</ymax>
		</bndbox>
	</object>
	<object>
		<name>Others</name>
		<pose>Unspecified</pose>
		<truncated>1</truncated>
		<difficult>0</difficult>
		<bndbox>
			<xmin>120.0</xmin>
			<ymin>220.16666666666669</ymin>
			<xmax>245.0</xmax>
			<ymax>278.5</ymax>
		</bndbox>
	</object>
	<object>
		<name>Others</name>
		<pose>Unspecified</pose>
		<truncated>1</truncated>
		<difficult>0</difficult>
		<bndbox>
			<xmin>220.0</xmin>
			<ymin>36.0</ymin>
			<xmax>295.83333333333337</xmax>
			<ymax>186.83333333333334</ymax>
		</bndbox>
	</object>
	<object>
		<name>Others</name>
		<pose>Unspecified</pose>
		<truncated>1</truncated>
		<difficult>0</difficult>
		<bndbox>
			<xmin>141.66666666666669</xmin>
			<ymin>78.5</ymin>
			<xmax>229.16666666666669</xmax>
			<ymax>154.33333333333334</ymax>
		</bndbox>
	</object>
	<object>
		<name>Others</name>
		<pose>Unspecified</pose>
		<truncated>1</truncated>
		<difficult>0</difficult>
		<bndbox>
			<xmin>131.66666666666669</xmin>
			<ymin>147.66666666666669</ymin>
			<xmax>230.0</xmax>
			<ymax>216.83333333333334</ymax>
		</bndbox>
	</object>
</annotation>