<annotation>
	<folder>UAV_data</folder>
	<filename>:\ssss\zuizhong\201907250700004230.582.8.jpg</filename>
	<source>
		<database>The UAV autolanding</database>
		<annotation>UAV AutoLanding</annotation>
		<image>flickr</image>
		<flickrid>NULL</flickrid>
	</source>
	<owner>
		<flickrid>NULL</flickrid>
		<name>ChaojieZhu</name>
	</owner>
	<size>
		<width>1280</width>
		<height>720</height>
		<depth>3</depth>
	</size>
		<segmented>0</segmented>
	<object>
		<name>Eating</name>
		<pose>Unspecified</pose>
		<truncated>1</truncated>
		<difficult>0</difficult>
		<bndbox>
			<xmin>832.5</xmin>
			<ymin>517.6666666666667</ymin>
			<xmax>932.5</xmax>
			<ymax>625.1666666666667</ymax>
		</bndbox>
	</object>
	<object>
		<name>Eating</name>
		<pose>Unspecified</pose>
		<truncated>1</truncated>
		<difficult>0</difficult>
		<bndbox>
			<xmin>562.5</xmin>
			<ymin>489.33333333333337</ymin>
			<xmax>755.8333333333334</xmax>
			<ymax>566.0</ymax>
		</bndbox>
	</object>
	<object>
		<name>Eating</name>
		<pose>Unspecified</pose>
		<truncated>1</truncated>
		<difficult>0</difficult>
		<bndbox>
			<xmin>267.5</xmin>
			<ymin>579.3333333333334</ymin>
			<xmax>401.6666666666667</xmax>
			<ymax>656.0</ymax>
		</bndbox>
	</object>
	<object>
		<name>Others</name>
		<pose>Unspecified</pose>
		<truncated>1</truncated>
		<difficult>0</difficult>
		<bndbox>
			<xmin>581.6666666666667</xmin>
			<ymin>376.83333333333337</ymin>
			<xmax>690.0</xmax>
			<ymax>521.8333333333334</ymax>
		</bndbox>
	</object>
	<object>
		<name>Others</name>
		<pose>Unspecified</pose>
		<truncated>1</truncated>
		<difficult>0</difficult>
		<bndbox>
			<xmin>552.5</xmin>
			<ymin>556.0</ymin>
			<xmax>711.6666666666667</xmax>
			<ymax>666.0</ymax>
		</bndbox>
	</object>
	<object>
		<name>Heat Stress</name>
		<pose>Unspecified</pose>
		<truncated>1</truncated>
		<difficult>0</difficult>
		<bndbox>
			<xmin>315.83333333333337</xmin>
			<ymin>344.33333333333337</ymin>
			<xmax>432.5</xmax>
			<ymax>450.1666666666667</ymax>
		</bndbox>
	</object>
	<object>
		<name>Others</name>
		<pose>Unspecified</pose>
		<truncated>1</truncated>
		<difficult>0</difficult>
		<bndbox>
			<xmin>707.5</xmin>
			<ymin>282.6666666666667</ymin>
			<xmax>849.1666666666667</xmax>
			<ymax>407.6666666666667</ymax>
		</bndbox>
	</object>
	<object>
		<name>Others</name>
		<pose>Unspecified</pose>
		<truncated>1</truncated>
		<difficult>0</difficult>
		<bndbox>
			<xmin>225.83333333333334</xmin>
			<ymin>491.0</ymin>
			<xmax>310.0</xmax>
			<ymax>612.6666666666667</ymax>
		</bndbox>
	</object>
	<object>
		<name>Others</name>
		<pose>Unspecified</pose>
		<truncated>1</truncated>
		<difficult>0</difficult>
		<bndbox>
			<xmin>157.5</xmin>
			<ymin>395.1666666666667</ymin>
			<xmax>242.5</xmax>
			<ymax>476.0</ymax>
		</bndbox>
	</object>
	<object>
		<name>Others</name>
		<pose>Unspecified</pose>
		<truncated>1</truncated>
		<difficult>0</difficult>
		<bndbox>
			<xmin>118.33333333333334</xmin>
			<ymin>456.0</ymin>
			<xmax>190.83333333333334</xmax>
			<ymax>586.8333333333334</ymax>
		</bndbox>
	</object>
	<object>
		<name>Others</name>
		<pose>Unspecified</pose>
		<truncated>1</truncated>
		<difficult>0</difficult>
		<bndbox>
			<xmin>139.16666666666669</xmin>
			<ymin>578.5</ymin>
			<xmax>259.1666666666667</xmax>
			<ymax>653.5</ymax>
		</bndbox>
	</object>
	<object>
		<name>Others</name>
		<pose>Unspecified</pose>
		<truncated>1</truncated>
		<difficult>0</difficult>
		<bndbox>
			<xmin>105.0</xmin>
			<ymin>560.1666666666667</ymin>
			<xmax>196.66666666666669</xmax>
			<ymax>658.5</ymax>
		</bndbox>
	</object>
	<object>
		<name>Heat Stress</name>
		<pose>Unspecified</pose>
		<truncated>1</truncated>
		<difficult>0</difficult>
		<bndbox>
			<xmin>783.3333333333334</xmin>
			<ymin>160.16666666666669</ymin>
			<xmax>865.0</xmax>
			<ymax>290.1666666666667</ymax>
		</bndbox>
	</object>
	<object>
		<name>Others</name>
		<pose>Unspecified</pose>
		<truncated>1</truncated>
		<difficult>0</difficult>
		<bndbox>
			<xmin>683.3333333333334</xmin>
			<ymin>96.83333333333334</ymin>
			<xmax>825.0</xmax>
			<ymax>211.0</ymax>
		</bndbox>
	</object>
	<object>
		<name>Others</name>
		<pose>Unspecified</pose>
		<truncated>1</truncated>
		<difficult>0</difficult>
		<bndbox>
			<xmin>600.8333333333334</xmin>
			<ymin>136.83333333333334</ymin>
			<xmax>680.0</xmax>
			<ymax>300.1666666666667</ymax>
		</bndbox>
	</object>
	<object>
		<name>Others</name>
		<pose>Unspecified</pose>
		<truncated>1</truncated>
		<difficult>0</difficult>
		<bndbox>
			<xmin>520.8333333333334</xmin>
			<ymin>181.83333333333334</ymin>
			<xmax>605.0</xmax>
			<ymax>336.0</ymax>
		</bndbox>
	</object>
	<object>
		<name>Others</name>
		<pose>Unspecified</pose>
		<truncated>1</truncated>
		<difficult>0</difficult>
		<bndbox>
			<xmin>679.1666666666667</xmin>
			<ymin>8.5</ymin>
			<xmax>787.8048780487806</xmax>
			<ymax>76.6910569105691</ymax>
		</bndbox>
	</object>
	<object>
		<name>Others</name>
		<pose>Unspecified</pose>
		<truncated>1</truncated>
		<difficult>0</difficult>
		<bndbox>
			<xmin>555.8333333333334</xmin>
			<ymin>95.16666666666667</ymin>
			<xmax>709.1666666666667</xmax>
			<ymax>166.83333333333334</ymax>
		</bndbox>
	</object>
	<object>
		<name>Drinking</name>
		<pose>Unspecified</pose>
		<truncated>1</truncated>
		<difficult>0</difficult>
		<bndbox>
			<xmin>475.83333333333337</xmin>
			<ymin>74.33333333333334</ymin>
			<xmax>594.1666666666667</xmax>
			<ymax>225.16666666666669</ymax>
		</bndbox>
	</object>
	<object>
		<name>Drinking</name>
		<pose>Unspecified</pose>
		<truncated>1</truncated>
		<difficult>0</difficult>
		<bndbox>
			<xmin>357.5</xmin>
			<ymin>11.0</ymin>
			<xmax>512.5</xmax>
			<ymax>60.16666666666667</ymax>
		</bndbox>
	</object>
	<object>
		<name>Drinking</name>
		<pose>Unspecified</pose>
		<truncated>1</truncated>
		<difficult>0</difficult>
		<bndbox>
			<xmin>419.959349593496</xmin>
			<ymin>67.64634146341467</ymin>
			<xmax>489.1260162601626</xmax>
			<ymax>221.81300813008133</ymax>
		</bndbox>
	</object>
	<object>
		<name>Heat Stress</name>
		<pose>Unspecified</pose>
		<truncated>1</truncated>
		<difficult>0</difficult>
		<bndbox>
			<xmin>341.5447154471545</xmin>
			<ymin>76.02032520325204</ymin>
			<xmax>426.0162601626016</xmax>
			<ymax>219.78048780487805</ymax>
		</bndbox>
	</object>
	<object>
		<name>Others</name>
		<pose>Unspecified</pose>
		<truncated>1</truncated>
		<difficult>0</difficult>
		<bndbox>
			<xmin>137.5</xmin>
			<ymin>21.0</ymin>
			<xmax>220.0</xmax>
			<ymax>105.16666666666667</ymax>
		</bndbox>
	</object>
	<object>
		<name>Others</name>
		<pose>Unspecified</pose>
		<truncated>1</truncated>
		<difficult>0</difficult>
		<bndbox>
			<xmin>276.6666666666667</xmin>
			<ymin>58.5</ymin>
			<xmax>400.83333333333337</xmax>
			<ymax>115.16666666666669</ymax>
		</bndbox>
	</object>
	<object>
		<name>Others</name>
		<pose>Unspecified</pose>
		<truncated>1</truncated>
		<difficult>0</difficult>
		<bndbox>
			<xmin>199.16666666666669</xmin>
			<ymin>13.5</ymin>
			<xmax>265.0</xmax>
			<ymax>134.33333333333334</ymax>
		</bndbox>
	</object>
	<object>
		<name>Others</name>
		<pose>Unspecified</pose>
		<truncated>1</truncated>
		<difficult>0</difficult>
		<bndbox>
			<xmin>220.0</xmin>
			<ymin>35.16666666666667</ymin>
			<xmax>298.33333333333337</xmax>
			<ymax>144.33333333333334</ymax>
		</bndbox>
	</object>
	<object>
		<name>Others</name>
		<pose>Unspecified</pose>
		<truncated>1</truncated>
		<difficult>0</difficult>
		<bndbox>
			<xmin>109.16666666666667</xmin>
			<ymin>222.66666666666669</ymin>
			<xmax>245.0</xmax>
			<ymax>286.0</ymax>
		</bndbox>
	</object>
	<object>
		<name>Others</name>
		<pose>Unspecified</pose>
		<truncated>1</truncated>
		<difficult>0</difficult>
		<bndbox>
			<xmin>155.83333333333334</xmin>
			<ymin>243.5</ymin>
			<xmax>257.5</xmax>
			<ymax>374.33333333333337</ymax>
		</bndbox>
	</object>
	<object>
		<name>Others</name>
		<pose>Unspecified</pose>
		<truncated>1</truncated>
		<difficult>0</difficult>
		<bndbox>
			<xmin>211.66666666666669</xmin>
			<ymin>116.83333333333334</ymin>
			<xmax>320.83333333333337</xmax>
			<ymax>246.0</ymax>
		</bndbox>
	</object>
	<object>
		<name>Others</name>
		<pose>Unspecified</pose>
		<truncated>1</truncated>
		<difficult>0</difficult>
		<bndbox>
			<xmin>104.0650406504065</xmin>
			<ymin>145.7967479674797</ymin>
			<xmax>223.57723577235774</xmax>
			<ymax>227.91056910569108</ymax>
		</bndbox>
	</object>
</annotation>