<annotation>
	<folder>UAV_data</folder>
	<filename>:\ssss\zuizhong\201907261520011031.175.7.jpg</filename>
	<source>
		<database>The UAV autolanding</database>
		<annotation>UAV AutoLanding</annotation>
		<image>flickr</image>
		<flickrid>NULL</flickrid>
	</source>
	<owner>
		<flickrid>NULL</flickrid>
		<name>ChaojieZhu</name>
	</owner>
	<size>
		<width>1280</width>
		<height>720</height>
		<depth>3</depth>
	</size>
		<segmented>0</segmented>
	<object>
		<name>Heat Stress</name>
		<pose>Unspecified</pose>
		<truncated>1</truncated>
		<difficult>0</difficult>
		<bndbox>
			<xmin>842.5</xmin>
			<ymin>552.6666666666667</ymin>
			<xmax>910.0</xmax>
			<ymax>671.0</ymax>
		</bndbox>
	</object>
	<object>
		<name>Others</name>
		<pose>Unspecified</pose>
		<truncated>1</truncated>
		<difficult>0</difficult>
		<bndbox>
			<xmin>660.1219512195122</xmin>
			<ymin>401.83333333333326</ymin>
			<xmax>780.4878048780488</xmax>
			<ymax>543.2357723577236</ymax>
		</bndbox>
	</object>
	<object>
		<name>Others</name>
		<pose>Unspecified</pose>
		<truncated>1</truncated>
		<difficult>0</difficult>
		<bndbox>
			<xmin>749.1666666666667</xmin>
			<ymin>355.1666666666667</ymin>
			<xmax>870.8333333333334</xmax>
			<ymax>483.5</ymax>
		</bndbox>
	</object>
	<object>
		<name>Heat Stress</name>
		<pose>Unspecified</pose>
		<truncated>1</truncated>
		<difficult>0</difficult>
		<bndbox>
			<xmin>840.0</xmin>
			<ymin>311.0</ymin>
			<xmax>915.8333333333334</xmax>
			<ymax>455.1666666666667</ymax>
		</bndbox>
	</object>
	<object>
		<name>Heat Stress</name>
		<pose>Unspecified</pose>
		<truncated>1</truncated>
		<difficult>0</difficult>
		<bndbox>
			<xmin>677.5</xmin>
			<ymin>252.66666666666669</ymin>
			<xmax>836.6666666666667</xmax>
			<ymax>345.1666666666667</ymax>
		</bndbox>
	</object>
	<object>
		<name>Others</name>
		<pose>Unspecified</pose>
		<truncated>1</truncated>
		<difficult>0</difficult>
		<bndbox>
			<xmin>616.6666666666667</xmin>
			<ymin>266.83333333333337</ymin>
			<xmax>695.0</xmax>
			<ymax>404.33333333333337</ymax>
		</bndbox>
	</object>
	<object>
		<name>Heat Stress</name>
		<pose>Unspecified</pose>
		<truncated>1</truncated>
		<difficult>0</difficult>
		<bndbox>
			<xmin>510.0</xmin>
			<ymin>256.83333333333337</ymin>
			<xmax>631.6666666666667</xmax>
			<ymax>343.5</ymax>
		</bndbox>
	</object>
	<object>
		<name>Heat Stress</name>
		<pose>Unspecified</pose>
		<truncated>1</truncated>
		<difficult>0</difficult>
		<bndbox>
			<xmin>347.5</xmin>
			<ymin>330.1666666666667</ymin>
			<xmax>503.33333333333337</xmax>
			<ymax>407.6666666666667</ymax>
		</bndbox>
	</object>
	<object>
		<name>Others</name>
		<pose>Unspecified</pose>
		<truncated>1</truncated>
		<difficult>0</difficult>
		<bndbox>
			<xmin>283.33333333333337</xmin>
			<ymin>373.5</ymin>
			<xmax>429.2682926829268</xmax>
			<ymax>482.260162601626</ymax>
		</bndbox>
	</object>
	<object>
		<name>Others</name>
		<pose>Unspecified</pose>
		<truncated>1</truncated>
		<difficult>0</difficult>
		<bndbox>
			<xmin>273.33333333333337</xmin>
			<ymin>561.8333333333334</ymin>
			<xmax>400.0</xmax>
			<ymax>689.3333333333334</ymax>
		</bndbox>
	</object>
	<object>
		<name>Others</name>
		<pose>Unspecified</pose>
		<truncated>1</truncated>
		<difficult>0</difficult>
		<bndbox>
			<xmin>124.16666666666667</xmin>
			<ymin>541.8333333333334</ymin>
			<xmax>193.33333333333334</xmax>
			<ymax>673.5</ymax>
		</bndbox>
	</object>
	<object>
		<name>Others</name>
		<pose>Unspecified</pose>
		<truncated>1</truncated>
		<difficult>0</difficult>
		<bndbox>
			<xmin>116.66666666666667</xmin>
			<ymin>369.33333333333337</ymin>
			<xmax>180.83333333333334</xmax>
			<ymax>503.5</ymax>
		</bndbox>
	</object>
	<object>
		<name>Others</name>
		<pose>Unspecified</pose>
		<truncated>1</truncated>
		<difficult>0</difficult>
		<bndbox>
			<xmin>335.0</xmin>
			<ymin>237.66666666666669</ymin>
			<xmax>495.0</xmax>
			<ymax>336.83333333333337</ymax>
		</bndbox>
	</object>
	<object>
		<name>Others</name>
		<pose>Unspecified</pose>
		<truncated>1</truncated>
		<difficult>0</difficult>
		<bndbox>
			<xmin>286.6666666666667</xmin>
			<ymin>226.83333333333334</ymin>
			<xmax>380.0</xmax>
			<ymax>352.6666666666667</ymax>
		</bndbox>
	</object>
	<object>
		<name>Heat Stress</name>
		<pose>Unspecified</pose>
		<truncated>1</truncated>
		<difficult>0</difficult>
		<bndbox>
			<xmin>413.33333333333337</xmin>
			<ymin>175.16666666666669</ymin>
			<xmax>526.6666666666667</xmax>
			<ymax>308.5</ymax>
		</bndbox>
	</object>
	<object>
		<name>Others</name>
		<pose>Unspecified</pose>
		<truncated>1</truncated>
		<difficult>0</difficult>
		<bndbox>
			<xmin>544.1666666666667</xmin>
			<ymin>92.66666666666667</ymin>
			<xmax>619.1666666666667</xmax>
			<ymax>269.33333333333337</ymax>
		</bndbox>
	</object>
	<object>
		<name>Heat Stress</name>
		<pose>Unspecified</pose>
		<truncated>1</truncated>
		<difficult>0</difficult>
		<bndbox>
			<xmin>614.1666666666667</xmin>
			<ymin>91.83333333333334</ymin>
			<xmax>735.8333333333334</xmax>
			<ymax>241.83333333333337</ymax>
		</bndbox>
	</object>
	<object>
		<name>Drinking</name>
		<pose>Unspecified</pose>
		<truncated>1</truncated>
		<difficult>0</difficult>
		<bndbox>
			<xmin>730.8333333333334</xmin>
			<ymin>86.83333333333334</ymin>
			<xmax>824.1666666666667</xmax>
			<ymax>269.33333333333337</ymax>
		</bndbox>
	</object>
	<object>
		<name>Others</name>
		<pose>Unspecified</pose>
		<truncated>1</truncated>
		<difficult>0</difficult>
		<bndbox>
			<xmin>845.8333333333334</xmin>
			<ymin>115.16666666666669</ymin>
			<xmax>955.0</xmax>
			<ymax>245.16666666666669</ymax>
		</bndbox>
	</object>
	<object>
		<name>Others</name>
		<pose>Unspecified</pose>
		<truncated>1</truncated>
		<difficult>0</difficult>
		<bndbox>
			<xmin>855.0</xmin>
			<ymin>0.16666666666666785</ymin>
			<xmax>933.3333333333334</xmax>
			<ymax>146.83333333333334</ymax>
		</bndbox>
	</object>
	<object>
		<name>Others</name>
		<pose>Unspecified</pose>
		<truncated>1</truncated>
		<difficult>0</difficult>
		<bndbox>
			<xmin>699.1869918699188</xmin>
			<ymin>22.91056910569106</ymin>
			<xmax>824.1666666666667</xmax>
			<ymax>86.0</ymax>
		</bndbox>
	</object>
	<object>
		<name>Drinking</name>
		<pose>Unspecified</pose>
		<truncated>1</truncated>
		<difficult>0</difficult>
		<bndbox>
			<xmin>372.5</xmin>
			<ymin>13.5</ymin>
			<xmax>524.1666666666667</xmax>
			<ymax>78.5</ymax>
		</bndbox>
	</object>
	<object>
		<name>Others</name>
		<pose>Unspecified</pose>
		<truncated>1</truncated>
		<difficult>0</difficult>
		<bndbox>
			<xmin>343.33333333333337</xmin>
			<ymin>76.83333333333334</ymin>
			<xmax>457.5</xmax>
			<ymax>195.16666666666669</ymax>
		</bndbox>
	</object>
	<object>
		<name>Others</name>
		<pose>Unspecified</pose>
		<truncated>1</truncated>
		<difficult>0</difficult>
		<bndbox>
			<xmin>290.83333333333337</xmin>
			<ymin>0.16666666666666785</ymin>
			<xmax>346.6666666666667</xmax>
			<ymax>135.16666666666669</ymax>
		</bndbox>
	</object>
	<object>
		<name>Others</name>
		<pose>Unspecified</pose>
		<truncated>1</truncated>
		<difficult>0</difficult>
		<bndbox>
			<xmin>167.5</xmin>
			<ymin>6.833333333333336</ymin>
			<xmax>281.6666666666667</xmax>
			<ymax>120.16666666666669</ymax>
		</bndbox>
	</object>
	<object>
		<name>Heat Stress</name>
		<pose>Unspecified</pose>
		<truncated>1</truncated>
		<difficult>0</difficult>
		<bndbox>
			<xmin>255.0</xmin>
			<ymin>82.66666666666667</ymin>
			<xmax>313.33333333333337</xmax>
			<ymax>198.5</ymax>
		</bndbox>
	</object>
	<object>
		<name>Heat Stress</name>
		<pose>Unspecified</pose>
		<truncated>1</truncated>
		<difficult>0</difficult>
		<bndbox>
			<xmin>204.16666666666669</xmin>
			<ymin>163.5</ymin>
			<xmax>288.33333333333337</xmax>
			<ymax>282.6666666666667</ymax>
		</bndbox>
	</object>
	<object>
		<name>Heat Stress</name>
		<pose>Unspecified</pose>
		<truncated>1</truncated>
		<difficult>0</difficult>
		<bndbox>
			<xmin>171.66666666666669</xmin>
			<ymin>262.6666666666667</ymin>
			<xmax>277.5</xmax>
			<ymax>331.83333333333337</ymax>
		</bndbox>
	</object>
	<object>
		<name>Others</name>
		<pose>Unspecified</pose>
		<truncated>1</truncated>
		<difficult>0</difficult>
		<bndbox>
			<xmin>69.16666666666667</xmin>
			<ymin>216.83333333333334</ymin>
			<xmax>194.16666666666669</xmax>
			<ymax>286.0</ymax>
		</bndbox>
	</object>
	<object>
		<name>Heat Stress</name>
		<pose>Unspecified</pose>
		<truncated>1</truncated>
		<difficult>0</difficult>
		<bndbox>
			<xmin>113.33333333333334</xmin>
			<ymin>69.33333333333334</ymin>
			<xmax>179.16666666666669</xmax>
			<ymax>181.83333333333334</ymax>
		</bndbox>
	</object>
	<object>
		<name>Heat Stress</name>
		<pose>Unspecified</pose>
		<truncated>1</truncated>
		<difficult>0</difficult>
		<bndbox>
			<xmin>121.66666666666667</xmin>
			<ymin>127.66666666666669</ymin>
			<xmax>181.66666666666669</xmax>
			<ymax>223.5</ymax>
		</bndbox>
	</object>
</annotation>