<annotation>
	<folder>UAV_data</folder>
	<filename>:\ssss\zuizhong\201907261520012730.976.4.jpg</filename>
	<source>
		<database>The UAV autolanding</database>
		<annotation>UAV AutoLanding</annotation>
		<image>flickr</image>
		<flickrid>NULL</flickrid>
	</source>
	<owner>
		<flickrid>NULL</flickrid>
		<name>ChaojieZhu</name>
	</owner>
	<size>
		<width>1280</width>
		<height>720</height>
		<depth>3</depth>
	</size>
		<segmented>0</segmented>
	<object>
		<name>Heat Stress</name>
		<pose>Unspecified</pose>
		<truncated>1</truncated>
		<difficult>0</difficult>
		<bndbox>
			<xmin>842.5</xmin>
			<ymin>554.3333333333334</ymin>
			<xmax>913.3333333333334</xmax>
			<ymax>671.8333333333334</ymax>
		</bndbox>
	</object>
	<object>
		<name>Others</name>
		<pose>Unspecified</pose>
		<truncated>1</truncated>
		<difficult>0</difficult>
		<bndbox>
			<xmin>734.1666666666667</xmin>
			<ymin>400.1666666666667</ymin>
			<xmax>913.3333333333334</xmax>
			<ymax>479.33333333333337</ymax>
		</bndbox>
	</object>
	<object>
		<name>Others</name>
		<pose>Unspecified</pose>
		<truncated>1</truncated>
		<difficult>0</difficult>
		<bndbox>
			<xmin>514.1666666666667</xmin>
			<ymin>462.6666666666667</ymin>
			<xmax>718.3333333333334</xmax>
			<ymax>564.3333333333334</ymax>
		</bndbox>
	</object>
	<object>
		<name>Heat Stress</name>
		<pose>Unspecified</pose>
		<truncated>1</truncated>
		<difficult>0</difficult>
		<bndbox>
			<xmin>835.8333333333334</xmin>
			<ymin>301.83333333333337</ymin>
			<xmax>920.8333333333334</xmax>
			<ymax>446.0</ymax>
		</bndbox>
	</object>
	<object>
		<name>Heat Stress</name>
		<pose>Unspecified</pose>
		<truncated>1</truncated>
		<difficult>0</difficult>
		<bndbox>
			<xmin>675.8333333333334</xmin>
			<ymin>251.0</ymin>
			<xmax>845.8333333333334</xmax>
			<ymax>337.6666666666667</ymax>
		</bndbox>
	</object>
	<object>
		<name>Others</name>
		<pose>Unspecified</pose>
		<truncated>1</truncated>
		<difficult>0</difficult>
		<bndbox>
			<xmin>610.0</xmin>
			<ymin>263.5</ymin>
			<xmax>701.6666666666667</xmax>
			<ymax>406.0</ymax>
		</bndbox>
	</object>
	<object>
		<name>Heat Stress</name>
		<pose>Unspecified</pose>
		<truncated>1</truncated>
		<difficult>0</difficult>
		<bndbox>
			<xmin>489.1666666666667</xmin>
			<ymin>345.1666666666667</ymin>
			<xmax>670.8333333333334</xmax>
			<ymax>455.1666666666667</ymax>
		</bndbox>
	</object>
	<object>
		<name>Heat Stress</name>
		<pose>Unspecified</pose>
		<truncated>1</truncated>
		<difficult>0</difficult>
		<bndbox>
			<xmin>513.3333333333334</xmin>
			<ymin>258.5</ymin>
			<xmax>628.3333333333334</xmax>
			<ymax>339.33333333333337</ymax>
		</bndbox>
	</object>
	<object>
		<name>Heat Stress</name>
		<pose>Unspecified</pose>
		<truncated>1</truncated>
		<difficult>0</difficult>
		<bndbox>
			<xmin>414.1666666666667</xmin>
			<ymin>176.0</ymin>
			<xmax>536.6666666666667</xmax>
			<ymax>306.0</ymax>
		</bndbox>
	</object>
	<object>
		<name>Heat Stress</name>
		<pose>Unspecified</pose>
		<truncated>1</truncated>
		<difficult>0</difficult>
		<bndbox>
			<xmin>348.33333333333337</xmin>
			<ymin>324.33333333333337</ymin>
			<xmax>506.6666666666667</xmax>
			<ymax>409.33333333333337</ymax>
		</bndbox>
	</object>
	<object>
		<name>Others</name>
		<pose>Unspecified</pose>
		<truncated>1</truncated>
		<difficult>0</difficult>
		<bndbox>
			<xmin>318.33333333333337</xmin>
			<ymin>246.83333333333337</ymin>
			<xmax>497.5</xmax>
			<ymax>336.83333333333337</ymax>
		</bndbox>
	</object>
	<object>
		<name>Others</name>
		<pose>Unspecified</pose>
		<truncated>1</truncated>
		<difficult>0</difficult>
		<bndbox>
			<xmin>293.33333333333337</xmin>
			<ymin>246.0</ymin>
			<xmax>390.83333333333337</xmax>
			<ymax>351.83333333333337</ymax>
		</bndbox>
	</object>
	<object>
		<name>Others</name>
		<pose>Unspecified</pose>
		<truncated>1</truncated>
		<difficult>0</difficult>
		<bndbox>
			<xmin>838.3333333333334</xmin>
			<ymin>142.66666666666669</ymin>
			<xmax>975.0</xmax>
			<ymax>241.0</ymax>
		</bndbox>
	</object>
	<object>
		<name>Others</name>
		<pose>Unspecified</pose>
		<truncated>1</truncated>
		<difficult>0</difficult>
		<bndbox>
			<xmin>860.8333333333334</xmin>
			<ymin>15.166666666666671</ymin>
			<xmax>932.5</xmax>
			<ymax>147.66666666666669</ymax>
		</bndbox>
	</object>
	<object>
		<name>Drinking</name>
		<pose>Unspecified</pose>
		<truncated>1</truncated>
		<difficult>0</difficult>
		<bndbox>
			<xmin>680.0</xmin>
			<ymin>10.166666666666668</ymin>
			<xmax>830.8333333333334</xmax>
			<ymax>99.33333333333334</ymax>
		</bndbox>
	</object>
	<object>
		<name>Heat Stress</name>
		<pose>Unspecified</pose>
		<truncated>1</truncated>
		<difficult>0</difficult>
		<bndbox>
			<xmin>725.8333333333334</xmin>
			<ymin>107.66666666666667</ymin>
			<xmax>816.6666666666667</xmax>
			<ymax>257.6666666666667</ymax>
		</bndbox>
	</object>
	<object>
		<name>Heat Stress</name>
		<pose>Unspecified</pose>
		<truncated>1</truncated>
		<difficult>0</difficult>
		<bndbox>
			<xmin>612.5</xmin>
			<ymin>81.0</ymin>
			<xmax>718.3333333333334</xmax>
			<ymax>231.0</ymax>
		</bndbox>
	</object>
	<object>
		<name>Others</name>
		<pose>Unspecified</pose>
		<truncated>1</truncated>
		<difficult>0</difficult>
		<bndbox>
			<xmin>545.0</xmin>
			<ymin>101.0</ymin>
			<xmax>616.6666666666667</xmax>
			<ymax>263.5</ymax>
		</bndbox>
	</object>
	<object>
		<name>Others</name>
		<pose>Unspecified</pose>
		<truncated>1</truncated>
		<difficult>0</difficult>
		<bndbox>
			<xmin>355.0</xmin>
			<ymin>82.66666666666667</ymin>
			<xmax>459.1666666666667</xmax>
			<ymax>199.33333333333334</ymax>
		</bndbox>
	</object>
	<object>
		<name>Drinking</name>
		<pose>Unspecified</pose>
		<truncated>1</truncated>
		<difficult>0</difficult>
		<bndbox>
			<xmin>375.83333333333337</xmin>
			<ymin>11.0</ymin>
			<xmax>525.0</xmax>
			<ymax>81.0</ymax>
		</bndbox>
	</object>
	<object>
		<name>Others</name>
		<pose>Unspecified</pose>
		<truncated>1</truncated>
		<difficult>0</difficult>
		<bndbox>
			<xmin>284.1666666666667</xmin>
			<ymin>2.666666666666668</ymin>
			<xmax>346.6666666666667</xmax>
			<ymax>126.0</ymax>
		</bndbox>
	</object>
	<object>
		<name>Others</name>
		<pose>Unspecified</pose>
		<truncated>1</truncated>
		<difficult>0</difficult>
		<bndbox>
			<xmin>151.66666666666669</xmin>
			<ymin>9.333333333333336</ymin>
			<xmax>277.5</xmax>
			<ymax>116.83333333333334</ymax>
		</bndbox>
	</object>
	<object>
		<name>Heat Stress</name>
		<pose>Unspecified</pose>
		<truncated>1</truncated>
		<difficult>0</difficult>
		<bndbox>
			<xmin>242.5</xmin>
			<ymin>78.5</ymin>
			<xmax>309.1666666666667</xmax>
			<ymax>183.5</ymax>
		</bndbox>
	</object>
	<object>
		<name>Heat Stress</name>
		<pose>Unspecified</pose>
		<truncated>1</truncated>
		<difficult>0</difficult>
		<bndbox>
			<xmin>196.66666666666669</xmin>
			<ymin>173.5</ymin>
			<xmax>312.5</xmax>
			<ymax>239.33333333333337</ymax>
		</bndbox>
	</object>
	<object>
		<name>Heat Stress</name>
		<pose>Unspecified</pose>
		<truncated>1</truncated>
		<difficult>0</difficult>
		<bndbox>
			<xmin>123.33333333333334</xmin>
			<ymin>76.83333333333334</ymin>
			<xmax>180.83333333333334</xmax>
			<ymax>176.83333333333334</ymax>
		</bndbox>
	</object>
	<object>
		<name>Heat Stress</name>
		<pose>Unspecified</pose>
		<truncated>1</truncated>
		<difficult>0</difficult>
		<bndbox>
			<xmin>126.66666666666667</xmin>
			<ymin>122.66666666666669</ymin>
			<xmax>180.83333333333334</xmax>
			<ymax>221.0</ymax>
		</bndbox>
	</object>
	<object>
		<name>Others</name>
		<pose>Unspecified</pose>
		<truncated>1</truncated>
		<difficult>0</difficult>
		<bndbox>
			<xmin>62.459349593495936</xmin>
			<ymin>219.33333333333334</ymin>
			<xmax>198.2926829268293</xmax>
			<ymax>286.0</ymax>
		</bndbox>
	</object>
	<object>
		<name>Heat Stress</name>
		<pose>Unspecified</pose>
		<truncated>1</truncated>
		<difficult>0</difficult>
		<bndbox>
			<xmin>171.66666666666669</xmin>
			<ymin>252.66666666666669</ymin>
			<xmax>277.5</xmax>
			<ymax>335.1666666666667</ymax>
		</bndbox>
	</object>
	<object>
		<name>Others</name>
		<pose>Unspecified</pose>
		<truncated>1</truncated>
		<difficult>0</difficult>
		<bndbox>
			<xmin>262.5</xmin>
			<ymin>536.8333333333334</ymin>
			<xmax>375.0</xmax>
			<ymax>674.3333333333334</ymax>
		</bndbox>
	</object>
	<object>
		<name>Others</name>
		<pose>Unspecified</pose>
		<truncated>1</truncated>
		<difficult>0</difficult>
		<bndbox>
			<xmin>142.5</xmin>
			<ymin>425.1666666666667</ymin>
			<xmax>202.5</xmax>
			<ymax>581.8333333333334</ymax>
		</bndbox>
	</object>
	<object>
		<name>Others</name>
		<pose>Unspecified</pose>
		<truncated>1</truncated>
		<difficult>0</difficult>
		<bndbox>
			<xmin>114.16666666666667</xmin>
			<ymin>525.1666666666667</ymin>
			<xmax>193.33333333333334</xmax>
			<ymax>675.1666666666667</ymax>
		</bndbox>
	</object>
</annotation>