<annotation>
	<folder>UAV_data</folder>
	<filename>:\ssss\zuizhong\201907261520022730.975.8.jpg</filename>
	<source>
		<database>The UAV autolanding</database>
		<annotation>UAV AutoLanding</annotation>
		<image>flickr</image>
		<flickrid>NULL</flickrid>
	</source>
	<owner>
		<flickrid>NULL</flickrid>
		<name>ChaojieZhu</name>
	</owner>
	<size>
		<width>1280</width>
		<height>720</height>
		<depth>3</depth>
	</size>
		<segmented>0</segmented>
	<object>
		<name>Heat Stress</name>
		<pose>Unspecified</pose>
		<truncated>1</truncated>
		<difficult>0</difficult>
		<bndbox>
			<xmin>846.6666666666667</xmin>
			<ymin>552.6666666666667</ymin>
			<xmax>913.3333333333334</xmax>
			<ymax>667.6666666666667</ymax>
		</bndbox>
	</object>
	<object>
		<name>Heat Stress</name>
		<pose>Unspecified</pose>
		<truncated>1</truncated>
		<difficult>0</difficult>
		<bndbox>
			<xmin>872.5</xmin>
			<ymin>416.83333333333337</ymin>
			<xmax>946.6666666666667</xmax>
			<ymax>556.8333333333334</ymax>
		</bndbox>
	</object>
	<object>
		<name>Heat Stress</name>
		<pose>Unspecified</pose>
		<truncated>1</truncated>
		<difficult>0</difficult>
		<bndbox>
			<xmin>706.6666666666667</xmin>
			<ymin>382.6666666666667</ymin>
			<xmax>831.6666666666667</xmax>
			<ymax>486.83333333333337</ymax>
		</bndbox>
	</object>
	<object>
		<name>Others</name>
		<pose>Unspecified</pose>
		<truncated>1</truncated>
		<difficult>0</difficult>
		<bndbox>
			<xmin>543.3333333333334</xmin>
			<ymin>635.1666666666667</ymin>
			<xmax>670.0</xmax>
			<ymax>719.0</ymax>
		</bndbox>
	</object>
	<object>
		<name>Others</name>
		<pose>Unspecified</pose>
		<truncated>1</truncated>
		<difficult>0</difficult>
		<bndbox>
			<xmin>448.33333333333337</xmin>
			<ymin>515.1666666666667</ymin>
			<xmax>593.3333333333334</xmax>
			<ymax>609.3333333333334</ymax>
		</bndbox>
	</object>
	<object>
		<name>Heat Stress</name>
		<pose>Unspecified</pose>
		<truncated>1</truncated>
		<difficult>0</difficult>
		<bndbox>
			<xmin>417.5</xmin>
			<ymin>406.83333333333337</ymin>
			<xmax>542.5</xmax>
			<ymax>502.66666666666674</ymax>
		</bndbox>
	</object>
	<object>
		<name>Others</name>
		<pose>Unspecified</pose>
		<truncated>1</truncated>
		<difficult>0</difficult>
		<bndbox>
			<xmin>510.83333333333337</xmin>
			<ymin>336.0</ymin>
			<xmax>653.3333333333334</xmax>
			<ymax>436.83333333333337</ymax>
		</bndbox>
	</object>
	<object>
		<name>Others</name>
		<pose>Unspecified</pose>
		<truncated>1</truncated>
		<difficult>0</difficult>
		<bndbox>
			<xmin>722.5</xmin>
			<ymin>251.0</ymin>
			<xmax>877.5</xmax>
			<ymax>376.83333333333337</ymax>
		</bndbox>
	</object>
	<object>
		<name>Others</name>
		<pose>Unspecified</pose>
		<truncated>1</truncated>
		<difficult>0</difficult>
		<bndbox>
			<xmin>438.33333333333337</xmin>
			<ymin>256.0</ymin>
			<xmax>530.8333333333334</xmax>
			<ymax>381.0</ymax>
		</bndbox>
	</object>
	<object>
		<name>Others</name>
		<pose>Unspecified</pose>
		<truncated>1</truncated>
		<difficult>0</difficult>
		<bndbox>
			<xmin>375.83333333333337</xmin>
			<ymin>275.1666666666667</ymin>
			<xmax>465.83333333333337</xmax>
			<ymax>430.1666666666667</ymax>
		</bndbox>
	</object>
	<object>
		<name>Heat Stress</name>
		<pose>Unspecified</pose>
		<truncated>1</truncated>
		<difficult>0</difficult>
		<bndbox>
			<xmin>209.16666666666669</xmin>
			<ymin>580.1666666666667</ymin>
			<xmax>359.1666666666667</xmax>
			<ymax>673.5</ymax>
		</bndbox>
	</object>
	<object>
		<name>Others</name>
		<pose>Unspecified</pose>
		<truncated>1</truncated>
		<difficult>0</difficult>
		<bndbox>
			<xmin>198.33333333333334</xmin>
			<ymin>426.0</ymin>
			<xmax>324.1666666666667</xmax>
			<ymax>536.8333333333334</ymax>
		</bndbox>
	</object>
	<object>
		<name>Heat Stress</name>
		<pose>Unspecified</pose>
		<truncated>1</truncated>
		<difficult>0</difficult>
		<bndbox>
			<xmin>170.0</xmin>
			<ymin>424.33333333333337</ymin>
			<xmax>234.16666666666669</xmax>
			<ymax>560.1666666666667</ymax>
		</bndbox>
	</object>
	<object>
		<name>Heat Stress</name>
		<pose>Unspecified</pose>
		<truncated>1</truncated>
		<difficult>0</difficult>
		<bndbox>
			<xmin>732.5</xmin>
			<ymin>79.33333333333334</ymin>
			<xmax>817.5</xmax>
			<ymax>251.83333333333337</ymax>
		</bndbox>
	</object>
	<object>
		<name>Others</name>
		<pose>Unspecified</pose>
		<truncated>1</truncated>
		<difficult>0</difficult>
		<bndbox>
			<xmin>840.0</xmin>
			<ymin>140.16666666666669</ymin>
			<xmax>951.6666666666667</xmax>
			<ymax>247.66666666666669</ymax>
		</bndbox>
	</object>
	<object>
		<name>Others</name>
		<pose>Unspecified</pose>
		<truncated>1</truncated>
		<difficult>0</difficult>
		<bndbox>
			<xmin>610.8333333333334</xmin>
			<ymin>67.66666666666667</ymin>
			<xmax>718.3333333333334</xmax>
			<ymax>204.33333333333334</ymax>
		</bndbox>
	</object>
	<object>
		<name>Others</name>
		<pose>Unspecified</pose>
		<truncated>1</truncated>
		<difficult>0</difficult>
		<bndbox>
			<xmin>495.0</xmin>
			<ymin>25.16666666666667</ymin>
			<xmax>589.1666666666667</xmax>
			<ymax>136.83333333333334</ymax>
		</bndbox>
	</object>
	<object>
		<name>Drinking</name>
		<pose>Unspecified</pose>
		<truncated>1</truncated>
		<difficult>0</difficult>
		<bndbox>
			<xmin>399.1666666666667</xmin>
			<ymin>16.0</ymin>
			<xmax>465.0</xmax>
			<ymax>167.66666666666669</ymax>
		</bndbox>
	</object>
	<object>
		<name>Others</name>
		<pose>Unspecified</pose>
		<truncated>1</truncated>
		<difficult>0</difficult>
		<bndbox>
			<xmin>463.33333333333337</xmin>
			<ymin>151.0</ymin>
			<xmax>578.3333333333334</xmax>
			<ymax>254.33333333333337</ymax>
		</bndbox>
	</object>
	<object>
		<name>Others</name>
		<pose>Unspecified</pose>
		<truncated>1</truncated>
		<difficult>0</difficult>
		<bndbox>
			<xmin>332.5</xmin>
			<ymin>121.83333333333334</ymin>
			<xmax>408.33333333333337</xmax>
			<ymax>250.16666666666669</ymax>
		</bndbox>
	</object>
	<object>
		<name>Others</name>
		<pose>Unspecified</pose>
		<truncated>1</truncated>
		<difficult>0</difficult>
		<bndbox>
			<xmin>172.5</xmin>
			<ymin>47.66666666666667</ymin>
			<xmax>292.5</xmax>
			<ymax>116.83333333333334</ymax>
		</bndbox>
	</object>
	<object>
		<name>Heat Stress</name>
		<pose>Unspecified</pose>
		<truncated>1</truncated>
		<difficult>0</difficult>
		<bndbox>
			<xmin>243.33333333333334</xmin>
			<ymin>11.833333333333336</ymin>
			<xmax>379.1666666666667</xmax>
			<ymax>75.16666666666667</ymax>
		</bndbox>
	</object>
	<object>
		<name>Heat Stress</name>
		<pose>Unspecified</pose>
		<truncated>1</truncated>
		<difficult>0</difficult>
		<bndbox>
			<xmin>250.83333333333334</xmin>
			<ymin>99.33333333333334</ymin>
			<xmax>325.83333333333337</xmax>
			<ymax>211.0</ymax>
		</bndbox>
	</object>
	<object>
		<name>Heat Stress</name>
		<pose>Unspecified</pose>
		<truncated>1</truncated>
		<difficult>0</difficult>
		<bndbox>
			<xmin>250.83333333333334</xmin>
			<ymin>161.83333333333334</ymin>
			<xmax>320.0</xmax>
			<ymax>288.5</ymax>
		</bndbox>
	</object>
	<object>
		<name>Others</name>
		<pose>Unspecified</pose>
		<truncated>1</truncated>
		<difficult>0</difficult>
		<bndbox>
			<xmin>256.6666666666667</xmin>
			<ymin>241.0</ymin>
			<xmax>337.5</xmax>
			<ymax>365.1666666666667</ymax>
		</bndbox>
	</object>
	<object>
		<name>Heat Stress</name>
		<pose>Unspecified</pose>
		<truncated>1</truncated>
		<difficult>0</difficult>
		<bndbox>
			<xmin>120.83333333333334</xmin>
			<ymin>72.66666666666667</ymin>
			<xmax>180.83333333333334</xmax>
			<ymax>185.16666666666669</ymax>
		</bndbox>
	</object>
	<object>
		<name>Others</name>
		<pose>Unspecified</pose>
		<truncated>1</truncated>
		<difficult>0</difficult>
		<bndbox>
			<xmin>123.33333333333334</xmin>
			<ymin>123.5</ymin>
			<xmax>194.16666666666669</xmax>
			<ymax>245.16666666666669</ymax>
		</bndbox>
	</object>
	<object>
		<name>Others</name>
		<pose>Unspecified</pose>
		<truncated>1</truncated>
		<difficult>0</difficult>
		<bndbox>
			<xmin>147.5</xmin>
			<ymin>178.5</ymin>
			<xmax>220.0</xmax>
			<ymax>354.33333333333337</ymax>
		</bndbox>
	</object>
</annotation>