<annotation>
	<folder>UAV_data</folder>
	<filename>:\ssss\zuizhong\201907250700012430.682.7.jpg</filename>
	<source>
		<database>The UAV autolanding</database>
		<annotation>UAV AutoLanding</annotation>
		<image>flickr</image>
		<flickrid>NULL</flickrid>
	</source>
	<owner>
		<flickrid>NULL</flickrid>
		<name>ChaojieZhu</name>
	</owner>
	<size>
		<width>1280</width>
		<height>720</height>
		<depth>3</depth>
	</size>
		<segmented>0</segmented>
	<object>
		<name>Eating</name>
		<pose>Unspecified</pose>
		<truncated>1</truncated>
		<difficult>0</difficult>
		<bndbox>
			<xmin>845.0</xmin>
			<ymin>545.1666666666667</ymin>
			<xmax>914.1666666666667</xmax>
			<ymax>631.0</ymax>
		</bndbox>
	</object>
	<object>
		<name>Eating</name>
		<pose>Unspecified</pose>
		<truncated>1</truncated>
		<difficult>0</difficult>
		<bndbox>
			<xmin>672.5</xmin>
			<ymin>406.0</ymin>
			<xmax>817.0731707317074</xmax>
			<ymax>497.0162601626016</ymax>
		</bndbox>
	</object>
	<object>
		<name>Heat Stress</name>
		<pose>Unspecified</pose>
		<truncated>1</truncated>
		<difficult>0</difficult>
		<bndbox>
			<xmin>723.3333333333334</xmin>
			<ymin>292.6666666666667</ymin>
			<xmax>815.0</xmax>
			<ymax>410.1666666666667</ymax>
		</bndbox>
	</object>
	<object>
		<name>Others</name>
		<pose>Unspecified</pose>
		<truncated>1</truncated>
		<difficult>0</difficult>
		<bndbox>
			<xmin>591.6666666666667</xmin>
			<ymin>369.33333333333337</ymin>
			<xmax>693.3333333333334</xmax>
			<ymax>503.5</ymax>
		</bndbox>
	</object>
	<object>
		<name>Others</name>
		<pose>Unspecified</pose>
		<truncated>1</truncated>
		<difficult>0</difficult>
		<bndbox>
			<xmin>547.5</xmin>
			<ymin>236.83333333333334</ymin>
			<xmax>636.6666666666667</xmax>
			<ymax>396.0</ymax>
		</bndbox>
	</object>
	<object>
		<name>Others</name>
		<pose>Unspecified</pose>
		<truncated>1</truncated>
		<difficult>0</difficult>
		<bndbox>
			<xmin>475.83333333333337</xmin>
			<ymin>267.6666666666667</ymin>
			<xmax>552.5</xmax>
			<ymax>431.83333333333337</ymax>
		</bndbox>
	</object>
	<object>
		<name>Heat Stress</name>
		<pose>Unspecified</pose>
		<truncated>1</truncated>
		<difficult>0</difficult>
		<bndbox>
			<xmin>794.2276422764229</xmin>
			<ymin>140.0447154471545</ymin>
			<xmax>959.349593495935</xmax>
			<ymax>223.03252032520325</ymax>
		</bndbox>
	</object>
	<object>
		<name>Heat Stress</name>
		<pose>Unspecified</pose>
		<truncated>1</truncated>
		<difficult>0</difficult>
		<bndbox>
			<xmin>585.0</xmin>
			<ymin>119.33333333333334</ymin>
			<xmax>683.3333333333334</xmax>
			<ymax>269.33333333333337</ymax>
		</bndbox>
	</object>
	<object>
		<name>Heat Stress</name>
		<pose>Unspecified</pose>
		<truncated>1</truncated>
		<difficult>0</difficult>
		<bndbox>
			<xmin>669.1666666666667</xmin>
			<ymin>104.33333333333334</ymin>
			<xmax>767.479674796748</xmax>
			<ymax>203.52032520325204</ymax>
		</bndbox>
	</object>
	<object>
		<name>Others</name>
		<pose>Unspecified</pose>
		<truncated>1</truncated>
		<difficult>0</difficult>
		<bndbox>
			<xmin>446.5853658536586</xmin>
			<ymin>92.40243902439025</ymin>
			<xmax>514.6341463414634</xmax>
			<ymax>250.6747967479675</ymax>
		</bndbox>
	</object>
	<object>
		<name>Others</name>
		<pose>Unspecified</pose>
		<truncated>1</truncated>
		<difficult>0</difficult>
		<bndbox>
			<xmin>490.0</xmin>
			<ymin>98.5</ymin>
			<xmax>589.1666666666667</xmax>
			<ymax>231.0</ymax>
		</bndbox>
	</object>
	<object>
		<name>Others</name>
		<pose>Unspecified</pose>
		<truncated>1</truncated>
		<difficult>0</difficult>
		<bndbox>
			<xmin>564.1666666666667</xmin>
			<ymin>98.5</ymin>
			<xmax>679.1666666666667</xmax>
			<ymax>171.0</ymax>
		</bndbox>
	</object>
	<object>
		<name>Others</name>
		<pose>Unspecified</pose>
		<truncated>1</truncated>
		<difficult>0</difficult>
		<bndbox>
			<xmin>673.150406504065</xmin>
			<ymin>33.92682926829269</ymin>
			<xmax>775.609756097561</xmax>
			<ymax>131.97560975609755</ymax>
		</bndbox>
	</object>
	<object>
		<name>Others</name>
		<pose>Unspecified</pose>
		<truncated>1</truncated>
		<difficult>0</difficult>
		<bndbox>
			<xmin>411.7479674796748</xmin>
			<ymin>18.54065040650407</ymin>
			<xmax>545.5284552845528</xmax>
			<ymax>64.4959349593496</ymax>
		</bndbox>
	</object>
	<object>
		<name>Drinking</name>
		<pose>Unspecified</pose>
		<truncated>1</truncated>
		<difficult>0</difficult>
		<bndbox>
			<xmin>358.33333333333337</xmin>
			<ymin>17.66666666666667</ymin>
			<xmax>434.1666666666667</xmax>
			<ymax>140.16666666666669</ymax>
		</bndbox>
	</object>
	<object>
		<name>Heat Stress</name>
		<pose>Unspecified</pose>
		<truncated>1</truncated>
		<difficult>0</difficult>
		<bndbox>
			<xmin>267.5</xmin>
			<ymin>230.16666666666669</ymin>
			<xmax>401.6666666666667</xmax>
			<ymax>347.6666666666667</ymax>
		</bndbox>
	</object>
	<object>
		<name>Others</name>
		<pose>Unspecified</pose>
		<truncated>1</truncated>
		<difficult>0</difficult>
		<bndbox>
			<xmin>285.0</xmin>
			<ymin>380.1666666666667</ymin>
			<xmax>446.6666666666667</xmax>
			<ymax>455.1666666666667</ymax>
		</bndbox>
	</object>
	<object>
		<name>Others</name>
		<pose>Unspecified</pose>
		<truncated>1</truncated>
		<difficult>0</difficult>
		<bndbox>
			<xmin>498.33333333333337</xmin>
			<ymin>524.3333333333334</ymin>
			<xmax>578.3333333333334</xmax>
			<ymax>676.8333333333334</ymax>
		</bndbox>
	</object>
	<object>
		<name>Others</name>
		<pose>Unspecified</pose>
		<truncated>1</truncated>
		<difficult>0</difficult>
		<bndbox>
			<xmin>136.66666666666669</xmin>
			<ymin>439.33333333333337</ymin>
			<xmax>225.83333333333334</xmax>
			<ymax>511.0</ymax>
		</bndbox>
	</object>
	<object>
		<name>Others</name>
		<pose>Unspecified</pose>
		<truncated>1</truncated>
		<difficult>0</difficult>
		<bndbox>
			<xmin>155.0</xmin>
			<ymin>509.33333333333337</ymin>
			<xmax>238.33333333333334</xmax>
			<ymax>596.8333333333334</ymax>
		</bndbox>
	</object>
	<object>
		<name>Others</name>
		<pose>Unspecified</pose>
		<truncated>1</truncated>
		<difficult>0</difficult>
		<bndbox>
			<xmin>149.16666666666669</xmin>
			<ymin>586.0</ymin>
			<xmax>250.83333333333334</xmax>
			<ymax>664.3333333333334</ymax>
		</bndbox>
	</object>
	<object>
		<name>Heat Stress</name>
		<pose>Unspecified</pose>
		<truncated>1</truncated>
		<difficult>0</difficult>
		<bndbox>
			<xmin>234.02439024390245</xmin>
			<ymin>486.83333333333337</ymin>
			<xmax>309.8577235772358</xmax>
			<ymax>646.8333333333334</ymax>
		</bndbox>
	</object>
	<object>
		<name>Drinking</name>
		<pose>Unspecified</pose>
		<truncated>1</truncated>
		<difficult>0</difficult>
		<bndbox>
			<xmin>223.4349593495935</xmin>
			<ymin>77.76829268292684</ymin>
			<xmax>386.1788617886179</xmax>
			<ymax>142.5447154471545</ymax>
		</bndbox>
	</object>
	<object>
		<name>Heat Stress</name>
		<pose>Unspecified</pose>
		<truncated>1</truncated>
		<difficult>0</difficult>
		<bndbox>
			<xmin>214.16666666666669</xmin>
			<ymin>142.66666666666669</ymin>
			<xmax>382.5</xmax>
			<ymax>229.33333333333334</ymax>
		</bndbox>
	</object>
	<object>
		<name>Others</name>
		<pose>Unspecified</pose>
		<truncated>1</truncated>
		<difficult>0</difficult>
		<bndbox>
			<xmin>98.29268292682927</xmin>
			<ymin>213.66260162601628</ymin>
			<xmax>240.65040650406505</xmax>
			<ymax>281.5691056910569</ymax>
		</bndbox>
	</object>
	<object>
		<name>Heat Stress</name>
		<pose>Unspecified</pose>
		<truncated>1</truncated>
		<difficult>0</difficult>
		<bndbox>
			<xmin>110.0</xmin>
			<ymin>262.6666666666667</ymin>
			<xmax>167.5</xmax>
			<ymax>353.5</ymax>
		</bndbox>
	</object>
	<object>
		<name>Others</name>
		<pose>Unspecified</pose>
		<truncated>1</truncated>
		<difficult>0</difficult>
		<bndbox>
			<xmin>113.33333333333334</xmin>
			<ymin>333.5</ymin>
			<xmax>205.0</xmax>
			<ymax>444.33333333333337</ymax>
		</bndbox>
	</object>
	<object>
		<name>Others</name>
		<pose>Unspecified</pose>
		<truncated>1</truncated>
		<difficult>0</difficult>
		<bndbox>
			<xmin>154.16666666666669</xmin>
			<ymin>11.833333333333336</ymin>
			<xmax>295.0</xmax>
			<ymax>71.0</ymax>
		</bndbox>
	</object>
	<object>
		<name>Others</name>
		<pose>Unspecified</pose>
		<truncated>1</truncated>
		<difficult>0</difficult>
		<bndbox>
			<xmin>150.83333333333334</xmin>
			<ymin>80.16666666666667</ymin>
			<xmax>248.33333333333334</xmax>
			<ymax>165.16666666666669</ymax>
		</bndbox>
	</object>
	<object>
		<name>Others</name>
		<pose>Unspecified</pose>
		<truncated>1</truncated>
		<difficult>0</difficult>
		<bndbox>
			<xmin>116.66666666666667</xmin>
			<ymin>138.5</ymin>
			<xmax>240.0</xmax>
			<ymax>228.5</ymax>
		</bndbox>
	</object>
	<object>
		<name>Others</name>
		<pose>Unspecified</pose>
		<truncated>1</truncated>
		<difficult>0</difficult>
		<bndbox>
			<xmin>122.5</xmin>
			<ymin>49.33333333333334</ymin>
			<xmax>187.5</xmax>
			<ymax>148.5</ymax>
		</bndbox>
	</object>
</annotation>