<annotation>
	<folder>UAV_data</folder>
	<filename>:\ssss\zuizhong\201907250700000930.582.8.jpg</filename>
	<source>
		<database>The UAV autolanding</database>
		<annotation>UAV AutoLanding</annotation>
		<image>flickr</image>
		<flickrid>NULL</flickrid>
	</source>
	<owner>
		<flickrid>NULL</flickrid>
		<name>ChaojieZhu</name>
	</owner>
	<size>
		<width>1280</width>
		<height>720</height>
		<depth>3</depth>
	</size>
		<segmented>0</segmented>
	<object>
		<name>Eating</name>
		<pose>Unspecified</pose>
		<truncated>1</truncated>
		<difficult>0</difficult>
		<bndbox>
			<xmin>840.0</xmin>
			<ymin>535.1666666666667</ymin>
			<xmax>930.8333333333334</xmax>
			<ymax>626.8333333333334</ymax>
		</bndbox>
	</object>
	<object>
		<name>Others</name>
		<pose>Unspecified</pose>
		<truncated>1</truncated>
		<difficult>0</difficult>
		<bndbox>
			<xmin>571.6666666666667</xmin>
			<ymin>552.6666666666667</ymin>
			<xmax>714.1666666666667</xmax>
			<ymax>653.5</ymax>
		</bndbox>
	</object>
	<object>
		<name>Others</name>
		<pose>Unspecified</pose>
		<truncated>1</truncated>
		<difficult>0</difficult>
		<bndbox>
			<xmin>471.6666666666667</xmin>
			<ymin>531.0</ymin>
			<xmax>560.0</xmax>
			<ymax>676.0</ymax>
		</bndbox>
	</object>
	<object>
		<name>Others</name>
		<pose>Unspecified</pose>
		<truncated>1</truncated>
		<difficult>0</difficult>
		<bndbox>
			<xmin>584.1666666666667</xmin>
			<ymin>376.83333333333337</ymin>
			<xmax>694.1666666666667</xmax>
			<ymax>523.5</ymax>
		</bndbox>
	</object>
	<object>
		<name>Eating</name>
		<pose>Unspecified</pose>
		<truncated>1</truncated>
		<difficult>0</difficult>
		<bndbox>
			<xmin>261.6666666666667</xmin>
			<ymin>575.1666666666667</ymin>
			<xmax>405.0</xmax>
			<ymax>655.1666666666667</ymax>
		</bndbox>
	</object>
	<object>
		<name>Others</name>
		<pose>Unspecified</pose>
		<truncated>1</truncated>
		<difficult>0</difficult>
		<bndbox>
			<xmin>708.9430894308942</xmin>
			<ymin>279.130081300813</ymin>
			<xmax>829.4105691056911</xmax>
			<ymax>397.6056910569106</ymax>
		</bndbox>
	</object>
	<object>
		<name>Heat Stress</name>
		<pose>Unspecified</pose>
		<truncated>1</truncated>
		<difficult>0</difficult>
		<bndbox>
			<xmin>780.0</xmin>
			<ymin>141.0</ymin>
			<xmax>846.6666666666667</xmax>
			<ymax>293.5</ymax>
		</bndbox>
	</object>
	<object>
		<name>Others</name>
		<pose>Unspecified</pose>
		<truncated>1</truncated>
		<difficult>0</difficult>
		<bndbox>
			<xmin>155.83333333333334</xmin>
			<ymin>562.6666666666667</ymin>
			<xmax>262.5</xmax>
			<ymax>655.1666666666667</ymax>
		</bndbox>
	</object>
	<object>
		<name>Others</name>
		<pose>Unspecified</pose>
		<truncated>1</truncated>
		<difficult>0</difficult>
		<bndbox>
			<xmin>95.83333333333334</xmin>
			<ymin>581.0</ymin>
			<xmax>215.83333333333334</xmax>
			<ymax>661.8333333333334</ymax>
		</bndbox>
	</object>
	<object>
		<name>Heat Stress</name>
		<pose>Unspecified</pose>
		<truncated>1</truncated>
		<difficult>0</difficult>
		<bndbox>
			<xmin>115.83333333333334</xmin>
			<ymin>391.0</ymin>
			<xmax>250.0</xmax>
			<ymax>479.33333333333337</ymax>
		</bndbox>
	</object>
	<object>
		<name>Others</name>
		<pose>Unspecified</pose>
		<truncated>1</truncated>
		<difficult>0</difficult>
		<bndbox>
			<xmin>122.5</xmin>
			<ymin>458.5</ymin>
			<xmax>190.0</xmax>
			<ymax>586.0</ymax>
		</bndbox>
	</object>
	<object>
		<name>Heat Stress</name>
		<pose>Unspecified</pose>
		<truncated>1</truncated>
		<difficult>0</difficult>
		<bndbox>
			<xmin>100.0</xmin>
			<ymin>291.83333333333337</ymin>
			<xmax>169.16666666666669</xmax>
			<ymax>426.0</ymax>
		</bndbox>
	</object>
	<object>
		<name>Others</name>
		<pose>Unspecified</pose>
		<truncated>1</truncated>
		<difficult>0</difficult>
		<bndbox>
			<xmin>190.83333333333334</xmin>
			<ymin>250.16666666666669</ymin>
			<xmax>270.0</xmax>
			<ymax>396.0</ymax>
		</bndbox>
	</object>
	<object>
		<name>Others</name>
		<pose>Unspecified</pose>
		<truncated>1</truncated>
		<difficult>0</difficult>
		<bndbox>
			<xmin>116.66666666666667</xmin>
			<ymin>205.16666666666669</ymin>
			<xmax>243.33333333333334</xmax>
			<ymax>286.0</ymax>
		</bndbox>
	</object>
	<object>
		<name>Others</name>
		<pose>Unspecified</pose>
		<truncated>1</truncated>
		<difficult>0</difficult>
		<bndbox>
			<xmin>135.83333333333334</xmin>
			<ymin>137.66666666666669</ymin>
			<xmax>224.16666666666669</xmax>
			<ymax>217.66666666666669</ymax>
		</bndbox>
	</object>
	<object>
		<name>Others</name>
		<pose>Unspecified</pose>
		<truncated>1</truncated>
		<difficult>0</difficult>
		<bndbox>
			<xmin>84.16666666666667</xmin>
			<ymin>148.5</ymin>
			<xmax>150.0</xmax>
			<ymax>239.33333333333337</ymax>
		</bndbox>
	</object>
	<object>
		<name>Heat Stress</name>
		<pose>Unspecified</pose>
		<truncated>1</truncated>
		<difficult>0</difficult>
		<bndbox>
			<xmin>109.16666666666667</xmin>
			<ymin>51.0</ymin>
			<xmax>190.0</xmax>
			<ymax>150.16666666666669</ymax>
		</bndbox>
	</object>
	<object>
		<name>Others</name>
		<pose>Unspecified</pose>
		<truncated>1</truncated>
		<difficult>0</difficult>
		<bndbox>
			<xmin>148.33333333333334</xmin>
			<ymin>9.333333333333336</ymin>
			<xmax>250.83333333333334</xmax>
			<ymax>63.5</ymax>
		</bndbox>
	</object>
	<object>
		<name>Heat Stress</name>
		<pose>Unspecified</pose>
		<truncated>1</truncated>
		<difficult>0</difficult>
		<bndbox>
			<xmin>198.33333333333334</xmin>
			<ymin>31.833333333333336</ymin>
			<xmax>261.6666666666667</xmax>
			<ymax>161.83333333333334</ymax>
		</bndbox>
	</object>
	<object>
		<name>Others</name>
		<pose>Unspecified</pose>
		<truncated>1</truncated>
		<difficult>0</difficult>
		<bndbox>
			<xmin>216.66666666666669</xmin>
			<ymin>1.0</ymin>
			<xmax>301.6666666666667</xmax>
			<ymax>106.0</ymax>
		</bndbox>
	</object>
	<object>
		<name>Others</name>
		<pose>Unspecified</pose>
		<truncated>1</truncated>
		<difficult>0</difficult>
		<bndbox>
			<xmin>225.0</xmin>
			<ymin>122.66666666666669</ymin>
			<xmax>323.33333333333337</xmax>
			<ymax>229.33333333333334</ymax>
		</bndbox>
	</object>
	<object>
		<name>Drinking</name>
		<pose>Unspecified</pose>
		<truncated>1</truncated>
		<difficult>0</difficult>
		<bndbox>
			<xmin>689.1056910569107</xmin>
			<ymin>85.67479674796748</ymin>
			<xmax>797.5609756097562</xmax>
			<ymax>227.91056910569108</ymax>
		</bndbox>
	</object>
	<object>
		<name>Others</name>
		<pose>Unspecified</pose>
		<truncated>1</truncated>
		<difficult>0</difficult>
		<bndbox>
			<xmin>682.6016260162603</xmin>
			<ymin>7.483739837398371</ymin>
			<xmax>789.4308943089432</xmax>
			<ymax>79.9430894308943</ymax>
		</bndbox>
	</object>
	<object>
		<name>Others</name>
		<pose>Unspecified</pose>
		<truncated>1</truncated>
		<difficult>0</difficult>
		<bndbox>
			<xmin>515.0</xmin>
			<ymin>169.33333333333334</ymin>
			<xmax>595.8333333333334</xmax>
			<ymax>346.83333333333337</ymax>
		</bndbox>
	</object>
	<object>
		<name>Drinking</name>
		<pose>Unspecified</pose>
		<truncated>1</truncated>
		<difficult>0</difficult>
		<bndbox>
			<xmin>540.6707317073171</xmin>
			<ymin>78.82520325203254</ymin>
			<xmax>687.3373983739838</xmax>
			<ymax>163.82520325203254</ymax>
		</bndbox>
	</object>
	<object>
		<name>Others</name>
		<pose>Unspecified</pose>
		<truncated>1</truncated>
		<difficult>0</difficult>
		<bndbox>
			<xmin>556.7682926829269</xmin>
			<ymin>50.95934959349594</ymin>
			<xmax>689.2682926829269</xmax>
			<ymax>107.6260162601626</ymax>
		</bndbox>
	</object>
	<object>
		<name>Others</name>
		<pose>Unspecified</pose>
		<truncated>1</truncated>
		<difficult>0</difficult>
		<bndbox>
			<xmin>415.0</xmin>
			<ymin>186.0</ymin>
			<xmax>507.5</xmax>
			<ymax>313.5</ymax>
		</bndbox>
	</object>
	<object>
		<name>Drinking</name>
		<pose>Unspecified</pose>
		<truncated>1</truncated>
		<difficult>0</difficult>
		<bndbox>
			<xmin>456.70731707317077</xmin>
			<ymin>72.13821138211384</ymin>
			<xmax>547.9674796747968</xmax>
			<ymax>233.60162601626018</ymax>
		</bndbox>
	</object>
	<object>
		<name>Others</name>
		<pose>Unspecified</pose>
		<truncated>1</truncated>
		<difficult>0</difficult>
		<bndbox>
			<xmin>336.48373983739833</xmin>
			<ymin>75.2479674796748</ymin>
			<xmax>452.0325203252033</xmax>
			<ymax>219.78048780487805</ymax>
		</bndbox>
	</object>
	<object>
		<name>Others</name>
		<pose>Unspecified</pose>
		<truncated>1</truncated>
		<difficult>0</difficult>
		<bndbox>
			<xmin>383.33333333333337</xmin>
			<ymin>91.83333333333334</ymin>
			<xmax>464.1666666666667</xmax>
			<ymax>236.0</ymax>
		</bndbox>
	</object>
	<object>
		<name>Drinking</name>
		<pose>Unspecified</pose>
		<truncated>1</truncated>
		<difficult>0</difficult>
		<bndbox>
			<xmin>356.6666666666667</xmin>
			<ymin>4.333333333333336</ymin>
			<xmax>498.33333333333337</xmax>
			<ymax>61.83333333333334</ymax>
		</bndbox>
	</object>
	<object>
		<name>Others</name>
		<pose>Unspecified</pose>
		<truncated>1</truncated>
		<difficult>0</difficult>
		<bndbox>
			<xmin>272.5</xmin>
			<ymin>52.66666666666667</ymin>
			<xmax>411.6666666666667</xmax>
			<ymax>123.5</ymax>
		</bndbox>
	</object>
	<object>
		<name>Others</name>
		<pose>Unspecified</pose>
		<truncated>1</truncated>
		<difficult>0</difficult>
		<bndbox>
			<xmin>585.0</xmin>
			<ymin>132.66666666666669</ymin>
			<xmax>692.5</xmax>
			<ymax>292.6666666666667</ymax>
		</bndbox>
	</object>
</annotation>