<annotation>
	<folder>UAV_data</folder>
	<filename>:\ssss\zuizhong\201907261520031330.875.8.jpg</filename>
	<source>
		<database>The UAV autolanding</database>
		<annotation>UAV AutoLanding</annotation>
		<image>flickr</image>
		<flickrid>NULL</flickrid>
	</source>
	<owner>
		<flickrid>NULL</flickrid>
		<name>ChaojieZhu</name>
	</owner>
	<size>
		<width>1280</width>
		<height>720</height>
		<depth>3</depth>
	</size>
		<segmented>0</segmented>
	<object>
		<name>Others</name>
		<pose>Unspecified</pose>
		<truncated>1</truncated>
		<difficult>0</difficult>
		<bndbox>
			<xmin>685.0</xmin>
			<ymin>406.83333333333337</ymin>
			<xmax>813.3333333333334</xmax>
			<ymax>485.1666666666667</ymax>
		</bndbox>
	</object>
	<object>
		<name>Heat Stress</name>
		<pose>Unspecified</pose>
		<truncated>1</truncated>
		<difficult>0</difficult>
		<bndbox>
			<xmin>876.6666666666667</xmin>
			<ymin>482.6666666666667</ymin>
			<xmax>943.3333333333334</xmax>
			<ymax>610.1666666666667</ymax>
		</bndbox>
	</object>
	<object>
		<name>Others</name>
		<pose>Unspecified</pose>
		<truncated>1</truncated>
		<difficult>0</difficult>
		<bndbox>
			<xmin>846.6666666666667</xmin>
			<ymin>590.1666666666667</ymin>
			<xmax>940.8333333333334</xmax>
			<ymax>699.3333333333334</ymax>
		</bndbox>
	</object>
	<object>
		<name>Heat Stress</name>
		<pose>Unspecified</pose>
		<truncated>1</truncated>
		<difficult>0</difficult>
		<bndbox>
			<xmin>841.6666666666667</xmin>
			<ymin>314.33333333333337</ymin>
			<xmax>957.5</xmax>
			<ymax>411.83333333333337</ymax>
		</bndbox>
	</object>
	<object>
		<name>Heat Stress</name>
		<pose>Unspecified</pose>
		<truncated>1</truncated>
		<difficult>0</difficult>
		<bndbox>
			<xmin>810.0</xmin>
			<ymin>154.33333333333334</ymin>
			<xmax>935.0</xmax>
			<ymax>251.83333333333337</ymax>
		</bndbox>
	</object>
	<object>
		<name>Drinking</name>
		<pose>Unspecified</pose>
		<truncated>1</truncated>
		<difficult>0</difficult>
		<bndbox>
			<xmin>730.0</xmin>
			<ymin>87.66666666666667</ymin>
			<xmax>820.8333333333334</xmax>
			<ymax>245.16666666666669</ymax>
		</bndbox>
	</object>
	<object>
		<name>Heat Stress</name>
		<pose>Unspecified</pose>
		<truncated>1</truncated>
		<difficult>0</difficult>
		<bndbox>
			<xmin>565.8333333333334</xmin>
			<ymin>174.33333333333334</ymin>
			<xmax>690.8333333333334</xmax>
			<ymax>303.5</ymax>
		</bndbox>
	</object>
	<object>
		<name>Others</name>
		<pose>Unspecified</pose>
		<truncated>1</truncated>
		<difficult>0</difficult>
		<bndbox>
			<xmin>498.33333333333337</xmin>
			<ymin>270.1666666666667</ymin>
			<xmax>633.3333333333334</xmax>
			<ymax>404.33333333333337</ymax>
		</bndbox>
	</object>
	<object>
		<name>Others</name>
		<pose>Unspecified</pose>
		<truncated>1</truncated>
		<difficult>0</difficult>
		<bndbox>
			<xmin>542.5</xmin>
			<ymin>632.6666666666667</ymin>
			<xmax>674.0</xmax>
			<ymax>719.0</ymax>
		</bndbox>
	</object>
	<object>
		<name>Others</name>
		<pose>Unspecified</pose>
		<truncated>1</truncated>
		<difficult>0</difficult>
		<bndbox>
			<xmin>396.6666666666667</xmin>
			<ymin>596.0</ymin>
			<xmax>538.3333333333334</xmax>
			<ymax>678.5</ymax>
		</bndbox>
	</object>
	<object>
		<name>Others</name>
		<pose>Unspecified</pose>
		<truncated>1</truncated>
		<difficult>0</difficult>
		<bndbox>
			<xmin>442.5</xmin>
			<ymin>413.5</ymin>
			<xmax>532.5</xmax>
			<ymax>553.5</ymax>
		</bndbox>
	</object>
	<object>
		<name>Others</name>
		<pose>Unspecified</pose>
		<truncated>1</truncated>
		<difficult>0</difficult>
		<bndbox>
			<xmin>227.5</xmin>
			<ymin>426.83333333333337</ymin>
			<xmax>372.5</xmax>
			<ymax>541.0</ymax>
		</bndbox>
	</object>
	<object>
		<name>Eating</name>
		<pose>Unspecified</pose>
		<truncated>1</truncated>
		<difficult>0</difficult>
		<bndbox>
			<xmin>207.5</xmin>
			<ymin>524.3333333333334</ymin>
			<xmax>344.7154471544716</xmax>
			<ymax>584.6341463414634</ymax>
		</bndbox>
	</object>
	<object>
		<name>Heat Stress</name>
		<pose>Unspecified</pose>
		<truncated>1</truncated>
		<difficult>0</difficult>
		<bndbox>
			<xmin>145.83333333333334</xmin>
			<ymin>526.0</ymin>
			<xmax>226.66666666666669</xmax>
			<ymax>646.0</ymax>
		</bndbox>
	</object>
	<object>
		<name>Others</name>
		<pose>Unspecified</pose>
		<truncated>1</truncated>
		<difficult>0</difficult>
		<bndbox>
			<xmin>321.6666666666667</xmin>
			<ymin>375.1666666666667</ymin>
			<xmax>474.1666666666667</xmax>
			<ymax>447.6666666666667</ymax>
		</bndbox>
	</object>
	<object>
		<name>Others</name>
		<pose>Unspecified</pose>
		<truncated>1</truncated>
		<difficult>0</difficult>
		<bndbox>
			<xmin>369.1666666666667</xmin>
			<ymin>311.83333333333337</ymin>
			<xmax>520.8333333333334</xmax>
			<ymax>409.33333333333337</ymax>
		</bndbox>
	</object>
	<object>
		<name>Drinking</name>
		<pose>Unspecified</pose>
		<truncated>1</truncated>
		<difficult>0</difficult>
		<bndbox>
			<xmin>593.3333333333334</xmin>
			<ymin>68.5</ymin>
			<xmax>716.6666666666667</xmax>
			<ymax>208.5</ymax>
		</bndbox>
	</object>
	<object>
		<name>Others</name>
		<pose>Unspecified</pose>
		<truncated>1</truncated>
		<difficult>0</difficult>
		<bndbox>
			<xmin>690.0</xmin>
			<ymin>18.5</ymin>
			<xmax>817.5</xmax>
			<ymax>74.33333333333334</ymax>
		</bndbox>
	</object>
	<object>
		<name>Heat Stress</name>
		<pose>Unspecified</pose>
		<truncated>1</truncated>
		<difficult>0</difficult>
		<bndbox>
			<xmin>499.1666666666667</xmin>
			<ymin>32.66666666666667</ymin>
			<xmax>584.1666666666667</xmax>
			<ymax>177.66666666666669</ymax>
		</bndbox>
	</object>
	<object>
		<name>Others</name>
		<pose>Unspecified</pose>
		<truncated>1</truncated>
		<difficult>0</difficult>
		<bndbox>
			<xmin>369.959349593496</xmin>
			<ymin>33.3170731707317</ymin>
			<xmax>472.3577235772358</xmax>
			<ymax>159.4308943089431</ymax>
		</bndbox>
	</object>
	<object>
		<name>Heat Stress</name>
		<pose>Unspecified</pose>
		<truncated>1</truncated>
		<difficult>0</difficult>
		<bndbox>
			<xmin>235.0</xmin>
			<ymin>160.16666666666669</ymin>
			<xmax>312.5</xmax>
			<ymax>268.5</ymax>
		</bndbox>
	</object>
	<object>
		<name>Heat Stress</name>
		<pose>Unspecified</pose>
		<truncated>1</truncated>
		<difficult>0</difficult>
		<bndbox>
			<xmin>265.0</xmin>
			<ymin>86.0</ymin>
			<xmax>314.1666666666667</xmax>
			<ymax>181.0</ymax>
		</bndbox>
	</object>
	<object>
		<name>Others</name>
		<pose>Unspecified</pose>
		<truncated>1</truncated>
		<difficult>0</difficult>
		<bndbox>
			<xmin>263.33333333333337</xmin>
			<ymin>198.5</ymin>
			<xmax>405.83333333333337</xmax>
			<ymax>283.5</ymax>
		</bndbox>
	</object>
	<object>
		<name>Others</name>
		<pose>Unspecified</pose>
		<truncated>1</truncated>
		<difficult>0</difficult>
		<bndbox>
			<xmin>196.66666666666669</xmin>
			<ymin>257.6666666666667</ymin>
			<xmax>311.6666666666667</xmax>
			<ymax>331.83333333333337</ymax>
		</bndbox>
	</object>
	<object>
		<name>Others</name>
		<pose>Unspecified</pose>
		<truncated>1</truncated>
		<difficult>0</difficult>
		<bndbox>
			<xmin>242.5</xmin>
			<ymin>274.33333333333337</ymin>
			<xmax>359.1666666666667</xmax>
			<ymax>391.0</ymax>
		</bndbox>
	</object>
	<object>
		<name>Others</name>
		<pose>Unspecified</pose>
		<truncated>1</truncated>
		<difficult>0</difficult>
		<bndbox>
			<xmin>84.16666666666667</xmin>
			<ymin>264.33333333333337</ymin>
			<xmax>143.33333333333334</xmax>
			<ymax>382.6666666666667</ymax>
		</bndbox>
	</object>
	<object>
		<name>Heat Stress</name>
		<pose>Unspecified</pose>
		<truncated>1</truncated>
		<difficult>0</difficult>
		<bndbox>
			<xmin>75.0</xmin>
			<ymin>166.83333333333334</ymin>
			<xmax>199.16666666666669</xmax>
			<ymax>260.1666666666667</ymax>
		</bndbox>
	</object>
	<object>
		<name>Heat Stress</name>
		<pose>Unspecified</pose>
		<truncated>1</truncated>
		<difficult>0</difficult>
		<bndbox>
			<xmin>119.16666666666667</xmin>
			<ymin>66.83333333333334</ymin>
			<xmax>177.5</xmax>
			<ymax>174.33333333333334</ymax>
		</bndbox>
	</object>
	<object>
		<name>Others</name>
		<pose>Unspecified</pose>
		<truncated>1</truncated>
		<difficult>0</difficult>
		<bndbox>
			<xmin>160.83333333333334</xmin>
			<ymin>47.66666666666667</ymin>
			<xmax>271.6666666666667</xmax>
			<ymax>111.0</ymax>
		</bndbox>
	</object>
	<object>
		<name>Heat Stress</name>
		<pose>Unspecified</pose>
		<truncated>1</truncated>
		<difficult>0</difficult>
		<bndbox>
			<xmin>245.83333333333334</xmin>
			<ymin>16.833333333333336</ymin>
			<xmax>369.1666666666667</xmax>
			<ymax>75.16666666666667</ymax>
		</bndbox>
	</object>
</annotation>