<annotation>
	<folder>UAV_data</folder>
	<filename>:\ssss\zuizhong\201907250700007130.682.8.jpg</filename>
	<source>
		<database>The UAV autolanding</database>
		<annotation>UAV AutoLanding</annotation>
		<image>flickr</image>
		<flickrid>NULL</flickrid>
	</source>
	<owner>
		<flickrid>NULL</flickrid>
		<name>ChaojieZhu</name>
	</owner>
	<size>
		<width>1280</width>
		<height>720</height>
		<depth>3</depth>
	</size>
		<segmented>0</segmented>
	<object>
		<name>Eating</name>
		<pose>Unspecified</pose>
		<truncated>1</truncated>
		<difficult>0</difficult>
		<bndbox>
			<xmin>830.8333333333334</xmin>
			<ymin>514.3333333333334</ymin>
			<xmax>923.3333333333334</xmax>
			<ymax>620.1666666666667</ymax>
		</bndbox>
	</object>
	<object>
		<name>Eating</name>
		<pose>Unspecified</pose>
		<truncated>1</truncated>
		<difficult>0</difficult>
		<bndbox>
			<xmin>278.33333333333337</xmin>
			<ymin>581.0</ymin>
			<xmax>398.33333333333337</xmax>
			<ymax>655.1666666666667</ymax>
		</bndbox>
	</object>
	<object>
		<name>Others</name>
		<pose>Unspecified</pose>
		<truncated>1</truncated>
		<difficult>0</difficult>
		<bndbox>
			<xmin>287.5</xmin>
			<ymin>363.5</ymin>
			<xmax>450.0</xmax>
			<ymax>469.33333333333337</ymax>
		</bndbox>
	</object>
	<object>
		<name>Heat Stress</name>
		<pose>Unspecified</pose>
		<truncated>1</truncated>
		<difficult>0</difficult>
		<bndbox>
			<xmin>586.6666666666667</xmin>
			<ymin>466.0</ymin>
			<xmax>698.3333333333334</xmax>
			<ymax>603.5</ymax>
		</bndbox>
	</object>
	<object>
		<name>Heat Stress</name>
		<pose>Unspecified</pose>
		<truncated>1</truncated>
		<difficult>0</difficult>
		<bndbox>
			<xmin>775.1829268292684</xmin>
			<ymin>138.3170731707317</ymin>
			<xmax>849.5934959349594</xmax>
			<ymax>298.6422764227642</ymax>
		</bndbox>
	</object>
	<object>
		<name>Heat Stress</name>
		<pose>Unspecified</pose>
		<truncated>1</truncated>
		<difficult>0</difficult>
		<bndbox>
			<xmin>121.6260162601626</xmin>
			<ymin>367.6056910569106</ymin>
			<xmax>220.32520325203254</xmax>
			<ymax>469.3739837398374</ymax>
		</bndbox>
	</object>
	<object>
		<name>Heat Stress</name>
		<pose>Unspecified</pose>
		<truncated>1</truncated>
		<difficult>0</difficult>
		<bndbox>
			<xmin>582.5</xmin>
			<ymin>118.5</ymin>
			<xmax>687.5</xmax>
			<ymax>270.1666666666667</ymax>
		</bndbox>
	</object>
	<object>
		<name>Others</name>
		<pose>Unspecified</pose>
		<truncated>1</truncated>
		<difficult>0</difficult>
		<bndbox>
			<xmin>722.5</xmin>
			<ymin>285.1666666666667</ymin>
			<xmax>796.6666666666667</xmax>
			<ymax>427.6666666666667</ymax>
		</bndbox>
	</object>
	<object>
		<name>Others</name>
		<pose>Unspecified</pose>
		<truncated>1</truncated>
		<difficult>0</difficult>
		<bndbox>
			<xmin>595.0</xmin>
			<ymin>375.1666666666667</ymin>
			<xmax>678.3333333333334</xmax>
			<ymax>491.83333333333337</ymax>
		</bndbox>
	</object>
	<object>
		<name>Others</name>
		<pose>Unspecified</pose>
		<truncated>1</truncated>
		<difficult>0</difficult>
		<bndbox>
			<xmin>659.1666666666667</xmin>
			<ymin>378.5</ymin>
			<xmax>750.0</xmax>
			<ymax>519.3333333333334</ymax>
		</bndbox>
	</object>
	<object>
		<name>Others</name>
		<pose>Unspecified</pose>
		<truncated>1</truncated>
		<difficult>0</difficult>
		<bndbox>
			<xmin>228.33333333333334</xmin>
			<ymin>487.6666666666667</ymin>
			<xmax>304.1666666666667</xmax>
			<ymax>626.0</ymax>
		</bndbox>
	</object>
	<object>
		<name>Others</name>
		<pose>Unspecified</pose>
		<truncated>1</truncated>
		<difficult>0</difficult>
		<bndbox>
			<xmin>121.66666666666667</xmin>
			<ymin>462.6666666666667</ymin>
			<xmax>195.83333333333334</xmax>
			<ymax>583.5</ymax>
		</bndbox>
	</object>
	<object>
		<name>Others</name>
		<pose>Unspecified</pose>
		<truncated>1</truncated>
		<difficult>0</difficult>
		<bndbox>
			<xmin>108.33333333333334</xmin>
			<ymin>548.5</ymin>
			<xmax>202.5</xmax>
			<ymax>651.8333333333334</ymax>
		</bndbox>
	</object>
	<object>
		<name>Others</name>
		<pose>Unspecified</pose>
		<truncated>1</truncated>
		<difficult>0</difficult>
		<bndbox>
			<xmin>135.83333333333334</xmin>
			<ymin>574.3333333333334</ymin>
			<xmax>252.5</xmax>
			<ymax>644.3333333333334</ymax>
		</bndbox>
	</object>
	<object>
		<name>Others</name>
		<pose>Unspecified</pose>
		<truncated>1</truncated>
		<difficult>0</difficult>
		<bndbox>
			<xmin>483.33333333333337</xmin>
			<ymin>184.33333333333334</ymin>
			<xmax>581.6666666666667</xmax>
			<ymax>326.0</ymax>
		</bndbox>
	</object>
	<object>
		<name>Others</name>
		<pose>Unspecified</pose>
		<truncated>1</truncated>
		<difficult>0</difficult>
		<bndbox>
			<xmin>443.1707317073171</xmin>
			<ymin>90.49186991869917</ymin>
			<xmax>511.3821138211382</xmax>
			<ymax>248.2357723577236</ymax>
		</bndbox>
	</object>
	<object>
		<name>Others</name>
		<pose>Unspecified</pose>
		<truncated>1</truncated>
		<difficult>0</difficult>
		<bndbox>
			<xmin>555.0</xmin>
			<ymin>96.0</ymin>
			<xmax>694.1666666666667</xmax>
			<ymax>178.5</ymax>
		</bndbox>
	</object>
	<object>
		<name>Others</name>
		<pose>Unspecified</pose>
		<truncated>1</truncated>
		<difficult>0</difficult>
		<bndbox>
			<xmin>740.0</xmin>
			<ymin>16.0</ymin>
			<xmax>841.6666666666667</xmax>
			<ymax>71.83333333333334</ymax>
		</bndbox>
	</object>
	<object>
		<name>Others</name>
		<pose>Unspecified</pose>
		<truncated>1</truncated>
		<difficult>0</difficult>
		<bndbox>
			<xmin>656.6666666666667</xmin>
			<ymin>13.5</ymin>
			<xmax>778.8617886178862</xmax>
			<ymax>107.58536585365854</ymax>
		</bndbox>
	</object>
	<object>
		<name>Heat Stress</name>
		<pose>Unspecified</pose>
		<truncated>1</truncated>
		<difficult>0</difficult>
		<bndbox>
			<xmin>255.83333333333334</xmin>
			<ymin>98.5</ymin>
			<xmax>429.1666666666667</xmax>
			<ymax>192.66666666666669</ymax>
		</bndbox>
	</object>
	<object>
		<name>Others</name>
		<pose>Unspecified</pose>
		<truncated>1</truncated>
		<difficult>0</difficult>
		<bndbox>
			<xmin>370.0</xmin>
			<ymin>41.833333333333336</ymin>
			<xmax>455.0</xmax>
			<ymax>131.83333333333334</ymax>
		</bndbox>
	</object>
	<object>
		<name>Drinking</name>
		<pose>Unspecified</pose>
		<truncated>1</truncated>
		<difficult>0</difficult>
		<bndbox>
			<xmin>369.9186991869919</xmin>
			<ymin>11.650406504065039</ymin>
			<xmax>498.33333333333337</xmax>
			<ymax>61.0</ymax>
		</bndbox>
	</object>
	<object>
		<name>Others</name>
		<pose>Unspecified</pose>
		<truncated>1</truncated>
		<difficult>0</difficult>
		<bndbox>
			<xmin>498.33333333333337</xmin>
			<ymin>35.16666666666667</ymin>
			<xmax>596.6666666666667</xmax>
			<ymax>93.5</ymax>
		</bndbox>
	</object>
	<object>
		<name>Others</name>
		<pose>Unspecified</pose>
		<truncated>1</truncated>
		<difficult>0</difficult>
		<bndbox>
			<xmin>289.1666666666667</xmin>
			<ymin>59.33333333333334</ymin>
			<xmax>375.83333333333337</xmax>
			<ymax>108.5</ymax>
		</bndbox>
	</object>
	<object>
		<name>Others</name>
		<pose>Unspecified</pose>
		<truncated>1</truncated>
		<difficult>0</difficult>
		<bndbox>
			<xmin>107.5</xmin>
			<ymin>216.0</ymin>
			<xmax>241.66666666666669</xmax>
			<ymax>280.1666666666667</ymax>
		</bndbox>
	</object>
	<object>
		<name>Heat Stress</name>
		<pose>Unspecified</pose>
		<truncated>1</truncated>
		<difficult>0</difficult>
		<bndbox>
			<xmin>130.83333333333334</xmin>
			<ymin>41.833333333333336</ymin>
			<xmax>186.66666666666669</xmax>
			<ymax>127.66666666666669</ymax>
		</bndbox>
	</object>
	<object>
		<name>Others</name>
		<pose>Unspecified</pose>
		<truncated>1</truncated>
		<difficult>0</difficult>
		<bndbox>
			<xmin>120.0</xmin>
			<ymin>88.5</ymin>
			<xmax>245.0</xmax>
			<ymax>155.16666666666669</ymax>
		</bndbox>
	</object>
	<object>
		<name>Others</name>
		<pose>Unspecified</pose>
		<truncated>1</truncated>
		<difficult>0</difficult>
		<bndbox>
			<xmin>137.5</xmin>
			<ymin>149.33333333333334</ymin>
			<xmax>239.16666666666669</xmax>
			<ymax>233.5</ymax>
		</bndbox>
	</object>
	<object>
		<name>Others</name>
		<pose>Unspecified</pose>
		<truncated>1</truncated>
		<difficult>0</difficult>
		<bndbox>
			<xmin>224.16666666666669</xmin>
			<ymin>20.16666666666667</ymin>
			<xmax>305.0</xmax>
			<ymax>186.83333333333334</ymax>
		</bndbox>
	</object>
	<object>
		<name>Others</name>
		<pose>Unspecified</pose>
		<truncated>1</truncated>
		<difficult>0</difficult>
		<bndbox>
			<xmin>182.5</xmin>
			<ymin>0.16666666666666785</ymin>
			<xmax>274.1666666666667</xmax>
			<ymax>59.33333333333334</ymax>
		</bndbox>
	</object>
	<object>
		<name>Others</name>
		<pose>Unspecified</pose>
		<truncated>1</truncated>
		<difficult>0</difficult>
		<bndbox>
			<xmin>227.5</xmin>
			<ymin>3.5</ymin>
			<xmax>349.1666666666667</xmax>
			<ymax>83.5</ymax>
		</bndbox>
	</object>
</annotation>