<annotation>
	<folder>UAV_data</folder>
	<filename>:\ssss\zuizhong\201907261520005231.175.1.jpg</filename>
	<source>
		<database>The UAV autolanding</database>
		<annotation>UAV AutoLanding</annotation>
		<image>flickr</image>
		<flickrid>NULL</flickrid>
	</source>
	<owner>
		<flickrid>NULL</flickrid>
		<name>ChaojieZhu</name>
	</owner>
	<size>
		<width>1280</width>
		<height>720</height>
		<depth>3</depth>
	</size>
		<segmented>0</segmented>
	<object>
		<name>Heat Stress</name>
		<pose>Unspecified</pose>
		<truncated>1</truncated>
		<difficult>0</difficult>
		<bndbox>
			<xmin>844.1666666666667</xmin>
			<ymin>551.8333333333334</ymin>
			<xmax>919.1666666666667</xmax>
			<ymax>663.5</ymax>
		</bndbox>
	</object>
	<object>
		<name>Heat Stress</name>
		<pose>Unspecified</pose>
		<truncated>1</truncated>
		<difficult>0</difficult>
		<bndbox>
			<xmin>661.6666666666667</xmin>
			<ymin>398.5</ymin>
			<xmax>745.8333333333334</xmax>
			<ymax>535.1666666666667</ymax>
		</bndbox>
	</object>
	<object>
		<name>Others</name>
		<pose>Unspecified</pose>
		<truncated>1</truncated>
		<difficult>0</difficult>
		<bndbox>
			<xmin>615.8333333333334</xmin>
			<ymin>269.33333333333337</ymin>
			<xmax>708.3333333333334</xmax>
			<ymax>434.33333333333337</ymax>
		</bndbox>
	</object>
	<object>
		<name>Others</name>
		<pose>Unspecified</pose>
		<truncated>1</truncated>
		<difficult>0</difficult>
		<bndbox>
			<xmin>501.6666666666667</xmin>
			<ymin>348.5</ymin>
			<xmax>610.0</xmax>
			<ymax>458.5</ymax>
		</bndbox>
	</object>
	<object>
		<name>Others</name>
		<pose>Unspecified</pose>
		<truncated>1</truncated>
		<difficult>0</difficult>
		<bndbox>
			<xmin>775.8333333333334</xmin>
			<ymin>341.0</ymin>
			<xmax>860.8333333333334</xmax>
			<ymax>518.5</ymax>
		</bndbox>
	</object>
	<object>
		<name>Eating</name>
		<pose>Unspecified</pose>
		<truncated>1</truncated>
		<difficult>0</difficult>
		<bndbox>
			<xmin>355.0</xmin>
			<ymin>594.5162601626017</ymin>
			<xmax>497.5609756097561</xmax>
			<ymax>718.1544715447154</ymax>
		</bndbox>
	</object>
	<object>
		<name>Others</name>
		<pose>Unspecified</pose>
		<truncated>1</truncated>
		<difficult>0</difficult>
		<bndbox>
			<xmin>293.33333333333337</xmin>
			<ymin>346.0</ymin>
			<xmax>381.6666666666667</xmax>
			<ymax>491.83333333333337</ymax>
		</bndbox>
	</object>
	<object>
		<name>Heat Stress</name>
		<pose>Unspecified</pose>
		<truncated>1</truncated>
		<difficult>0</difficult>
		<bndbox>
			<xmin>236.66666666666669</xmin>
			<ymin>585.1666666666667</ymin>
			<xmax>362.5</xmax>
			<ymax>673.5</ymax>
		</bndbox>
	</object>
	<object>
		<name>Heat Stress</name>
		<pose>Unspecified</pose>
		<truncated>1</truncated>
		<difficult>0</difficult>
		<bndbox>
			<xmin>355.0</xmin>
			<ymin>331.0</ymin>
			<xmax>504.1666666666667</xmax>
			<ymax>416.0</ymax>
		</bndbox>
	</object>
	<object>
		<name>Others</name>
		<pose>Unspecified</pose>
		<truncated>1</truncated>
		<difficult>0</difficult>
		<bndbox>
			<xmin>315.8536585365854</xmin>
			<ymin>251.83333333333337</ymin>
			<xmax>486.6869918699187</xmax>
			<ymax>353.5</ymax>
		</bndbox>
	</object>
	<object>
		<name>Heat Stress</name>
		<pose>Unspecified</pose>
		<truncated>1</truncated>
		<difficult>0</difficult>
		<bndbox>
			<xmin>413.33333333333337</xmin>
			<ymin>171.83333333333334</ymin>
			<xmax>538.3333333333334</xmax>
			<ymax>317.6666666666667</ymax>
		</bndbox>
	</object>
	<object>
		<name>Heat Stress</name>
		<pose>Unspecified</pose>
		<truncated>1</truncated>
		<difficult>0</difficult>
		<bndbox>
			<xmin>782.5</xmin>
			<ymin>256.83333333333337</ymin>
			<xmax>912.5</xmax>
			<ymax>351.0</ymax>
		</bndbox>
	</object>
	<object>
		<name>Others</name>
		<pose>Unspecified</pose>
		<truncated>1</truncated>
		<difficult>0</difficult>
		<bndbox>
			<xmin>820.0</xmin>
			<ymin>109.33333333333334</ymin>
			<xmax>972.5</xmax>
			<ymax>231.83333333333334</ymax>
		</bndbox>
	</object>
	<object>
		<name>Heat Stress</name>
		<pose>Unspecified</pose>
		<truncated>1</truncated>
		<difficult>0</difficult>
		<bndbox>
			<xmin>851.6666666666667</xmin>
			<ymin>1.0</ymin>
			<xmax>930.8333333333334</xmax>
			<ymax>141.83333333333334</ymax>
		</bndbox>
	</object>
	<object>
		<name>Heat Stress</name>
		<pose>Unspecified</pose>
		<truncated>1</truncated>
		<difficult>0</difficult>
		<bndbox>
			<xmin>682.5</xmin>
			<ymin>136.0</ymin>
			<xmax>817.5</xmax>
			<ymax>296.83333333333337</ymax>
		</bndbox>
	</object>
	<object>
		<name>Others</name>
		<pose>Unspecified</pose>
		<truncated>1</truncated>
		<difficult>0</difficult>
		<bndbox>
			<xmin>695.8333333333334</xmin>
			<ymin>70.16666666666667</ymin>
			<xmax>804.1666666666667</xmax>
			<ymax>166.83333333333334</ymax>
		</bndbox>
	</object>
	<object>
		<name>Others</name>
		<pose>Unspecified</pose>
		<truncated>1</truncated>
		<difficult>0</difficult>
		<bndbox>
			<xmin>615.8333333333334</xmin>
			<ymin>92.66666666666667</ymin>
			<xmax>696.6666666666667</xmax>
			<ymax>251.0</ymax>
		</bndbox>
	</object>
	<object>
		<name>Drinking</name>
		<pose>Unspecified</pose>
		<truncated>1</truncated>
		<difficult>0</difficult>
		<bndbox>
			<xmin>544.9796747967481</xmin>
			<ymin>77.70731707317074</ymin>
			<xmax>626.6463414634147</xmax>
			<ymax>262.70731707317077</ymax>
		</bndbox>
	</object>
	<object>
		<name>Others</name>
		<pose>Unspecified</pose>
		<truncated>1</truncated>
		<difficult>0</difficult>
		<bndbox>
			<xmin>118.33333333333334</xmin>
			<ymin>540.1666666666667</ymin>
			<xmax>194.16666666666669</xmax>
			<ymax>682.6666666666667</ymax>
		</bndbox>
	</object>
	<object>
		<name>Others</name>
		<pose>Unspecified</pose>
		<truncated>1</truncated>
		<difficult>0</difficult>
		<bndbox>
			<xmin>701.6666666666667</xmin>
			<ymin>23.5</ymin>
			<xmax>840.8333333333334</xmax>
			<ymax>83.5</ymax>
		</bndbox>
	</object>
	<object>
		<name>Drinking</name>
		<pose>Unspecified</pose>
		<truncated>1</truncated>
		<difficult>0</difficult>
		<bndbox>
			<xmin>471.5447154471545</xmin>
			<ymin>15.715447154471548</ymin>
			<xmax>561.6666666666667</xmax>
			<ymax>161.0</ymax>
		</bndbox>
	</object>
	<object>
		<name>Others</name>
		<pose>Unspecified</pose>
		<truncated>1</truncated>
		<difficult>0</difficult>
		<bndbox>
			<xmin>389.1666666666667</xmin>
			<ymin>24.333333333333336</ymin>
			<xmax>475.0</xmax>
			<ymax>129.33333333333334</ymax>
		</bndbox>
	</object>
	<object>
		<name>Drinking</name>
		<pose>Unspecified</pose>
		<truncated>1</truncated>
		<difficult>0</difficult>
		<bndbox>
			<xmin>368.33333333333337</xmin>
			<ymin>86.0</ymin>
			<xmax>440.83333333333337</xmax>
			<ymax>215.16666666666669</ymax>
		</bndbox>
	</object>
	<object>
		<name>Heat Stress</name>
		<pose>Unspecified</pose>
		<truncated>1</truncated>
		<difficult>0</difficult>
		<bndbox>
			<xmin>310.0</xmin>
			<ymin>174.33333333333334</ymin>
			<xmax>403.33333333333337</xmax>
			<ymax>301.0</ymax>
		</bndbox>
	</object>
	<object>
		<name>Heat Stress</name>
		<pose>Unspecified</pose>
		<truncated>1</truncated>
		<difficult>0</difficult>
		<bndbox>
			<xmin>228.33333333333334</xmin>
			<ymin>210.16666666666669</ymin>
			<xmax>325.0</xmax>
			<ymax>337.6666666666667</ymax>
		</bndbox>
	</object>
	<object>
		<name>Others</name>
		<pose>Unspecified</pose>
		<truncated>1</truncated>
		<difficult>0</difficult>
		<bndbox>
			<xmin>184.16666666666669</xmin>
			<ymin>181.83333333333334</ymin>
			<xmax>274.1666666666667</xmax>
			<ymax>274.33333333333337</ymax>
		</bndbox>
	</object>
	<object>
		<name>Heat Stress</name>
		<pose>Unspecified</pose>
		<truncated>1</truncated>
		<difficult>0</difficult>
		<bndbox>
			<xmin>231.66666666666669</xmin>
			<ymin>107.66666666666667</ymin>
			<xmax>359.1666666666667</xmax>
			<ymax>174.33333333333334</ymax>
		</bndbox>
	</object>
	<object>
		<name>Others</name>
		<pose>Unspecified</pose>
		<truncated>1</truncated>
		<difficult>0</difficult>
		<bndbox>
			<xmin>287.5</xmin>
			<ymin>4.333333333333336</ymin>
			<xmax>348.33333333333337</xmax>
			<ymax>136.83333333333334</ymax>
		</bndbox>
	</object>
	<object>
		<name>Others</name>
		<pose>Unspecified</pose>
		<truncated>1</truncated>
		<difficult>0</difficult>
		<bndbox>
			<xmin>194.16666666666669</xmin>
			<ymin>7.666666666666668</ymin>
			<xmax>309.1666666666667</xmax>
			<ymax>96.83333333333334</ymax>
		</bndbox>
	</object>
	<object>
		<name>Others</name>
		<pose>Unspecified</pose>
		<truncated>1</truncated>
		<difficult>0</difficult>
		<bndbox>
			<xmin>126.66666666666667</xmin>
			<ymin>38.5</ymin>
			<xmax>210.83333333333334</xmax>
			<ymax>131.83333333333334</ymax>
		</bndbox>
	</object>
	<object>
		<name>Heat Stress</name>
		<pose>Unspecified</pose>
		<truncated>1</truncated>
		<difficult>0</difficult>
		<bndbox>
			<xmin>119.16666666666667</xmin>
			<ymin>134.33333333333334</ymin>
			<xmax>180.83333333333334</xmax>
			<ymax>255.16666666666669</ymax>
		</bndbox>
	</object>
	<object>
		<name>Others</name>
		<pose>Unspecified</pose>
		<truncated>1</truncated>
		<difficult>0</difficult>
		<bndbox>
			<xmin>101.66666666666667</xmin>
			<ymin>299.33333333333337</ymin>
			<xmax>175.0</xmax>
			<ymax>409.33333333333337</ymax>
		</bndbox>
	</object>
	<object>
		<name>Others</name>
		<pose>Unspecified</pose>
		<truncated>1</truncated>
		<difficult>0</difficult>
		<bndbox>
			<xmin>147.5</xmin>
			<ymin>403.5</ymin>
			<xmax>235.83333333333334</xmax>
			<ymax>491.83333333333337</ymax>
		</bndbox>
	</object>
</annotation>