<annotation>
	<folder>UAV_data</folder>
	<filename>:\ssss\zuizhong\201907250700009130.682.8.jpg</filename>
	<source>
		<database>The UAV autolanding</database>
		<annotation>UAV AutoLanding</annotation>
		<image>flickr</image>
		<flickrid>NULL</flickrid>
	</source>
	<owner>
		<flickrid>NULL</flickrid>
		<name>ChaojieZhu</name>
	</owner>
	<size>
		<width>1280</width>
		<height>720</height>
		<depth>3</depth>
	</size>
		<segmented>0</segmented>
	<object>
		<name>Others</name>
		<pose>Unspecified</pose>
		<truncated>1</truncated>
		<difficult>0</difficult>
		<bndbox>
			<xmin>843.3333333333334</xmin>
			<ymin>518.5</ymin>
			<xmax>926.6666666666667</xmax>
			<ymax>626.0</ymax>
		</bndbox>
	</object>
	<object>
		<name>Eating</name>
		<pose>Unspecified</pose>
		<truncated>1</truncated>
		<difficult>0</difficult>
		<bndbox>
			<xmin>254.16666666666669</xmin>
			<ymin>452.6666666666667</ymin>
			<xmax>356.6666666666667</xmax>
			<ymax>598.5</ymax>
		</bndbox>
	</object>
	<object>
		<name>Others</name>
		<pose>Unspecified</pose>
		<truncated>1</truncated>
		<difficult>0</difficult>
		<bndbox>
			<xmin>385.83333333333337</xmin>
			<ymin>617.6666666666667</ymin>
			<xmax>556.6666666666667</xmax>
			<ymax>689.3333333333334</ymax>
		</bndbox>
	</object>
	<object>
		<name>Eating</name>
		<pose>Unspecified</pose>
		<truncated>1</truncated>
		<difficult>0</difficult>
		<bndbox>
			<xmin>665.8333333333334</xmin>
			<ymin>381.0</ymin>
			<xmax>804.1666666666667</xmax>
			<ymax>520.1666666666667</ymax>
		</bndbox>
	</object>
	<object>
		<name>Heat Stress</name>
		<pose>Unspecified</pose>
		<truncated>1</truncated>
		<difficult>0</difficult>
		<bndbox>
			<xmin>460.83333333333337</xmin>
			<ymin>265.1666666666667</ymin>
			<xmax>570.8333333333334</xmax>
			<ymax>439.33333333333337</ymax>
		</bndbox>
	</object>
	<object>
		<name>Heat Stress</name>
		<pose>Unspecified</pose>
		<truncated>1</truncated>
		<difficult>0</difficult>
		<bndbox>
			<xmin>762.5</xmin>
			<ymin>123.5</ymin>
			<xmax>849.1666666666667</xmax>
			<ymax>300.1666666666667</ymax>
		</bndbox>
	</object>
	<object>
		<name>Others</name>
		<pose>Unspecified</pose>
		<truncated>1</truncated>
		<difficult>0</difficult>
		<bndbox>
			<xmin>720.0</xmin>
			<ymin>285.1666666666667</ymin>
			<xmax>818.3333333333334</xmax>
			<ymax>419.33333333333337</ymax>
		</bndbox>
	</object>
	<object>
		<name>Others</name>
		<pose>Unspecified</pose>
		<truncated>1</truncated>
		<difficult>0</difficult>
		<bndbox>
			<xmin>592.5</xmin>
			<ymin>366.0</ymin>
			<xmax>689.1666666666667</xmax>
			<ymax>506.83333333333337</ymax>
		</bndbox>
	</object>
	<object>
		<name>Heat Stress</name>
		<pose>Unspecified</pose>
		<truncated>1</truncated>
		<difficult>0</difficult>
		<bndbox>
			<xmin>546.6666666666667</xmin>
			<ymin>515.1666666666667</ymin>
			<xmax>669.1666666666667</xmax>
			<ymax>662.6666666666667</ymax>
		</bndbox>
	</object>
	<object>
		<name>Others</name>
		<pose>Unspecified</pose>
		<truncated>1</truncated>
		<difficult>0</difficult>
		<bndbox>
			<xmin>289.1666666666667</xmin>
			<ymin>372.6666666666667</ymin>
			<xmax>449.1666666666667</xmax>
			<ymax>451.83333333333337</ymax>
		</bndbox>
	</object>
	<object>
		<name>Others</name>
		<pose>Unspecified</pose>
		<truncated>1</truncated>
		<difficult>0</difficult>
		<bndbox>
			<xmin>103.130081300813</xmin>
			<ymin>341.9349593495935</ymin>
			<xmax>220.32520325203254</xmax>
			<ymax>450.6747967479675</ymax>
		</bndbox>
	</object>
	<object>
		<name>Others</name>
		<pose>Unspecified</pose>
		<truncated>1</truncated>
		<difficult>0</difficult>
		<bndbox>
			<xmin>120.83333333333334</xmin>
			<ymin>455.1666666666667</ymin>
			<xmax>203.33333333333334</xmax>
			<ymax>587.6666666666667</ymax>
		</bndbox>
	</object>
	<object>
		<name>Others</name>
		<pose>Unspecified</pose>
		<truncated>1</truncated>
		<difficult>0</difficult>
		<bndbox>
			<xmin>111.38211382113822</xmin>
			<ymin>553.1138211382114</ymin>
			<xmax>198.4552845528455</xmax>
			<ymax>651.0813008130082</ymax>
		</bndbox>
	</object>
	<object>
		<name>Others</name>
		<pose>Unspecified</pose>
		<truncated>1</truncated>
		<difficult>0</difficult>
		<bndbox>
			<xmin>220.83333333333334</xmin>
			<ymin>496.0</ymin>
			<xmax>282.5</xmax>
			<ymax>650.1666666666667</ymax>
		</bndbox>
	</object>
	<object>
		<name>Others</name>
		<pose>Unspecified</pose>
		<truncated>1</truncated>
		<difficult>0</difficult>
		<bndbox>
			<xmin>143.33333333333334</xmin>
			<ymin>577.6666666666667</ymin>
			<xmax>251.66666666666669</xmax>
			<ymax>659.3333333333334</ymax>
		</bndbox>
	</object>
	<object>
		<name>Heat Stress</name>
		<pose>Unspecified</pose>
		<truncated>1</truncated>
		<difficult>0</difficult>
		<bndbox>
			<xmin>101.66666666666667</xmin>
			<ymin>213.5</ymin>
			<xmax>248.33333333333334</xmax>
			<ymax>307.6666666666667</ymax>
		</bndbox>
	</object>
	<object>
		<name>Heat Stress</name>
		<pose>Unspecified</pose>
		<truncated>1</truncated>
		<difficult>0</difficult>
		<bndbox>
			<xmin>133.33333333333334</xmin>
			<ymin>45.796747967479675</ymin>
			<xmax>190.83333333333334</xmax>
			<ymax>120.45121951219512</ymax>
		</bndbox>
	</object>
	<object>
		<name>Others</name>
		<pose>Unspecified</pose>
		<truncated>1</truncated>
		<difficult>0</difficult>
		<bndbox>
			<xmin>101.5650406504065</xmin>
			<ymin>133.5</ymin>
			<xmax>153.2317073170732</xmax>
			<ymax>231.83333333333334</ymax>
		</bndbox>
	</object>
	<object>
		<name>Others</name>
		<pose>Unspecified</pose>
		<truncated>1</truncated>
		<difficult>0</difficult>
		<bndbox>
			<xmin>119.16666666666667</xmin>
			<ymin>128.5</ymin>
			<xmax>237.5</xmax>
			<ymax>230.16666666666669</ymax>
		</bndbox>
	</object>
	<object>
		<name>Others</name>
		<pose>Unspecified</pose>
		<truncated>1</truncated>
		<difficult>0</difficult>
		<bndbox>
			<xmin>138.33333333333334</xmin>
			<ymin>84.33333333333334</ymin>
			<xmax>233.33333333333334</xmax>
			<ymax>165.16666666666669</ymax>
		</bndbox>
	</object>
	<object>
		<name>Others</name>
		<pose>Unspecified</pose>
		<truncated>1</truncated>
		<difficult>0</difficult>
		<bndbox>
			<xmin>243.1707317073171</xmin>
			<ymin>133.52032520325204</ymin>
			<xmax>373.9837398373984</xmax>
			<ymax>217.34146341463415</ymax>
		</bndbox>
	</object>
	<object>
		<name>Others</name>
		<pose>Unspecified</pose>
		<truncated>1</truncated>
		<difficult>0</difficult>
		<bndbox>
			<xmin>218.33333333333334</xmin>
			<ymin>19.333333333333336</ymin>
			<xmax>290.83333333333337</xmax>
			<ymax>190.16666666666669</ymax>
		</bndbox>
	</object>
	<object>
		<name>Others</name>
		<pose>Unspecified</pose>
		<truncated>1</truncated>
		<difficult>0</difficult>
		<bndbox>
			<xmin>584.1666666666667</xmin>
			<ymin>125.16666666666669</ymin>
			<xmax>683.3333333333334</xmax>
			<ymax>282.6666666666667</ymax>
		</bndbox>
	</object>
	<object>
		<name>Others</name>
		<pose>Unspecified</pose>
		<truncated>1</truncated>
		<difficult>0</difficult>
		<bndbox>
			<xmin>441.6666666666667</xmin>
			<ymin>100.16666666666667</ymin>
			<xmax>515.0</xmax>
			<ymax>254.33333333333337</ymax>
		</bndbox>
	</object>
	<object>
		<name>Others</name>
		<pose>Unspecified</pose>
		<truncated>1</truncated>
		<difficult>0</difficult>
		<bndbox>
			<xmin>469.1666666666667</xmin>
			<ymin>94.33333333333334</ymin>
			<xmax>640.8333333333334</xmax>
			<ymax>184.33333333333334</ymax>
		</bndbox>
	</object>
	<object>
		<name>Others</name>
		<pose>Unspecified</pose>
		<truncated>1</truncated>
		<difficult>0</difficult>
		<bndbox>
			<xmin>607.8658536585365</xmin>
			<ymin>102.91056910569105</ymin>
			<xmax>693.4959349593496</xmax>
			<ymax>171.0</ymax>
		</bndbox>
	</object>
	<object>
		<name>Others</name>
		<pose>Unspecified</pose>
		<truncated>1</truncated>
		<difficult>0</difficult>
		<bndbox>
			<xmin>670.0406504065041</xmin>
			<ymin>28.21544715447154</ymin>
			<xmax>778.0487804878048</xmax>
			<ymax>118.96747967479675</ymax>
		</bndbox>
	</object>
	<object>
		<name>Others</name>
		<pose>Unspecified</pose>
		<truncated>1</truncated>
		<difficult>0</difficult>
		<bndbox>
			<xmin>725.0</xmin>
			<ymin>13.5</ymin>
			<xmax>839.1666666666667</xmax>
			<ymax>71.83333333333334</ymax>
		</bndbox>
	</object>
	<object>
		<name>Drinking</name>
		<pose>Unspecified</pose>
		<truncated>1</truncated>
		<difficult>0</difficult>
		<bndbox>
			<xmin>362.5</xmin>
			<ymin>16.0</ymin>
			<xmax>457.5</xmax>
			<ymax>146.0</ymax>
		</bndbox>
	</object>
	<object>
		<name>Drinking</name>
		<pose>Unspecified</pose>
		<truncated>1</truncated>
		<difficult>0</difficult>
		<bndbox>
			<xmin>325.0</xmin>
			<ymin>19.333333333333336</ymin>
			<xmax>443.33333333333337</xmax>
			<ymax>121.0</ymax>
		</bndbox>
	</object>
</annotation>