<annotation>
	<folder>UAV_data</folder>
	<filename>:\ssss\zuizhong\201907261520012131.175.7.jpg</filename>
	<source>
		<database>The UAV autolanding</database>
		<annotation>UAV AutoLanding</annotation>
		<image>flickr</image>
		<flickrid>NULL</flickrid>
	</source>
	<owner>
		<flickrid>NULL</flickrid>
		<name>ChaojieZhu</name>
	</owner>
	<size>
		<width>1280</width>
		<height>720</height>
		<depth>3</depth>
	</size>
		<segmented>0</segmented>
	<object>
		<name>Heat Stress</name>
		<pose>Unspecified</pose>
		<truncated>1</truncated>
		<difficult>0</difficult>
		<bndbox>
			<xmin>841.6666666666667</xmin>
			<ymin>556.0</ymin>
			<xmax>915.0</xmax>
			<ymax>673.5</ymax>
		</bndbox>
	</object>
	<object>
		<name>Heat Stress</name>
		<pose>Unspecified</pose>
		<truncated>1</truncated>
		<difficult>0</difficult>
		<bndbox>
			<xmin>736.6666666666667</xmin>
			<ymin>361.0</ymin>
			<xmax>864.1666666666667</xmax>
			<ymax>463.5</ymax>
		</bndbox>
	</object>
	<object>
		<name>Others</name>
		<pose>Unspecified</pose>
		<truncated>1</truncated>
		<difficult>0</difficult>
		<bndbox>
			<xmin>666.6666666666667</xmin>
			<ymin>399.33333333333337</ymin>
			<xmax>740.8333333333334</xmax>
			<ymax>548.5</ymax>
		</bndbox>
	</object>
	<object>
		<name>Others</name>
		<pose>Unspecified</pose>
		<truncated>1</truncated>
		<difficult>0</difficult>
		<bndbox>
			<xmin>474.93902439024396</xmin>
			<ymin>444.19105691056916</ymin>
			<xmax>679.6747967479674</xmax>
			<ymax>540.7967479674796</ymax>
		</bndbox>
	</object>
	<object>
		<name>Heat Stress</name>
		<pose>Unspecified</pose>
		<truncated>1</truncated>
		<difficult>0</difficult>
		<bndbox>
			<xmin>835.0</xmin>
			<ymin>304.33333333333337</ymin>
			<xmax>918.3333333333334</xmax>
			<ymax>443.5</ymax>
		</bndbox>
	</object>
	<object>
		<name>Others</name>
		<pose>Unspecified</pose>
		<truncated>1</truncated>
		<difficult>0</difficult>
		<bndbox>
			<xmin>265.83333333333337</xmin>
			<ymin>556.0</ymin>
			<xmax>372.5</xmax>
			<ymax>671.8333333333334</ymax>
		</bndbox>
	</object>
	<object>
		<name>Others</name>
		<pose>Unspecified</pose>
		<truncated>1</truncated>
		<difficult>0</difficult>
		<bndbox>
			<xmin>131.66666666666669</xmin>
			<ymin>416.83333333333337</ymin>
			<xmax>208.33333333333334</xmax>
			<ymax>565.1666666666667</ymax>
		</bndbox>
	</object>
	<object>
		<name>Others</name>
		<pose>Unspecified</pose>
		<truncated>1</truncated>
		<difficult>0</difficult>
		<bndbox>
			<xmin>114.16666666666667</xmin>
			<ymin>518.5</ymin>
			<xmax>193.33333333333334</xmax>
			<ymax>678.5</ymax>
		</bndbox>
	</object>
	<object>
		<name>Others</name>
		<pose>Unspecified</pose>
		<truncated>1</truncated>
		<difficult>0</difficult>
		<bndbox>
			<xmin>676.6666666666667</xmin>
			<ymin>253.5</ymin>
			<xmax>831.6666666666667</xmax>
			<ymax>338.5</ymax>
		</bndbox>
	</object>
	<object>
		<name>Others</name>
		<pose>Unspecified</pose>
		<truncated>1</truncated>
		<difficult>0</difficult>
		<bndbox>
			<xmin>615.0406504065041</xmin>
			<ymin>268.5</ymin>
			<xmax>701.7073170731708</xmax>
			<ymax>411.0</ymax>
		</bndbox>
	</object>
	<object>
		<name>Heat Stress</name>
		<pose>Unspecified</pose>
		<truncated>1</truncated>
		<difficult>0</difficult>
		<bndbox>
			<xmin>517.5</xmin>
			<ymin>254.33333333333337</ymin>
			<xmax>623.3333333333334</xmax>
			<ymax>341.0</ymax>
		</bndbox>
	</object>
	<object>
		<name>Heat Stress</name>
		<pose>Unspecified</pose>
		<truncated>1</truncated>
		<difficult>0</difficult>
		<bndbox>
			<xmin>350.83333333333337</xmin>
			<ymin>330.1666666666667</ymin>
			<xmax>500.0</xmax>
			<ymax>409.33333333333337</ymax>
		</bndbox>
	</object>
	<object>
		<name>Others</name>
		<pose>Unspecified</pose>
		<truncated>1</truncated>
		<difficult>0</difficult>
		<bndbox>
			<xmin>339.1869918699187</xmin>
			<ymin>232.66666666666669</ymin>
			<xmax>490.8536585365854</xmax>
			<ymax>340.1666666666667</ymax>
		</bndbox>
	</object>
	<object>
		<name>Others</name>
		<pose>Unspecified</pose>
		<truncated>1</truncated>
		<difficult>0</difficult>
		<bndbox>
			<xmin>295.83333333333337</xmin>
			<ymin>235.16666666666669</ymin>
			<xmax>384.1666666666667</xmax>
			<ymax>351.83333333333337</ymax>
		</bndbox>
	</object>
	<object>
		<name>Others</name>
		<pose>Unspecified</pose>
		<truncated>1</truncated>
		<difficult>0</difficult>
		<bndbox>
			<xmin>842.5</xmin>
			<ymin>141.83333333333334</ymin>
			<xmax>989.1666666666667</xmax>
			<ymax>248.5</ymax>
		</bndbox>
	</object>
	<object>
		<name>Others</name>
		<pose>Unspecified</pose>
		<truncated>1</truncated>
		<difficult>0</difficult>
		<bndbox>
			<xmin>857.5</xmin>
			<ymin>10.166666666666668</ymin>
			<xmax>927.5</xmax>
			<ymax>146.0</ymax>
		</bndbox>
	</object>
	<object>
		<name>Heat Stress</name>
		<pose>Unspecified</pose>
		<truncated>1</truncated>
		<difficult>0</difficult>
		<bndbox>
			<xmin>727.5</xmin>
			<ymin>109.33333333333334</ymin>
			<xmax>822.5</xmax>
			<ymax>261.83333333333337</ymax>
		</bndbox>
	</object>
	<object>
		<name>Others</name>
		<pose>Unspecified</pose>
		<truncated>1</truncated>
		<difficult>0</difficult>
		<bndbox>
			<xmin>703.3333333333334</xmin>
			<ymin>4.333333333333336</ymin>
			<xmax>833.3333333333334</xmax>
			<ymax>101.0</ymax>
		</bndbox>
	</object>
	<object>
		<name>Others</name>
		<pose>Unspecified</pose>
		<truncated>1</truncated>
		<difficult>0</difficult>
		<bndbox>
			<xmin>545.8333333333334</xmin>
			<ymin>95.16666666666667</ymin>
			<xmax>616.6666666666667</xmax>
			<ymax>265.1666666666667</ymax>
		</bndbox>
	</object>
	<object>
		<name>Heat Stress</name>
		<pose>Unspecified</pose>
		<truncated>1</truncated>
		<difficult>0</difficult>
		<bndbox>
			<xmin>601.6666666666667</xmin>
			<ymin>110.16666666666669</ymin>
			<xmax>707.5</xmax>
			<ymax>241.83333333333337</ymax>
		</bndbox>
	</object>
	<object>
		<name>Others</name>
		<pose>Unspecified</pose>
		<truncated>1</truncated>
		<difficult>0</difficult>
		<bndbox>
			<xmin>345.83333333333337</xmin>
			<ymin>71.83333333333334</ymin>
			<xmax>466.6666666666667</xmax>
			<ymax>197.66666666666669</ymax>
		</bndbox>
	</object>
	<object>
		<name>Drinking</name>
		<pose>Unspecified</pose>
		<truncated>1</truncated>
		<difficult>0</difficult>
		<bndbox>
			<xmin>365.83333333333337</xmin>
			<ymin>15.166666666666671</ymin>
			<xmax>522.5</xmax>
			<ymax>86.0</ymax>
		</bndbox>
	</object>
	<object>
		<name>Heat Stress</name>
		<pose>Unspecified</pose>
		<truncated>1</truncated>
		<difficult>0</difficult>
		<bndbox>
			<xmin>410.83333333333337</xmin>
			<ymin>145.16666666666669</ymin>
			<xmax>509.1666666666667</xmax>
			<ymax>317.6666666666667</ymax>
		</bndbox>
	</object>
	<object>
		<name>Heat Stress</name>
		<pose>Unspecified</pose>
		<truncated>1</truncated>
		<difficult>0</difficult>
		<bndbox>
			<xmin>240.0</xmin>
			<ymin>86.0</ymin>
			<xmax>303.33333333333337</xmax>
			<ymax>196.83333333333334</ymax>
		</bndbox>
	</object>
	<object>
		<name>Heat Stress</name>
		<pose>Unspecified</pose>
		<truncated>1</truncated>
		<difficult>0</difficult>
		<bndbox>
			<xmin>121.66666666666667</xmin>
			<ymin>76.0</ymin>
			<xmax>178.33333333333334</xmax>
			<ymax>182.66666666666669</ymax>
		</bndbox>
	</object>
	<object>
		<name>Heat Stress</name>
		<pose>Unspecified</pose>
		<truncated>1</truncated>
		<difficult>0</difficult>
		<bndbox>
			<xmin>119.16666666666667</xmin>
			<ymin>126.83333333333334</ymin>
			<xmax>184.16666666666669</xmax>
			<ymax>225.16666666666669</ymax>
		</bndbox>
	</object>
	<object>
		<name>Others</name>
		<pose>Unspecified</pose>
		<truncated>1</truncated>
		<difficult>0</difficult>
		<bndbox>
			<xmin>75.83333333333334</xmin>
			<ymin>212.66666666666669</ymin>
			<xmax>192.5</xmax>
			<ymax>281.0</ymax>
		</bndbox>
	</object>
	<object>
		<name>Others</name>
		<pose>Unspecified</pose>
		<truncated>1</truncated>
		<difficult>0</difficult>
		<bndbox>
			<xmin>179.16666666666669</xmin>
			<ymin>172.66666666666669</ymin>
			<xmax>300.0</xmax>
			<ymax>246.83333333333337</ymax>
		</bndbox>
	</object>
	<object>
		<name>Others</name>
		<pose>Unspecified</pose>
		<truncated>1</truncated>
		<difficult>0</difficult>
		<bndbox>
			<xmin>181.66666666666669</xmin>
			<ymin>8.5</ymin>
			<xmax>275.83333333333337</xmax>
			<ymax>133.5</ymax>
		</bndbox>
	</object>
	<object>
		<name>Others</name>
		<pose>Unspecified</pose>
		<truncated>1</truncated>
		<difficult>0</difficult>
		<bndbox>
			<xmin>282.5</xmin>
			<ymin>11.833333333333336</ymin>
			<xmax>345.83333333333337</xmax>
			<ymax>126.83333333333334</ymax>
		</bndbox>
	</object>
	<object>
		<name>Others</name>
		<pose>Unspecified</pose>
		<truncated>1</truncated>
		<difficult>0</difficult>
		<bndbox>
			<xmin>174.16666666666669</xmin>
			<ymin>250.16666666666669</ymin>
			<xmax>268.33333333333337</xmax>
			<ymax>341.83333333333337</ymax>
		</bndbox>
	</object>
</annotation>