<annotation>
	<folder>UAV_data</folder>
	<filename>:\ssss\zuizhong\201907271156005032.780.5.jpg</filename>
	<source>
		<database>The UAV autolanding</database>
		<annotation>UAV AutoLanding</annotation>
		<image>flickr</image>
		<flickrid>NULL</flickrid>
	</source>
	<owner>
		<flickrid>NULL</flickrid>
		<name>ChaojieZhu</name>
	</owner>
	<size>
		<width>1280</width>
		<height>720</height>
		<depth>3</depth>
	</size>
		<segmented>0</segmented>
	<object>
		<name>Heat Stress</name>
		<pose>Unspecified</pose>
		<truncated>1</truncated>
		<difficult>0</difficult>
		<bndbox>
			<xmin>810.0</xmin>
			<ymin>320.1666666666667</ymin>
			<xmax>898.3333333333334</xmax>
			<ymax>478.5</ymax>
		</bndbox>
	</object>
	<object>
		<name>Heat Stress</name>
		<pose>Unspecified</pose>
		<truncated>1</truncated>
		<difficult>0</difficult>
		<bndbox>
			<xmin>909.1666666666667</xmin>
			<ymin>356.0</ymin>
			<xmax>982.5</xmax>
			<ymax>475.1666666666667</ymax>
		</bndbox>
	</object>
	<object>
		<name>Heat Stress</name>
		<pose>Unspecified</pose>
		<truncated>1</truncated>
		<difficult>0</difficult>
		<bndbox>
			<xmin>1000.8333333333334</xmin>
			<ymin>255.16666666666669</ymin>
			<xmax>1093.3333333333335</xmax>
			<ymax>383.5</ymax>
		</bndbox>
	</object>
	<object>
		<name>Eating</name>
		<pose>Unspecified</pose>
		<truncated>1</truncated>
		<difficult>0</difficult>
		<bndbox>
			<xmin>614.8373983739838</xmin>
			<ymin>407.5853658536586</ymin>
			<xmax>810.569105691057</xmax>
			<ymax>530.1626016260162</ymax>
		</bndbox>
	</object>
	<object>
		<name>Eating</name>
		<pose>Unspecified</pose>
		<truncated>1</truncated>
		<difficult>0</difficult>
		<bndbox>
			<xmin>210.0</xmin>
			<ymin>490.1666666666667</ymin>
			<xmax>344.1666666666667</xmax>
			<ymax>562.6666666666667</ymax>
		</bndbox>
	</object>
	<object>
		<name>Others</name>
		<pose>Unspecified</pose>
		<truncated>1</truncated>
		<difficult>0</difficult>
		<bndbox>
			<xmin>341.6666666666667</xmin>
			<ymin>237.66666666666669</ymin>
			<xmax>455.83333333333337</xmax>
			<ymax>389.33333333333337</ymax>
		</bndbox>
	</object>
	<object>
		<name>Heat Stress</name>
		<pose>Unspecified</pose>
		<truncated>1</truncated>
		<difficult>0</difficult>
		<bndbox>
			<xmin>598.2926829268295</xmin>
			<ymin>165.1260162601626</ymin>
			<xmax>701.6260162601627</xmax>
			<ymax>330.1626016260163</ymax>
		</bndbox>
	</object>
	<object>
		<name>Others</name>
		<pose>Unspecified</pose>
		<truncated>1</truncated>
		<difficult>0</difficult>
		<bndbox>
			<xmin>643.3333333333334</xmin>
			<ymin>129.33333333333334</ymin>
			<xmax>799.1666666666667</xmax>
			<ymax>219.33333333333334</ymax>
		</bndbox>
	</object>
	<object>
		<name>Others</name>
		<pose>Unspecified</pose>
		<truncated>1</truncated>
		<difficult>0</difficult>
		<bndbox>
			<xmin>916.6666666666667</xmin>
			<ymin>51.83333333333334</ymin>
			<xmax>981.6666666666667</xmax>
			<ymax>156.0</ymax>
		</bndbox>
	</object>
	<object>
		<name>Others</name>
		<pose>Unspecified</pose>
		<truncated>1</truncated>
		<difficult>0</difficult>
		<bndbox>
			<xmin>767.5</xmin>
			<ymin>20.16666666666667</ymin>
			<xmax>880.8333333333334</xmax>
			<ymax>103.5</ymax>
		</bndbox>
	</object>
	<object>
		<name>Others</name>
		<pose>Unspecified</pose>
		<truncated>1</truncated>
		<difficult>0</difficult>
		<bndbox>
			<xmin>704.1666666666667</xmin>
			<ymin>9.333333333333336</ymin>
			<xmax>773.3333333333334</xmax>
			<ymax>121.0</ymax>
		</bndbox>
	</object>
	<object>
		<name>Heat Stress</name>
		<pose>Unspecified</pose>
		<truncated>1</truncated>
		<difficult>0</difficult>
		<bndbox>
			<xmin>467.5</xmin>
			<ymin>89.33333333333334</ymin>
			<xmax>573.3333333333334</xmax>
			<ymax>265.1666666666667</ymax>
		</bndbox>
	</object>
	<object>
		<name>Others</name>
		<pose>Unspecified</pose>
		<truncated>1</truncated>
		<difficult>0</difficult>
		<bndbox>
			<xmin>349.1666666666667</xmin>
			<ymin>100.16666666666667</ymin>
			<xmax>447.5</xmax>
			<ymax>218.5</ymax>
		</bndbox>
	</object>
	<object>
		<name>Drinking</name>
		<pose>Unspecified</pose>
		<truncated>1</truncated>
		<difficult>0</difficult>
		<bndbox>
			<xmin>380.0</xmin>
			<ymin>76.0</ymin>
			<xmax>484.1666666666667</xmax>
			<ymax>170.16666666666669</ymax>
		</bndbox>
	</object>
	<object>
		<name>Others</name>
		<pose>Unspecified</pose>
		<truncated>1</truncated>
		<difficult>0</difficult>
		<bndbox>
			<xmin>423.33333333333337</xmin>
			<ymin>0.16666666666666785</ymin>
			<xmax>528.3333333333334</xmax>
			<ymax>84.33333333333334</ymax>
		</bndbox>
	</object>
	<object>
		<name>Others</name>
		<pose>Unspecified</pose>
		<truncated>1</truncated>
		<difficult>0</difficult>
		<bndbox>
			<xmin>488.33333333333337</xmin>
			<ymin>13.5</ymin>
			<xmax>598.3333333333334</xmax>
			<ymax>129.33333333333334</ymax>
		</bndbox>
	</object>
	<object>
		<name>Others</name>
		<pose>Unspecified</pose>
		<truncated>1</truncated>
		<difficult>0</difficult>
		<bndbox>
			<xmin>225.0</xmin>
			<ymin>20.16666666666667</ymin>
			<xmax>372.5</xmax>
			<ymax>105.16666666666667</ymax>
		</bndbox>
	</object>
	<object>
		<name>Heat Stress</name>
		<pose>Unspecified</pose>
		<truncated>1</truncated>
		<difficult>0</difficult>
		<bndbox>
			<xmin>290.83333333333337</xmin>
			<ymin>62.66666666666667</ymin>
			<xmax>367.5</xmax>
			<ymax>170.16666666666669</ymax>
		</bndbox>
	</object>
	<object>
		<name>Others</name>
		<pose>Unspecified</pose>
		<truncated>1</truncated>
		<difficult>0</difficult>
		<bndbox>
			<xmin>157.5</xmin>
			<ymin>13.5</ymin>
			<xmax>288.33333333333337</xmax>
			<ymax>72.66666666666667</ymax>
		</bndbox>
	</object>
	<object>
		<name>Others</name>
		<pose>Unspecified</pose>
		<truncated>1</truncated>
		<difficult>0</difficult>
		<bndbox>
			<xmin>96.66666666666667</xmin>
			<ymin>62.66666666666667</ymin>
			<xmax>165.83333333333334</xmax>
			<ymax>155.16666666666669</ymax>
		</bndbox>
	</object>
	<object>
		<name>Heat Stress</name>
		<pose>Unspecified</pose>
		<truncated>1</truncated>
		<difficult>0</difficult>
		<bndbox>
			<xmin>104.16666666666667</xmin>
			<ymin>109.33333333333334</ymin>
			<xmax>204.16666666666669</xmax>
			<ymax>209.33333333333334</ymax>
		</bndbox>
	</object>
	<object>
		<name>Others</name>
		<pose>Unspecified</pose>
		<truncated>1</truncated>
		<difficult>0</difficult>
		<bndbox>
			<xmin>108.33333333333334</xmin>
			<ymin>195.16666666666669</ymin>
			<xmax>194.16666666666669</xmax>
			<ymax>319.33333333333337</ymax>
		</bndbox>
	</object>
	<object>
		<name>Others</name>
		<pose>Unspecified</pose>
		<truncated>1</truncated>
		<difficult>0</difficult>
		<bndbox>
			<xmin>66.66666666666667</xmin>
			<ymin>203.5</ymin>
			<xmax>134.16666666666669</xmax>
			<ymax>316.0</ymax>
		</bndbox>
	</object>
	<object>
		<name>Others</name>
		<pose>Unspecified</pose>
		<truncated>1</truncated>
		<difficult>0</difficult>
		<bndbox>
			<xmin>85.3658536585366</xmin>
			<ymin>229.34959349593498</ymin>
			<xmax>146.7682926829268</xmax>
			<ymax>340.1463414634147</ymax>
		</bndbox>
	</object>
	<object>
		<name>Others</name>
		<pose>Unspecified</pose>
		<truncated>1</truncated>
		<difficult>0</difficult>
		<bndbox>
			<xmin>92.5</xmin>
			<ymin>338.5</ymin>
			<xmax>235.0</xmax>
			<ymax>412.6666666666667</ymax>
		</bndbox>
	</object>
	<object>
		<name>Heat Stress</name>
		<pose>Unspecified</pose>
		<truncated>1</truncated>
		<difficult>0</difficult>
		<bndbox>
			<xmin>216.66666666666669</xmin>
			<ymin>271.0</ymin>
			<xmax>308.33333333333337</xmax>
			<ymax>391.0</ymax>
		</bndbox>
	</object>
	<object>
		<name>Others</name>
		<pose>Unspecified</pose>
		<truncated>1</truncated>
		<difficult>0</difficult>
		<bndbox>
			<xmin>73.33333333333334</xmin>
			<ymin>391.0</ymin>
			<xmax>166.66666666666669</xmax>
			<ymax>474.33333333333337</ymax>
		</bndbox>
	</object>
	<object>
		<name>Others</name>
		<pose>Unspecified</pose>
		<truncated>1</truncated>
		<difficult>0</difficult>
		<bndbox>
			<xmin>85.83333333333334</xmin>
			<ymin>446.83333333333337</ymin>
			<xmax>186.66666666666669</xmax>
			<ymax>520.1666666666667</ymax>
		</bndbox>
	</object>
	<object>
		<name>Heat Stress</name>
		<pose>Unspecified</pose>
		<truncated>1</truncated>
		<difficult>0</difficult>
		<bndbox>
			<xmin>125.83333333333334</xmin>
			<ymin>495.16666666666674</ymin>
			<xmax>202.5</xmax>
			<ymax>575.1666666666667</ymax>
		</bndbox>
	</object>
	<object>
		<name>Heat Stress</name>
		<pose>Unspecified</pose>
		<truncated>1</truncated>
		<difficult>0</difficult>
		<bndbox>
			<xmin>119.16666666666667</xmin>
			<ymin>574.3333333333334</ymin>
			<xmax>217.5</xmax>
			<ymax>685.1666666666667</ymax>
		</bndbox>
	</object>
</annotation>