<annotation>
	<folder>UAV_data</folder>
	<filename>:\ssss\zuizhong\201907261520000231.174.9.jpg</filename>
	<source>
		<database>The UAV autolanding</database>
		<annotation>UAV AutoLanding</annotation>
		<image>flickr</image>
		<flickrid>NULL</flickrid>
	</source>
	<owner>
		<flickrid>NULL</flickrid>
		<name>ChaojieZhu</name>
	</owner>
	<size>
		<width>1280</width>
		<height>720</height>
		<depth>3</depth>
	</size>
		<segmented>0</segmented>
	<object>
		<name>Heat Stress</name>
		<pose>Unspecified</pose>
		<truncated>1</truncated>
		<difficult>0</difficult>
		<bndbox>
			<xmin>851.6666666666667</xmin>
			<ymin>553.5</ymin>
			<xmax>912.5</xmax>
			<ymax>679.3333333333334</ymax>
		</bndbox>
	</object>
	<object>
		<name>Heat Stress</name>
		<pose>Unspecified</pose>
		<truncated>1</truncated>
		<difficult>0</difficult>
		<bndbox>
			<xmin>501.6666666666667</xmin>
			<ymin>632.6666666666667</ymin>
			<xmax>621.6666666666667</xmax>
			<ymax>706.0</ymax>
		</bndbox>
	</object>
	<object>
		<name>Heat Stress</name>
		<pose>Unspecified</pose>
		<truncated>1</truncated>
		<difficult>0</difficult>
		<bndbox>
			<xmin>451.6666666666667</xmin>
			<ymin>540.1666666666667</ymin>
			<xmax>529.0</xmax>
			<ymax>719.0</ymax>
		</bndbox>
	</object>
	<object>
		<name>Others</name>
		<pose>Unspecified</pose>
		<truncated>1</truncated>
		<difficult>0</difficult>
		<bndbox>
			<xmin>619.1666666666667</xmin>
			<ymin>318.5</ymin>
			<xmax>730.8333333333334</xmax>
			<ymax>431.0</ymax>
		</bndbox>
	</object>
	<object>
		<name>Heat Stress</name>
		<pose>Unspecified</pose>
		<truncated>1</truncated>
		<difficult>0</difficult>
		<bndbox>
			<xmin>411.6666666666667</xmin>
			<ymin>324.33333333333337</ymin>
			<xmax>528.3333333333334</xmax>
			<ymax>465.1666666666667</ymax>
		</bndbox>
	</object>
	<object>
		<name>Heat Stress</name>
		<pose>Unspecified</pose>
		<truncated>1</truncated>
		<difficult>0</difficult>
		<bndbox>
			<xmin>346.6666666666667</xmin>
			<ymin>323.5</ymin>
			<xmax>478.33333333333337</xmax>
			<ymax>406.83333333333337</ymax>
		</bndbox>
	</object>
	<object>
		<name>Others</name>
		<pose>Unspecified</pose>
		<truncated>1</truncated>
		<difficult>0</difficult>
		<bndbox>
			<xmin>165.83333333333334</xmin>
			<ymin>406.83333333333337</ymin>
			<xmax>326.6666666666667</xmax>
			<ymax>489.33333333333337</ymax>
		</bndbox>
	</object>
	<object>
		<name>Others</name>
		<pose>Unspecified</pose>
		<truncated>1</truncated>
		<difficult>0</difficult>
		<bndbox>
			<xmin>275.83333333333337</xmin>
			<ymin>391.0</ymin>
			<xmax>412.5</xmax>
			<ymax>511.83333333333337</ymax>
		</bndbox>
	</object>
	<object>
		<name>Others</name>
		<pose>Unspecified</pose>
		<truncated>1</truncated>
		<difficult>0</difficult>
		<bndbox>
			<xmin>217.5</xmin>
			<ymin>591.8333333333334</ymin>
			<xmax>316.6666666666667</xmax>
			<ymax>684.3333333333334</ymax>
		</bndbox>
	</object>
	<object>
		<name>Others</name>
		<pose>Unspecified</pose>
		<truncated>1</truncated>
		<difficult>0</difficult>
		<bndbox>
			<xmin>121.66666666666667</xmin>
			<ymin>551.0</ymin>
			<xmax>194.16666666666669</xmax>
			<ymax>680.1666666666667</ymax>
		</bndbox>
	</object>
	<object>
		<name>Others</name>
		<pose>Unspecified</pose>
		<truncated>1</truncated>
		<difficult>0</difficult>
		<bndbox>
			<xmin>67.5</xmin>
			<ymin>308.5</ymin>
			<xmax>204.16666666666669</xmax>
			<ymax>378.5</ymax>
		</bndbox>
	</object>
	<object>
		<name>Others</name>
		<pose>Unspecified</pose>
		<truncated>1</truncated>
		<difficult>0</difficult>
		<bndbox>
			<xmin>767.5</xmin>
			<ymin>223.5</ymin>
			<xmax>905.0</xmax>
			<ymax>324.33333333333337</ymax>
		</bndbox>
	</object>
	<object>
		<name>Others</name>
		<pose>Unspecified</pose>
		<truncated>1</truncated>
		<difficult>0</difficult>
		<bndbox>
			<xmin>838.3333333333334</xmin>
			<ymin>26.0</ymin>
			<xmax>938.3333333333334</xmax>
			<ymax>121.83333333333334</ymax>
		</bndbox>
	</object>
	<object>
		<name>Heat Stress</name>
		<pose>Unspecified</pose>
		<truncated>1</truncated>
		<difficult>0</difficult>
		<bndbox>
			<xmin>693.3333333333334</xmin>
			<ymin>126.83333333333334</ymin>
			<xmax>774.1666666666667</xmax>
			<ymax>321.0</ymax>
		</bndbox>
	</object>
	<object>
		<name>Others</name>
		<pose>Unspecified</pose>
		<truncated>1</truncated>
		<difficult>0</difficult>
		<bndbox>
			<xmin>837.5</xmin>
			<ymin>135.16666666666669</ymin>
			<xmax>967.5</xmax>
			<ymax>229.33333333333334</ymax>
		</bndbox>
	</object>
	<object>
		<name>Heat Stress</name>
		<pose>Unspecified</pose>
		<truncated>1</truncated>
		<difficult>0</difficult>
		<bndbox>
			<xmin>692.5</xmin>
			<ymin>47.66666666666667</ymin>
			<xmax>810.0</xmax>
			<ymax>185.16666666666669</ymax>
		</bndbox>
	</object>
	<object>
		<name>Drinking</name>
		<pose>Unspecified</pose>
		<truncated>1</truncated>
		<difficult>0</difficult>
		<bndbox>
			<xmin>783.739837398374</xmin>
			<ymin>19.78048780487805</ymin>
			<xmax>865.8333333333334</xmax>
			<ymax>159.33333333333334</ymax>
		</bndbox>
	</object>
	<object>
		<name>Heat Stress</name>
		<pose>Unspecified</pose>
		<truncated>1</truncated>
		<difficult>0</difficult>
		<bndbox>
			<xmin>576.6666666666667</xmin>
			<ymin>141.0</ymin>
			<xmax>681.6666666666667</xmax>
			<ymax>287.6666666666667</ymax>
		</bndbox>
	</object>
	<object>
		<name>Others</name>
		<pose>Unspecified</pose>
		<truncated>1</truncated>
		<difficult>0</difficult>
		<bndbox>
			<xmin>451.6666666666667</xmin>
			<ymin>205.16666666666669</ymin>
			<xmax>575.0</xmax>
			<ymax>326.83333333333337</ymax>
		</bndbox>
	</object>
	<object>
		<name>Others</name>
		<pose>Unspecified</pose>
		<truncated>1</truncated>
		<difficult>0</difficult>
		<bndbox>
			<xmin>607.5</xmin>
			<ymin>56.0</ymin>
			<xmax>708.3333333333334</xmax>
			<ymax>210.16666666666669</ymax>
		</bndbox>
	</object>
	<object>
		<name>Others</name>
		<pose>Unspecified</pose>
		<truncated>1</truncated>
		<difficult>0</difficult>
		<bndbox>
			<xmin>409.1666666666667</xmin>
			<ymin>91.0</ymin>
			<xmax>475.83333333333337</xmax>
			<ymax>300.1666666666667</ymax>
		</bndbox>
	</object>
	<object>
		<name>Drinking</name>
		<pose>Unspecified</pose>
		<truncated>1</truncated>
		<difficult>0</difficult>
		<bndbox>
			<xmin>463.0081300813009</xmin>
			<ymin>69.3130081300813</ymin>
			<xmax>578.8617886178862</xmax>
			<ymax>128.72357723577238</ymax>
		</bndbox>
	</object>
	<object>
		<name>Others</name>
		<pose>Unspecified</pose>
		<truncated>1</truncated>
		<difficult>0</difficult>
		<bndbox>
			<xmin>400.0</xmin>
			<ymin>60.16666666666667</ymin>
			<xmax>466.6666666666667</xmax>
			<ymax>138.5</ymax>
		</bndbox>
	</object>
	<object>
		<name>Others</name>
		<pose>Unspecified</pose>
		<truncated>1</truncated>
		<difficult>0</difficult>
		<bndbox>
			<xmin>363.33333333333337</xmin>
			<ymin>87.66666666666667</ymin>
			<xmax>428.33333333333337</xmax>
			<ymax>230.16666666666669</ymax>
		</bndbox>
	</object>
	<object>
		<name>Drinking</name>
		<pose>Unspecified</pose>
		<truncated>1</truncated>
		<difficult>0</difficult>
		<bndbox>
			<xmin>553.2926829268293</xmin>
			<ymin>75.97967479674797</ymin>
			<xmax>615.7926829268293</xmax>
			<ymax>245.14634146341467</ymax>
		</bndbox>
	</object>
	<object>
		<name>Drinking</name>
		<pose>Unspecified</pose>
		<truncated>1</truncated>
		<difficult>0</difficult>
		<bndbox>
			<xmin>477.5203252032521</xmin>
			<ymin>76.89430894308944</ymin>
			<xmax>581.6869918699188</xmax>
			<ymax>216.89430894308944</ymax>
		</bndbox>
	</object>
	<object>
		<name>Heat Stress</name>
		<pose>Unspecified</pose>
		<truncated>1</truncated>
		<difficult>0</difficult>
		<bndbox>
			<xmin>237.5</xmin>
			<ymin>226.83333333333334</ymin>
			<xmax>350.83333333333337</xmax>
			<ymax>316.83333333333337</ymax>
		</bndbox>
	</object>
	<object>
		<name>Others</name>
		<pose>Unspecified</pose>
		<truncated>1</truncated>
		<difficult>0</difficult>
		<bndbox>
			<xmin>291.6666666666667</xmin>
			<ymin>1.8333333333333357</ymin>
			<xmax>342.5</xmax>
			<ymax>132.66666666666669</ymax>
		</bndbox>
	</object>
	<object>
		<name>Others</name>
		<pose>Unspecified</pose>
		<truncated>1</truncated>
		<difficult>0</difficult>
		<bndbox>
			<xmin>173.33333333333334</xmin>
			<ymin>10.166666666666668</ymin>
			<xmax>302.5</xmax>
			<ymax>93.5</ymax>
		</bndbox>
	</object>
	<object>
		<name>Others</name>
		<pose>Unspecified</pose>
		<truncated>1</truncated>
		<difficult>0</difficult>
		<bndbox>
			<xmin>158.33333333333334</xmin>
			<ymin>81.0</ymin>
			<xmax>234.16666666666669</xmax>
			<ymax>205.16666666666669</ymax>
		</bndbox>
	</object>
	<object>
		<name>Others</name>
		<pose>Unspecified</pose>
		<truncated>1</truncated>
		<difficult>0</difficult>
		<bndbox>
			<xmin>193.33333333333334</xmin>
			<ymin>147.66666666666669</ymin>
			<xmax>296.6666666666667</xmax>
			<ymax>266.0</ymax>
		</bndbox>
	</object>
	<object>
		<name>Others</name>
		<pose>Unspecified</pose>
		<truncated>1</truncated>
		<difficult>0</difficult>
		<bndbox>
			<xmin>91.66666666666667</xmin>
			<ymin>159.33333333333334</ymin>
			<xmax>179.16666666666669</xmax>
			<ymax>268.5</ymax>
		</bndbox>
	</object>
	<object>
		<name>Others</name>
		<pose>Unspecified</pose>
		<truncated>1</truncated>
		<difficult>0</difficult>
		<bndbox>
			<xmin>110.0</xmin>
			<ymin>41.833333333333336</ymin>
			<xmax>209.16666666666669</xmax>
			<ymax>126.0</ymax>
		</bndbox>
	</object>
</annotation>