<annotation>
	<folder>UAV_data</folder>
	<filename>:\ssss\zuizhong\201907250700003330.582.8.jpg</filename>
	<source>
		<database>The UAV autolanding</database>
		<annotation>UAV AutoLanding</annotation>
		<image>flickr</image>
		<flickrid>NULL</flickrid>
	</source>
	<owner>
		<flickrid>NULL</flickrid>
		<name>ChaojieZhu</name>
	</owner>
	<size>
		<width>1280</width>
		<height>720</height>
		<depth>3</depth>
	</size>
		<segmented>0</segmented>
	<object>
		<name>Eating</name>
		<pose>Unspecified</pose>
		<truncated>1</truncated>
		<difficult>0</difficult>
		<bndbox>
			<xmin>833.3333333333334</xmin>
			<ymin>512.6666666666667</ymin>
			<xmax>932.5</xmax>
			<ymax>624.3333333333334</ymax>
		</bndbox>
	</object>
	<object>
		<name>Eating</name>
		<pose>Unspecified</pose>
		<truncated>1</truncated>
		<difficult>0</difficult>
		<bndbox>
			<xmin>558.3333333333334</xmin>
			<ymin>493.5</ymin>
			<xmax>761.7886178861788</xmax>
			<ymax>562.869918699187</ymax>
		</bndbox>
	</object>
	<object>
		<name>Eating</name>
		<pose>Unspecified</pose>
		<truncated>1</truncated>
		<difficult>0</difficult>
		<bndbox>
			<xmin>322.5</xmin>
			<ymin>341.0</ymin>
			<xmax>402.4390243902439</xmax>
			<ymax>511.650406504065</ymax>
		</bndbox>
	</object>
	<object>
		<name>Eating</name>
		<pose>Unspecified</pose>
		<truncated>1</truncated>
		<difficult>0</difficult>
		<bndbox>
			<xmin>270.83333333333337</xmin>
			<ymin>590.1666666666667</ymin>
			<xmax>402.5</xmax>
			<ymax>651.8333333333334</ymax>
		</bndbox>
	</object>
	<object>
		<name>Others</name>
		<pose>Unspecified</pose>
		<truncated>1</truncated>
		<difficult>0</difficult>
		<bndbox>
			<xmin>604.1666666666667</xmin>
			<ymin>391.0</ymin>
			<xmax>695.8333333333334</xmax>
			<ymax>516.8333333333334</ymax>
		</bndbox>
	</object>
	<object>
		<name>Others</name>
		<pose>Unspecified</pose>
		<truncated>1</truncated>
		<difficult>0</difficult>
		<bndbox>
			<xmin>574.1666666666667</xmin>
			<ymin>551.8333333333334</ymin>
			<xmax>720.0</xmax>
			<ymax>656.8333333333334</ymax>
		</bndbox>
	</object>
	<object>
		<name>Others</name>
		<pose>Unspecified</pose>
		<truncated>1</truncated>
		<difficult>0</difficult>
		<bndbox>
			<xmin>162.5</xmin>
			<ymin>393.5</ymin>
			<xmax>240.0</xmax>
			<ymax>467.6666666666667</ymax>
		</bndbox>
	</object>
	<object>
		<name>Others</name>
		<pose>Unspecified</pose>
		<truncated>1</truncated>
		<difficult>0</difficult>
		<bndbox>
			<xmin>207.5</xmin>
			<ymin>486.83333333333337</ymin>
			<xmax>303.33333333333337</xmax>
			<ymax>564.3333333333334</ymax>
		</bndbox>
	</object>
	<object>
		<name>Others</name>
		<pose>Unspecified</pose>
		<truncated>1</truncated>
		<difficult>0</difficult>
		<bndbox>
			<xmin>125.0</xmin>
			<ymin>459.33333333333337</ymin>
			<xmax>198.33333333333334</xmax>
			<ymax>587.6666666666667</ymax>
		</bndbox>
	</object>
	<object>
		<name>Others</name>
		<pose>Unspecified</pose>
		<truncated>1</truncated>
		<difficult>0</difficult>
		<bndbox>
			<xmin>139.16666666666669</xmin>
			<ymin>579.3333333333334</ymin>
			<xmax>255.83333333333334</xmax>
			<ymax>649.3333333333334</ymax>
		</bndbox>
	</object>
	<object>
		<name>Others</name>
		<pose>Unspecified</pose>
		<truncated>1</truncated>
		<difficult>0</difficult>
		<bndbox>
			<xmin>102.47967479674797</xmin>
			<ymin>560.1666666666667</ymin>
			<xmax>191.869918699187</xmax>
			<ymax>660.4308943089432</ymax>
		</bndbox>
	</object>
	<object>
		<name>Heat Stress</name>
		<pose>Unspecified</pose>
		<truncated>1</truncated>
		<difficult>0</difficult>
		<bndbox>
			<xmin>777.5203252032521</xmin>
			<ymin>161.71138211382114</ymin>
			<xmax>860.0203252032521</xmax>
			<ymax>290.0447154471545</ymax>
		</bndbox>
	</object>
	<object>
		<name>Others</name>
		<pose>Unspecified</pose>
		<truncated>1</truncated>
		<difficult>0</difficult>
		<bndbox>
			<xmin>544.1666666666667</xmin>
			<ymin>98.5</ymin>
			<xmax>682.5</xmax>
			<ymax>173.5</ymax>
		</bndbox>
	</object>
	<object>
		<name>Others</name>
		<pose>Unspecified</pose>
		<truncated>1</truncated>
		<difficult>0</difficult>
		<bndbox>
			<xmin>694.308943089431</xmin>
			<ymin>93.45934959349594</ymin>
			<xmax>770.7317073170732</xmax>
			<ymax>227.09756097560978</ymax>
		</bndbox>
	</object>
	<object>
		<name>Others</name>
		<pose>Unspecified</pose>
		<truncated>1</truncated>
		<difficult>0</difficult>
		<bndbox>
			<xmin>519.1666666666667</xmin>
			<ymin>172.66666666666669</ymin>
			<xmax>604.1666666666667</xmax>
			<ymax>333.5</ymax>
		</bndbox>
	</object>
	<object>
		<name>Others</name>
		<pose>Unspecified</pose>
		<truncated>1</truncated>
		<difficult>0</difficult>
		<bndbox>
			<xmin>600.8333333333334</xmin>
			<ymin>139.33333333333334</ymin>
			<xmax>685.0</xmax>
			<ymax>296.0</ymax>
		</bndbox>
	</object>
	<object>
		<name>Others</name>
		<pose>Unspecified</pose>
		<truncated>1</truncated>
		<difficult>0</difficult>
		<bndbox>
			<xmin>679.4308943089432</xmin>
			<ymin>7.6869918699187</ymin>
			<xmax>791.0569105691058</xmax>
			<ymax>91.32520325203252</ymax>
		</bndbox>
	</object>
	<object>
		<name>Drinking</name>
		<pose>Unspecified</pose>
		<truncated>1</truncated>
		<difficult>0</difficult>
		<bndbox>
			<xmin>470.83333333333337</xmin>
			<ymin>74.33333333333334</ymin>
			<xmax>540.0</xmax>
			<ymax>235.16666666666669</ymax>
		</bndbox>
	</object>
	<object>
		<name>Drinking</name>
		<pose>Unspecified</pose>
		<truncated>1</truncated>
		<difficult>0</difficult>
		<bndbox>
			<xmin>404.0853658536586</xmin>
			<ymin>72.78861788617887</ymin>
			<xmax>482.4186991869919</xmax>
			<ymax>216.1219512195122</ymax>
		</bndbox>
	</object>
	<object>
		<name>Heat Stress</name>
		<pose>Unspecified</pose>
		<truncated>1</truncated>
		<difficult>0</difficult>
		<bndbox>
			<xmin>338.33333333333337</xmin>
			<ymin>41.0</ymin>
			<xmax>427.5</xmax>
			<ymax>214.33333333333334</ymax>
		</bndbox>
	</object>
	<object>
		<name>Drinking</name>
		<pose>Unspecified</pose>
		<truncated>1</truncated>
		<difficult>0</difficult>
		<bndbox>
			<xmin>362.6016260162602</xmin>
			<ymin>8.398373983739837</ymin>
			<xmax>507.5</xmax>
			<ymax>59.33333333333334</ymax>
		</bndbox>
	</object>
	<object>
		<name>Others</name>
		<pose>Unspecified</pose>
		<truncated>1</truncated>
		<difficult>0</difficult>
		<bndbox>
			<xmin>270.0</xmin>
			<ymin>58.5</ymin>
			<xmax>370.83333333333337</xmax>
			<ymax>115.16666666666669</ymax>
		</bndbox>
	</object>
	<object>
		<name>Others</name>
		<pose>Unspecified</pose>
		<truncated>1</truncated>
		<difficult>0</difficult>
		<bndbox>
			<xmin>207.5</xmin>
			<ymin>231.0</ymin>
			<xmax>311.6666666666667</xmax>
			<ymax>381.83333333333337</ymax>
		</bndbox>
	</object>
	<object>
		<name>Others</name>
		<pose>Unspecified</pose>
		<truncated>1</truncated>
		<difficult>0</difficult>
		<bndbox>
			<xmin>222.5</xmin>
			<ymin>121.0</ymin>
			<xmax>323.33333333333337</xmax>
			<ymax>245.16666666666669</ymax>
		</bndbox>
	</object>
	<object>
		<name>Others</name>
		<pose>Unspecified</pose>
		<truncated>1</truncated>
		<difficult>0</difficult>
		<bndbox>
			<xmin>125.83333333333334</xmin>
			<ymin>216.0</ymin>
			<xmax>213.33333333333334</xmax>
			<ymax>283.5</ymax>
		</bndbox>
	</object>
	<object>
		<name>Others</name>
		<pose>Unspecified</pose>
		<truncated>1</truncated>
		<difficult>0</difficult>
		<bndbox>
			<xmin>138.33333333333334</xmin>
			<ymin>150.16666666666669</ymin>
			<xmax>220.83333333333334</xmax>
			<ymax>218.5</ymax>
		</bndbox>
	</object>
	<object>
		<name>Others</name>
		<pose>Unspecified</pose>
		<truncated>1</truncated>
		<difficult>0</difficult>
		<bndbox>
			<xmin>135.83333333333334</xmin>
			<ymin>22.66666666666667</ymin>
			<xmax>214.16666666666669</xmax>
			<ymax>89.33333333333334</ymax>
		</bndbox>
	</object>
	<object>
		<name>Others</name>
		<pose>Unspecified</pose>
		<truncated>1</truncated>
		<difficult>0</difficult>
		<bndbox>
			<xmin>229.16666666666669</xmin>
			<ymin>0.16666666666666785</ymin>
			<xmax>299.1666666666667</xmax>
			<ymax>101.0</ymax>
		</bndbox>
	</object>
	<object>
		<name>Heat Stress</name>
		<pose>Unspecified</pose>
		<truncated>1</truncated>
		<difficult>0</difficult>
		<bndbox>
			<xmin>203.33333333333334</xmin>
			<ymin>44.333333333333336</ymin>
			<xmax>255.0</xmax>
			<ymax>156.0</ymax>
		</bndbox>
	</object>
	<object>
		<name>Heat Stress</name>
		<pose>Unspecified</pose>
		<truncated>1</truncated>
		<difficult>0</difficult>
		<bndbox>
			<xmin>124.16666666666667</xmin>
			<ymin>74.33333333333334</ymin>
			<xmax>180.83333333333334</xmax>
			<ymax>150.16666666666669</ymax>
		</bndbox>
	</object>
	<object>
		<name>Others</name>
		<pose>Unspecified</pose>
		<truncated>1</truncated>
		<difficult>0</difficult>
		<bndbox>
			<xmin>714.6341463414634</xmin>
			<ymin>284.8211382113821</ymin>
			<xmax>833.3333333333334</xmax>
			<ymax>410.8373983739838</ymax>
		</bndbox>
	</object>
</annotation>