<annotation>
	<folder>UAV_data</folder>
	<filename>:\ssss\zuizhong\201907261520014630.976.4.jpg</filename>
	<source>
		<database>The UAV autolanding</database>
		<annotation>UAV AutoLanding</annotation>
		<image>flickr</image>
		<flickrid>NULL</flickrid>
	</source>
	<owner>
		<flickrid>NULL</flickrid>
		<name>ChaojieZhu</name>
	</owner>
	<size>
		<width>1280</width>
		<height>720</height>
		<depth>3</depth>
	</size>
		<segmented>0</segmented>
	<object>
		<name>Heat Stress</name>
		<pose>Unspecified</pose>
		<truncated>1</truncated>
		<difficult>0</difficult>
		<bndbox>
			<xmin>843.3333333333334</xmin>
			<ymin>556.0</ymin>
			<xmax>911.6666666666667</xmax>
			<ymax>676.0</ymax>
		</bndbox>
	</object>
	<object>
		<name>Others</name>
		<pose>Unspecified</pose>
		<truncated>1</truncated>
		<difficult>0</difficult>
		<bndbox>
			<xmin>633.3333333333334</xmin>
			<ymin>506.0</ymin>
			<xmax>722.5</xmax>
			<ymax>666.0</ymax>
		</bndbox>
	</object>
	<object>
		<name>Others</name>
		<pose>Unspecified</pose>
		<truncated>1</truncated>
		<difficult>0</difficult>
		<bndbox>
			<xmin>866.6666666666667</xmin>
			<ymin>385.1666666666667</ymin>
			<xmax>945.0</xmax>
			<ymax>559.3333333333334</ymax>
		</bndbox>
	</object>
	<object>
		<name>Heat Stress</name>
		<pose>Unspecified</pose>
		<truncated>1</truncated>
		<difficult>0</difficult>
		<bndbox>
			<xmin>689.1666666666667</xmin>
			<ymin>256.83333333333337</ymin>
			<xmax>864.1666666666667</xmax>
			<ymax>345.1666666666667</ymax>
		</bndbox>
	</object>
	<object>
		<name>Others</name>
		<pose>Unspecified</pose>
		<truncated>1</truncated>
		<difficult>0</difficult>
		<bndbox>
			<xmin>738.3333333333334</xmin>
			<ymin>310.1666666666667</ymin>
			<xmax>872.5</xmax>
			<ymax>438.5</ymax>
		</bndbox>
	</object>
	<object>
		<name>Others</name>
		<pose>Unspecified</pose>
		<truncated>1</truncated>
		<difficult>0</difficult>
		<bndbox>
			<xmin>622.5</xmin>
			<ymin>300.1666666666667</ymin>
			<xmax>758.3333333333334</xmax>
			<ymax>404.33333333333337</ymax>
		</bndbox>
	</object>
	<object>
		<name>Heat Stress</name>
		<pose>Unspecified</pose>
		<truncated>1</truncated>
		<difficult>0</difficult>
		<bndbox>
			<xmin>550.0</xmin>
			<ymin>239.33333333333337</ymin>
			<xmax>656.6666666666667</xmax>
			<ymax>324.33333333333337</ymax>
		</bndbox>
	</object>
	<object>
		<name>Heat Stress</name>
		<pose>Unspecified</pose>
		<truncated>1</truncated>
		<difficult>0</difficult>
		<bndbox>
			<xmin>481.6666666666667</xmin>
			<ymin>342.6666666666667</ymin>
			<xmax>640.8333333333334</xmax>
			<ymax>460.1666666666667</ymax>
		</bndbox>
	</object>
	<object>
		<name>Heat Stress</name>
		<pose>Unspecified</pose>
		<truncated>1</truncated>
		<difficult>0</difficult>
		<bndbox>
			<xmin>349.1666666666667</xmin>
			<ymin>321.83333333333337</ymin>
			<xmax>508.33333333333337</xmax>
			<ymax>407.6666666666667</ymax>
		</bndbox>
	</object>
	<object>
		<name>Others</name>
		<pose>Unspecified</pose>
		<truncated>1</truncated>
		<difficult>0</difficult>
		<bndbox>
			<xmin>330.83333333333337</xmin>
			<ymin>244.33333333333337</ymin>
			<xmax>496.6666666666667</xmax>
			<ymax>332.6666666666667</ymax>
		</bndbox>
	</object>
	<object>
		<name>Others</name>
		<pose>Unspecified</pose>
		<truncated>1</truncated>
		<difficult>0</difficult>
		<bndbox>
			<xmin>291.6666666666667</xmin>
			<ymin>246.0</ymin>
			<xmax>376.6666666666667</xmax>
			<ymax>359.33333333333337</ymax>
		</bndbox>
	</object>
	<object>
		<name>Others</name>
		<pose>Unspecified</pose>
		<truncated>1</truncated>
		<difficult>0</difficult>
		<bndbox>
			<xmin>433.33333333333337</xmin>
			<ymin>157.66666666666669</ymin>
			<xmax>564.1666666666667</xmax>
			<ymax>274.33333333333337</ymax>
		</bndbox>
	</object>
	<object>
		<name>Others</name>
		<pose>Unspecified</pose>
		<truncated>1</truncated>
		<difficult>0</difficult>
		<bndbox>
			<xmin>424.1666666666667</xmin>
			<ymin>112.66666666666669</ymin>
			<xmax>579.1666666666667</xmax>
			<ymax>199.33333333333334</ymax>
		</bndbox>
	</object>
	<object>
		<name>Heat Stress</name>
		<pose>Unspecified</pose>
		<truncated>1</truncated>
		<difficult>0</difficult>
		<bndbox>
			<xmin>255.83333333333334</xmin>
			<ymin>415.1666666666667</ymin>
			<xmax>338.33333333333337</xmax>
			<ymax>554.3333333333334</ymax>
		</bndbox>
	</object>
	<object>
		<name>Heat Stress</name>
		<pose>Unspecified</pose>
		<truncated>1</truncated>
		<difficult>0</difficult>
		<bndbox>
			<xmin>227.5</xmin>
			<ymin>585.1666666666667</ymin>
			<xmax>358.33333333333337</xmax>
			<ymax>673.5</ymax>
		</bndbox>
	</object>
	<object>
		<name>Others</name>
		<pose>Unspecified</pose>
		<truncated>1</truncated>
		<difficult>0</difficult>
		<bndbox>
			<xmin>110.0</xmin>
			<ymin>364.33333333333337</ymin>
			<xmax>220.83333333333334</xmax>
			<ymax>493.5</ymax>
		</bndbox>
	</object>
	<object>
		<name>Heat Stress</name>
		<pose>Unspecified</pose>
		<truncated>1</truncated>
		<difficult>0</difficult>
		<bndbox>
			<xmin>167.5</xmin>
			<ymin>442.6666666666667</ymin>
			<xmax>234.16666666666669</xmax>
			<ymax>561.0</ymax>
		</bndbox>
	</object>
	<object>
		<name>Heat Stress</name>
		<pose>Unspecified</pose>
		<truncated>1</truncated>
		<difficult>0</difficult>
		<bndbox>
			<xmin>175.83333333333334</xmin>
			<ymin>250.16666666666669</ymin>
			<xmax>265.83333333333337</xmax>
			<ymax>331.83333333333337</ymax>
		</bndbox>
	</object>
	<object>
		<name>Others</name>
		<pose>Unspecified</pose>
		<truncated>1</truncated>
		<difficult>0</difficult>
		<bndbox>
			<xmin>249.16666666666669</xmin>
			<ymin>166.0</ymin>
			<xmax>320.83333333333337</xmax>
			<ymax>293.5</ymax>
		</bndbox>
	</object>
	<object>
		<name>Others</name>
		<pose>Unspecified</pose>
		<truncated>1</truncated>
		<difficult>0</difficult>
		<bndbox>
			<xmin>76.66666666666667</xmin>
			<ymin>220.16666666666669</ymin>
			<xmax>192.5</xmax>
			<ymax>287.6666666666667</ymax>
		</bndbox>
	</object>
	<object>
		<name>Others</name>
		<pose>Unspecified</pose>
		<truncated>1</truncated>
		<difficult>0</difficult>
		<bndbox>
			<xmin>378.33333333333337</xmin>
			<ymin>74.33333333333334</ymin>
			<xmax>472.5</xmax>
			<ymax>195.16666666666669</ymax>
		</bndbox>
	</object>
	<object>
		<name>Others</name>
		<pose>Unspecified</pose>
		<truncated>1</truncated>
		<difficult>0</difficult>
		<bndbox>
			<xmin>610.8333333333334</xmin>
			<ymin>83.5</ymin>
			<xmax>735.0</xmax>
			<ymax>218.5</ymax>
		</bndbox>
	</object>
	<object>
		<name>Heat Stress</name>
		<pose>Unspecified</pose>
		<truncated>1</truncated>
		<difficult>0</difficult>
		<bndbox>
			<xmin>725.0</xmin>
			<ymin>107.66666666666667</ymin>
			<xmax>833.3333333333334</xmax>
			<ymax>256.0</ymax>
		</bndbox>
	</object>
	<object>
		<name>Others</name>
		<pose>Unspecified</pose>
		<truncated>1</truncated>
		<difficult>0</difficult>
		<bndbox>
			<xmin>837.5</xmin>
			<ymin>140.16666666666669</ymin>
			<xmax>974.1666666666667</xmax>
			<ymax>253.5</ymax>
		</bndbox>
	</object>
	<object>
		<name>Others</name>
		<pose>Unspecified</pose>
		<truncated>1</truncated>
		<difficult>0</difficult>
		<bndbox>
			<xmin>861.6666666666667</xmin>
			<ymin>4.333333333333336</ymin>
			<xmax>927.5</xmax>
			<ymax>146.83333333333334</ymax>
		</bndbox>
	</object>
	<object>
		<name>Drinking</name>
		<pose>Unspecified</pose>
		<truncated>1</truncated>
		<difficult>0</difficult>
		<bndbox>
			<xmin>681.6666666666667</xmin>
			<ymin>15.166666666666671</ymin>
			<xmax>830.8333333333334</xmax>
			<ymax>95.16666666666667</ymax>
		</bndbox>
	</object>
	<object>
		<name>Drinking</name>
		<pose>Unspecified</pose>
		<truncated>1</truncated>
		<difficult>0</difficult>
		<bndbox>
			<xmin>370.83333333333337</xmin>
			<ymin>12.666666666666668</ymin>
			<xmax>534.1666666666667</xmax>
			<ymax>78.5</ymax>
		</bndbox>
	</object>
	<object>
		<name>Others</name>
		<pose>Unspecified</pose>
		<truncated>1</truncated>
		<difficult>0</difficult>
		<bndbox>
			<xmin>290.0</xmin>
			<ymin>4.333333333333336</ymin>
			<xmax>352.5</xmax>
			<ymax>121.83333333333334</ymax>
		</bndbox>
	</object>
	<object>
		<name>Others</name>
		<pose>Unspecified</pose>
		<truncated>1</truncated>
		<difficult>0</difficult>
		<bndbox>
			<xmin>175.83333333333334</xmin>
			<ymin>4.333333333333336</ymin>
			<xmax>275.0</xmax>
			<ymax>135.16666666666669</ymax>
		</bndbox>
	</object>
	<object>
		<name>Heat Stress</name>
		<pose>Unspecified</pose>
		<truncated>1</truncated>
		<difficult>0</difficult>
		<bndbox>
			<xmin>239.16666666666669</xmin>
			<ymin>92.66666666666667</ymin>
			<xmax>317.5</xmax>
			<ymax>207.66666666666669</ymax>
		</bndbox>
	</object>
	<object>
		<name>Heat Stress</name>
		<pose>Unspecified</pose>
		<truncated>1</truncated>
		<difficult>0</difficult>
		<bndbox>
			<xmin>122.5</xmin>
			<ymin>76.83333333333334</ymin>
			<xmax>180.0</xmax>
			<ymax>181.0</ymax>
		</bndbox>
	</object>
	<object>
		<name>Heat Stress</name>
		<pose>Unspecified</pose>
		<truncated>1</truncated>
		<difficult>0</difficult>
		<bndbox>
			<xmin>120.83333333333334</xmin>
			<ymin>126.83333333333334</ymin>
			<xmax>180.83333333333334</xmax>
			<ymax>220.16666666666669</ymax>
		</bndbox>
	</object>
</annotation>