<annotation>
	<folder>UAV_data</folder>
	<filename>:\ssss\zuizhong\201907250700005630.582.8.jpg</filename>
	<source>
		<database>The UAV autolanding</database>
		<annotation>UAV AutoLanding</annotation>
		<image>flickr</image>
		<flickrid>NULL</flickrid>
	</source>
	<owner>
		<flickrid>NULL</flickrid>
		<name>ChaojieZhu</name>
	</owner>
	<size>
		<width>1280</width>
		<height>720</height>
		<depth>3</depth>
	</size>
		<segmented>0</segmented>
	<object>
		<name>Eating</name>
		<pose>Unspecified</pose>
		<truncated>1</truncated>
		<difficult>0</difficult>
		<bndbox>
			<xmin>837.5</xmin>
			<ymin>509.33333333333337</ymin>
			<xmax>925.0</xmax>
			<ymax>623.5</ymax>
		</bndbox>
	</object>
	<object>
		<name>Others</name>
		<pose>Unspecified</pose>
		<truncated>1</truncated>
		<difficult>0</difficult>
		<bndbox>
			<xmin>563.3333333333334</xmin>
			<ymin>561.0</ymin>
			<xmax>711.6666666666667</xmax>
			<ymax>642.6666666666667</ymax>
		</bndbox>
	</object>
	<object>
		<name>Eating</name>
		<pose>Unspecified</pose>
		<truncated>1</truncated>
		<difficult>0</difficult>
		<bndbox>
			<xmin>564.1666666666667</xmin>
			<ymin>486.83333333333337</ymin>
			<xmax>764.2276422764228</xmax>
			<ymax>562.0569105691058</ymax>
		</bndbox>
	</object>
	<object>
		<name>Eating</name>
		<pose>Unspecified</pose>
		<truncated>1</truncated>
		<difficult>0</difficult>
		<bndbox>
			<xmin>276.6666666666667</xmin>
			<ymin>575.1666666666667</ymin>
			<xmax>388.33333333333337</xmax>
			<ymax>652.6666666666667</ymax>
		</bndbox>
	</object>
	<object>
		<name>Others</name>
		<pose>Unspecified</pose>
		<truncated>1</truncated>
		<difficult>0</difficult>
		<bndbox>
			<xmin>604.1666666666667</xmin>
			<ymin>375.1666666666667</ymin>
			<xmax>681.6666666666667</xmax>
			<ymax>511.83333333333337</ymax>
		</bndbox>
	</object>
	<object>
		<name>Others</name>
		<pose>Unspecified</pose>
		<truncated>1</truncated>
		<difficult>0</difficult>
		<bndbox>
			<xmin>665.0</xmin>
			<ymin>365.1666666666667</ymin>
			<xmax>730.0</xmax>
			<ymax>498.5</ymax>
		</bndbox>
	</object>
	<object>
		<name>Others</name>
		<pose>Unspecified</pose>
		<truncated>1</truncated>
		<difficult>0</difficult>
		<bndbox>
			<xmin>735.0</xmin>
			<ymin>110.16666666666669</ymin>
			<xmax>807.5</xmax>
			<ymax>260.1666666666667</ymax>
		</bndbox>
	</object>
	<object>
		<name>Heat Stress</name>
		<pose>Unspecified</pose>
		<truncated>1</truncated>
		<difficult>0</difficult>
		<bndbox>
			<xmin>790.0</xmin>
			<ymin>150.16666666666669</ymin>
			<xmax>857.5</xmax>
			<ymax>299.33333333333337</ymax>
		</bndbox>
	</object>
	<object>
		<name>Others</name>
		<pose>Unspecified</pose>
		<truncated>1</truncated>
		<difficult>0</difficult>
		<bndbox>
			<xmin>718.3130081300814</xmin>
			<ymin>281.0</ymin>
			<xmax>841.6463414634147</xmax>
			<ymax>419.33333333333337</ymax>
		</bndbox>
	</object>
	<object>
		<name>Others</name>
		<pose>Unspecified</pose>
		<truncated>1</truncated>
		<difficult>0</difficult>
		<bndbox>
			<xmin>146.66666666666669</xmin>
			<ymin>389.33333333333337</ymin>
			<xmax>234.16666666666669</xmax>
			<ymax>462.6666666666667</ymax>
		</bndbox>
	</object>
	<object>
		<name>Heat Stress</name>
		<pose>Unspecified</pose>
		<truncated>1</truncated>
		<difficult>0</difficult>
		<bndbox>
			<xmin>218.33333333333334</xmin>
			<ymin>491.83333333333337</ymin>
			<xmax>305.0</xmax>
			<ymax>634.3333333333334</ymax>
		</bndbox>
	</object>
	<object>
		<name>Others</name>
		<pose>Unspecified</pose>
		<truncated>1</truncated>
		<difficult>0</difficult>
		<bndbox>
			<xmin>120.83333333333334</xmin>
			<ymin>454.33333333333337</ymin>
			<xmax>192.5</xmax>
			<ymax>586.8333333333334</ymax>
		</bndbox>
	</object>
	<object>
		<name>Others</name>
		<pose>Unspecified</pose>
		<truncated>1</truncated>
		<difficult>0</difficult>
		<bndbox>
			<xmin>105.0</xmin>
			<ymin>543.5</ymin>
			<xmax>201.66666666666669</xmax>
			<ymax>654.3333333333334</ymax>
		</bndbox>
	</object>
	<object>
		<name>Others</name>
		<pose>Unspecified</pose>
		<truncated>1</truncated>
		<difficult>0</difficult>
		<bndbox>
			<xmin>143.33333333333334</xmin>
			<ymin>579.3333333333334</ymin>
			<xmax>254.16666666666669</xmax>
			<ymax>648.5</ymax>
		</bndbox>
	</object>
	<object>
		<name>Heat Stress</name>
		<pose>Unspecified</pose>
		<truncated>1</truncated>
		<difficult>0</difficult>
		<bndbox>
			<xmin>590.650406504065</xmin>
			<ymin>125.95934959349594</ymin>
			<xmax>701.6260162601626</xmax>
			<ymax>276.6910569105691</ymax>
		</bndbox>
	</object>
	<object>
		<name>Others</name>
		<pose>Unspecified</pose>
		<truncated>1</truncated>
		<difficult>0</difficult>
		<bndbox>
			<xmin>675.0203252032521</xmin>
			<ymin>12.504065040650403</ymin>
			<xmax>787.8048780487806</xmax>
			<ymax>79.130081300813</ymax>
		</bndbox>
	</object>
	<object>
		<name>Drinking</name>
		<pose>Unspecified</pose>
		<truncated>1</truncated>
		<difficult>0</difficult>
		<bndbox>
			<xmin>416.6666666666667</xmin>
			<ymin>71.83333333333334</ymin>
			<xmax>500.0</xmax>
			<ymax>216.0</ymax>
		</bndbox>
	</object>
	<object>
		<name>Others</name>
		<pose>Unspecified</pose>
		<truncated>1</truncated>
		<difficult>0</difficult>
		<bndbox>
			<xmin>392.5</xmin>
			<ymin>142.66666666666669</ymin>
			<xmax>499.1666666666667</xmax>
			<ymax>322.6666666666667</ymax>
		</bndbox>
	</object>
	<object>
		<name>Drinking</name>
		<pose>Unspecified</pose>
		<truncated>1</truncated>
		<difficult>0</difficult>
		<bndbox>
			<xmin>480.8536585365853</xmin>
			<ymin>82.7479674796748</ymin>
			<xmax>617.8861788617886</xmax>
			<ymax>217.34146341463415</ymax>
		</bndbox>
	</object>
	<object>
		<name>Others</name>
		<pose>Unspecified</pose>
		<truncated>1</truncated>
		<difficult>0</difficult>
		<bndbox>
			<xmin>567.5</xmin>
			<ymin>98.5</ymin>
			<xmax>690.8333333333334</xmax>
			<ymax>176.0</ymax>
		</bndbox>
	</object>
	<object>
		<name>Others</name>
		<pose>Unspecified</pose>
		<truncated>1</truncated>
		<difficult>0</difficult>
		<bndbox>
			<xmin>336.6666666666667</xmin>
			<ymin>71.83333333333334</ymin>
			<xmax>435.83333333333337</xmax>
			<ymax>221.83333333333334</ymax>
		</bndbox>
	</object>
	<object>
		<name>Others</name>
		<pose>Unspecified</pose>
		<truncated>1</truncated>
		<difficult>0</difficult>
		<bndbox>
			<xmin>361.6666666666667</xmin>
			<ymin>6.833333333333336</ymin>
			<xmax>499.1666666666667</xmax>
			<ymax>62.66666666666667</ymax>
		</bndbox>
	</object>
	<object>
		<name>Others</name>
		<pose>Unspecified</pose>
		<truncated>1</truncated>
		<difficult>0</difficult>
		<bndbox>
			<xmin>270.0</xmin>
			<ymin>54.33333333333334</ymin>
			<xmax>407.5</xmax>
			<ymax>115.16666666666669</ymax>
		</bndbox>
	</object>
	<object>
		<name>Others</name>
		<pose>Unspecified</pose>
		<truncated>1</truncated>
		<difficult>0</difficult>
		<bndbox>
			<xmin>196.66666666666669</xmin>
			<ymin>61.83333333333334</ymin>
			<xmax>294.1666666666667</xmax>
			<ymax>211.83333333333334</ymax>
		</bndbox>
	</object>
	<object>
		<name>Others</name>
		<pose>Unspecified</pose>
		<truncated>1</truncated>
		<difficult>0</difficult>
		<bndbox>
			<xmin>118.33333333333334</xmin>
			<ymin>92.66666666666667</ymin>
			<xmax>225.83333333333334</xmax>
			<ymax>155.16666666666669</ymax>
		</bndbox>
	</object>
	<object>
		<name>Others</name>
		<pose>Unspecified</pose>
		<truncated>1</truncated>
		<difficult>0</difficult>
		<bndbox>
			<xmin>116.66666666666667</xmin>
			<ymin>146.0</ymin>
			<xmax>241.66666666666669</xmax>
			<ymax>226.0</ymax>
		</bndbox>
	</object>
	<object>
		<name>Others</name>
		<pose>Unspecified</pose>
		<truncated>1</truncated>
		<difficult>0</difficult>
		<bndbox>
			<xmin>114.16666666666667</xmin>
			<ymin>217.66666666666669</ymin>
			<xmax>246.66666666666669</xmax>
			<ymax>290.1666666666667</ymax>
		</bndbox>
	</object>
	<object>
		<name>Others</name>
		<pose>Unspecified</pose>
		<truncated>1</truncated>
		<difficult>0</difficult>
		<bndbox>
			<xmin>97.5</xmin>
			<ymin>226.0</ymin>
			<xmax>154.16666666666669</xmax>
			<ymax>383.5</ymax>
		</bndbox>
	</object>
	<object>
		<name>Others</name>
		<pose>Unspecified</pose>
		<truncated>1</truncated>
		<difficult>0</difficult>
		<bndbox>
			<xmin>133.33333333333334</xmin>
			<ymin>10.166666666666668</ymin>
			<xmax>230.0</xmax>
			<ymax>110.16666666666669</ymax>
		</bndbox>
	</object>
	<object>
		<name>Others</name>
		<pose>Unspecified</pose>
		<truncated>1</truncated>
		<difficult>0</difficult>
		<bndbox>
			<xmin>184.16666666666669</xmin>
			<ymin>6.833333333333336</ymin>
			<xmax>268.33333333333337</xmax>
			<ymax>99.33333333333334</ymax>
		</bndbox>
	</object>
</annotation>