<annotation>
	<folder>UAV_data</folder>
	<filename>:\ssss\zuizhong\201907271156005132.780.5.jpg</filename>
	<source>
		<database>The UAV autolanding</database>
		<annotation>UAV AutoLanding</annotation>
		<image>flickr</image>
		<flickrid>NULL</flickrid>
	</source>
	<owner>
		<flickrid>NULL</flickrid>
		<name>ChaojieZhu</name>
	</owner>
	<size>
		<width>1280</width>
		<height>720</height>
		<depth>3</depth>
	</size>
		<segmented>0</segmented>
	<object>
		<name>Eating</name>
		<pose>Unspecified</pose>
		<truncated>1</truncated>
		<difficult>0</difficult>
		<bndbox>
			<xmin>616.6666666666667</xmin>
			<ymin>402.6666666666667</ymin>
			<xmax>802.5</xmax>
			<ymax>513.5</ymax>
		</bndbox>
	</object>
	<object>
		<name>Heat Stress</name>
		<pose>Unspecified</pose>
		<truncated>1</truncated>
		<difficult>0</difficult>
		<bndbox>
			<xmin>812.5</xmin>
			<ymin>322.6666666666667</ymin>
			<xmax>897.5</xmax>
			<ymax>477.6666666666667</ymax>
		</bndbox>
	</object>
	<object>
		<name>Heat Stress</name>
		<pose>Unspecified</pose>
		<truncated>1</truncated>
		<difficult>0</difficult>
		<bndbox>
			<xmin>911.6666666666667</xmin>
			<ymin>309.33333333333337</ymin>
			<xmax>987.5</xmax>
			<ymax>452.6666666666667</ymax>
		</bndbox>
	</object>
	<object>
		<name>Heat Stress</name>
		<pose>Unspecified</pose>
		<truncated>1</truncated>
		<difficult>0</difficult>
		<bndbox>
			<xmin>994.2073170731709</xmin>
			<ymin>258.479674796748</ymin>
			<xmax>1095.8739837398375</xmax>
			<ymax>380.1463414634147</ymax>
		</bndbox>
	</object>
	<object>
		<name>Others</name>
		<pose>Unspecified</pose>
		<truncated>1</truncated>
		<difficult>0</difficult>
		<bndbox>
			<xmin>918.3333333333334</xmin>
			<ymin>50.16666666666667</ymin>
			<xmax>980.0</xmax>
			<ymax>156.0</ymax>
		</bndbox>
	</object>
	<object>
		<name>Others</name>
		<pose>Unspecified</pose>
		<truncated>1</truncated>
		<difficult>0</difficult>
		<bndbox>
			<xmin>641.6666666666667</xmin>
			<ymin>130.16666666666669</ymin>
			<xmax>796.6666666666667</xmax>
			<ymax>219.33333333333334</ymax>
		</bndbox>
	</object>
	<object>
		<name>Others</name>
		<pose>Unspecified</pose>
		<truncated>1</truncated>
		<difficult>0</difficult>
		<bndbox>
			<xmin>623.3333333333334</xmin>
			<ymin>198.5</ymin>
			<xmax>724.1666666666667</xmax>
			<ymax>360.1666666666667</ymax>
		</bndbox>
	</object>
	<object>
		<name>Others</name>
		<pose>Unspecified</pose>
		<truncated>1</truncated>
		<difficult>0</difficult>
		<bndbox>
			<xmin>763.3333333333334</xmin>
			<ymin>20.16666666666667</ymin>
			<xmax>878.3333333333334</xmax>
			<ymax>104.33333333333334</ymax>
		</bndbox>
	</object>
	<object>
		<name>Others</name>
		<pose>Unspecified</pose>
		<truncated>1</truncated>
		<difficult>0</difficult>
		<bndbox>
			<xmin>698.3333333333334</xmin>
			<ymin>5.166666666666668</ymin>
			<xmax>770.8333333333334</xmax>
			<ymax>112.66666666666669</ymax>
		</bndbox>
	</object>
	<object>
		<name>Others</name>
		<pose>Unspecified</pose>
		<truncated>1</truncated>
		<difficult>0</difficult>
		<bndbox>
			<xmin>487.5</xmin>
			<ymin>11.833333333333336</ymin>
			<xmax>600.0</xmax>
			<ymax>124.33333333333334</ymax>
		</bndbox>
	</object>
	<object>
		<name>Heat Stress</name>
		<pose>Unspecified</pose>
		<truncated>1</truncated>
		<difficult>0</difficult>
		<bndbox>
			<xmin>470.83333333333337</xmin>
			<ymin>87.66666666666667</ymin>
			<xmax>570.0</xmax>
			<ymax>263.5</ymax>
		</bndbox>
	</object>
	<object>
		<name>Drinking</name>
		<pose>Unspecified</pose>
		<truncated>1</truncated>
		<difficult>0</difficult>
		<bndbox>
			<xmin>378.33333333333337</xmin>
			<ymin>74.33333333333334</ymin>
			<xmax>483.33333333333337</xmax>
			<ymax>166.83333333333334</ymax>
		</bndbox>
	</object>
	<object>
		<name>Others</name>
		<pose>Unspecified</pose>
		<truncated>1</truncated>
		<difficult>0</difficult>
		<bndbox>
			<xmin>334.1666666666667</xmin>
			<ymin>94.33333333333334</ymin>
			<xmax>448.33333333333337</xmax>
			<ymax>217.66666666666669</ymax>
		</bndbox>
	</object>
	<object>
		<name>Others</name>
		<pose>Unspecified</pose>
		<truncated>1</truncated>
		<difficult>0</difficult>
		<bndbox>
			<xmin>430.0</xmin>
			<ymin>1.0</ymin>
			<xmax>527.5</xmax>
			<ymax>86.0</ymax>
		</bndbox>
	</object>
	<object>
		<name>Heat Stress</name>
		<pose>Unspecified</pose>
		<truncated>1</truncated>
		<difficult>0</difficult>
		<bndbox>
			<xmin>286.6666666666667</xmin>
			<ymin>81.0</ymin>
			<xmax>370.83333333333337</xmax>
			<ymax>171.83333333333334</ymax>
		</bndbox>
	</object>
	<object>
		<name>Others</name>
		<pose>Unspecified</pose>
		<truncated>1</truncated>
		<difficult>0</difficult>
		<bndbox>
			<xmin>224.16666666666669</xmin>
			<ymin>21.0</ymin>
			<xmax>348.33333333333337</xmax>
			<ymax>98.5</ymax>
		</bndbox>
	</object>
	<object>
		<name>Others</name>
		<pose>Unspecified</pose>
		<truncated>1</truncated>
		<difficult>0</difficult>
		<bndbox>
			<xmin>167.5</xmin>
			<ymin>3.5</ymin>
			<xmax>311.6666666666667</xmax>
			<ymax>61.83333333333334</ymax>
		</bndbox>
	</object>
	<object>
		<name>Others</name>
		<pose>Unspecified</pose>
		<truncated>1</truncated>
		<difficult>0</difficult>
		<bndbox>
			<xmin>132.5</xmin>
			<ymin>53.5</ymin>
			<xmax>210.0</xmax>
			<ymax>136.83333333333334</ymax>
		</bndbox>
	</object>
	<object>
		<name>Others</name>
		<pose>Unspecified</pose>
		<truncated>1</truncated>
		<difficult>0</difficult>
		<bndbox>
			<xmin>94.16666666666667</xmin>
			<ymin>61.83333333333334</ymin>
			<xmax>169.16666666666669</xmax>
			<ymax>151.83333333333334</ymax>
		</bndbox>
	</object>
	<object>
		<name>Others</name>
		<pose>Unspecified</pose>
		<truncated>1</truncated>
		<difficult>0</difficult>
		<bndbox>
			<xmin>101.66666666666667</xmin>
			<ymin>101.83333333333334</ymin>
			<xmax>210.83333333333334</xmax>
			<ymax>211.83333333333334</ymax>
		</bndbox>
	</object>
	<object>
		<name>Others</name>
		<pose>Unspecified</pose>
		<truncated>1</truncated>
		<difficult>0</difficult>
		<bndbox>
			<xmin>108.33333333333334</xmin>
			<ymin>196.0</ymin>
			<xmax>195.83333333333334</xmax>
			<ymax>317.6666666666667</ymax>
		</bndbox>
	</object>
	<object>
		<name>Others</name>
		<pose>Unspecified</pose>
		<truncated>1</truncated>
		<difficult>0</difficult>
		<bndbox>
			<xmin>67.47967479674797</xmin>
			<ymin>204.95934959349594</ymin>
			<xmax>132.60162601626018</xmax>
			<ymax>318.5406504065041</ymax>
		</bndbox>
	</object>
	<object>
		<name>Others</name>
		<pose>Unspecified</pose>
		<truncated>1</truncated>
		<difficult>0</difficult>
		<bndbox>
			<xmin>91.0569105691057</xmin>
			<ymin>223.65853658536585</ymin>
			<xmax>152.5</xmax>
			<ymax>344.33333333333337</ymax>
		</bndbox>
	</object>
	<object>
		<name>Others</name>
		<pose>Unspecified</pose>
		<truncated>1</truncated>
		<difficult>0</difficult>
		<bndbox>
			<xmin>86.66666666666667</xmin>
			<ymin>343.5</ymin>
			<xmax>231.66666666666669</xmax>
			<ymax>410.1666666666667</ymax>
		</bndbox>
	</object>
	<object>
		<name>Others</name>
		<pose>Unspecified</pose>
		<truncated>1</truncated>
		<difficult>0</difficult>
		<bndbox>
			<xmin>215.0</xmin>
			<ymin>268.5</ymin>
			<xmax>309.1666666666667</xmax>
			<ymax>396.0</ymax>
		</bndbox>
	</object>
	<object>
		<name>Others</name>
		<pose>Unspecified</pose>
		<truncated>1</truncated>
		<difficult>0</difficult>
		<bndbox>
			<xmin>335.83333333333337</xmin>
			<ymin>238.5</ymin>
			<xmax>454.1666666666667</xmax>
			<ymax>386.0</ymax>
		</bndbox>
	</object>
	<object>
		<name>Eating</name>
		<pose>Unspecified</pose>
		<truncated>1</truncated>
		<difficult>0</difficult>
		<bndbox>
			<xmin>210.83333333333334</xmin>
			<ymin>488.5</ymin>
			<xmax>351.219512195122</xmax>
			<ymax>561.0569105691058</ymax>
		</bndbox>
	</object>
	<object>
		<name>Others</name>
		<pose>Unspecified</pose>
		<truncated>1</truncated>
		<difficult>0</difficult>
		<bndbox>
			<xmin>70.83333333333334</xmin>
			<ymin>385.1666666666667</ymin>
			<xmax>164.16666666666669</xmax>
			<ymax>480.1666666666667</ymax>
		</bndbox>
	</object>
	<object>
		<name>Others</name>
		<pose>Unspecified</pose>
		<truncated>1</truncated>
		<difficult>0</difficult>
		<bndbox>
			<xmin>85.83333333333334</xmin>
			<ymin>441.0</ymin>
			<xmax>189.16666666666669</xmax>
			<ymax>522.6666666666667</ymax>
		</bndbox>
	</object>
	<object>
		<name>Heat Stress</name>
		<pose>Unspecified</pose>
		<truncated>1</truncated>
		<difficult>0</difficult>
		<bndbox>
			<xmin>130.0</xmin>
			<ymin>492.6666666666667</ymin>
			<xmax>205.0</xmax>
			<ymax>577.6666666666667</ymax>
		</bndbox>
	</object>
	<object>
		<name>Heat Stress</name>
		<pose>Unspecified</pose>
		<truncated>1</truncated>
		<difficult>0</difficult>
		<bndbox>
			<xmin>123.33333333333334</xmin>
			<ymin>566.8333333333334</ymin>
			<xmax>217.5</xmax>
			<ymax>681.8333333333334</ymax>
		</bndbox>
	</object>
</annotation>