<annotation>
	<folder>UAV_data</folder>
	<filename>:\ssss\zuizhong\201907261520023730.975.8.jpg</filename>
	<source>
		<database>The UAV autolanding</database>
		<annotation>UAV AutoLanding</annotation>
		<image>flickr</image>
		<flickrid>NULL</flickrid>
	</source>
	<owner>
		<flickrid>NULL</flickrid>
		<name>ChaojieZhu</name>
	</owner>
	<size>
		<width>1280</width>
		<height>720</height>
		<depth>3</depth>
	</size>
		<segmented>0</segmented>
	<object>
		<name>Heat Stress</name>
		<pose>Unspecified</pose>
		<truncated>1</truncated>
		<difficult>0</difficult>
		<bndbox>
			<xmin>844.6666666666667</xmin>
			<ymin>554.1666666666667</ymin>
			<xmax>918.0</xmax>
			<ymax>665.8333333333334</ymax>
		</bndbox>
	</object>
	<object>
		<name>Heat Stress</name>
		<pose>Unspecified</pose>
		<truncated>1</truncated>
		<difficult>0</difficult>
		<bndbox>
			<xmin>877.1666666666667</xmin>
			<ymin>422.5</ymin>
			<xmax>944.6666666666667</xmax>
			<ymax>556.6666666666667</ymax>
		</bndbox>
	</object>
	<object>
		<name>Heat Stress</name>
		<pose>Unspecified</pose>
		<truncated>1</truncated>
		<difficult>0</difficult>
		<bndbox>
			<xmin>708.0</xmin>
			<ymin>389.1666666666667</ymin>
			<xmax>828.8333333333334</xmax>
			<ymax>482.5</ymax>
		</bndbox>
	</object>
	<object>
		<name>Others</name>
		<pose>Unspecified</pose>
		<truncated>1</truncated>
		<difficult>0</difficult>
		<bndbox>
			<xmin>775.5</xmin>
			<ymin>296.6666666666667</ymin>
			<xmax>875.5</xmax>
			<ymax>444.1666666666667</ymax>
		</bndbox>
	</object>
	<object>
		<name>Heat Stress</name>
		<pose>Unspecified</pose>
		<truncated>1</truncated>
		<difficult>0</difficult>
		<bndbox>
			<xmin>526.3333333333334</xmin>
			<ymin>642.5</ymin>
			<xmax>677.0</xmax>
			<ymax>719.0</ymax>
		</bndbox>
	</object>
	<object>
		<name>Heat Stress</name>
		<pose>Unspecified</pose>
		<truncated>1</truncated>
		<difficult>0</difficult>
		<bndbox>
			<xmin>427.1666666666667</xmin>
			<ymin>518.3333333333334</ymin>
			<xmax>597.1666666666667</xmax>
			<ymax>607.5</ymax>
		</bndbox>
	</object>
	<object>
		<name>Others</name>
		<pose>Unspecified</pose>
		<truncated>1</truncated>
		<difficult>0</difficult>
		<bndbox>
			<xmin>410.5</xmin>
			<ymin>402.5</ymin>
			<xmax>550.5</xmax>
			<ymax>508.33333333333337</ymax>
		</bndbox>
	</object>
	<object>
		<name>Others</name>
		<pose>Unspecified</pose>
		<truncated>1</truncated>
		<difficult>0</difficult>
		<bndbox>
			<xmin>518.8333333333334</xmin>
			<ymin>325.83333333333337</ymin>
			<xmax>641.3333333333334</xmax>
			<ymax>457.5</ymax>
		</bndbox>
	</object>
	<object>
		<name>Others</name>
		<pose>Unspecified</pose>
		<truncated>1</truncated>
		<difficult>0</difficult>
		<bndbox>
			<xmin>578.8333333333334</xmin>
			<ymin>237.5</ymin>
			<xmax>703.8333333333334</xmax>
			<ymax>373.33333333333337</ymax>
		</bndbox>
	</object>
	<object>
		<name>Others</name>
		<pose>Unspecified</pose>
		<truncated>1</truncated>
		<difficult>0</difficult>
		<bndbox>
			<xmin>451.33333333333337</xmin>
			<ymin>284.1666666666667</ymin>
			<xmax>540.5</xmax>
			<ymax>415.83333333333337</ymax>
		</bndbox>
	</object>
	<object>
		<name>Others</name>
		<pose>Unspecified</pose>
		<truncated>1</truncated>
		<difficult>0</difficult>
		<bndbox>
			<xmin>368.83333333333337</xmin>
			<ymin>269.1666666666667</ymin>
			<xmax>465.5</xmax>
			<ymax>423.33333333333337</ymax>
		</bndbox>
	</object>
	<object>
		<name>Others</name>
		<pose>Unspecified</pose>
		<truncated>1</truncated>
		<difficult>0</difficult>
		<bndbox>
			<xmin>189.66666666666669</xmin>
			<ymin>443.33333333333337</ymin>
			<xmax>326.33333333333337</xmax>
			<ymax>555.0</ymax>
		</bndbox>
	</object>
	<object>
		<name>Heat Stress</name>
		<pose>Unspecified</pose>
		<truncated>1</truncated>
		<difficult>0</difficult>
		<bndbox>
			<xmin>171.33333333333334</xmin>
			<ymin>424.1666666666667</ymin>
			<xmax>240.5</xmax>
			<ymax>554.1666666666667</ymax>
		</bndbox>
	</object>
	<object>
		<name>Heat Stress</name>
		<pose>Unspecified</pose>
		<truncated>1</truncated>
		<difficult>0</difficult>
		<bndbox>
			<xmin>227.16666666666669</xmin>
			<ymin>566.6666666666667</ymin>
			<xmax>360.5</xmax>
			<ymax>671.6666666666667</ymax>
		</bndbox>
	</object>
	<object>
		<name>Others</name>
		<pose>Unspecified</pose>
		<truncated>1</truncated>
		<difficult>0</difficult>
		<bndbox>
			<xmin>258.0</xmin>
			<ymin>243.33333333333337</ymin>
			<xmax>334.6666666666667</xmax>
			<ymax>363.33333333333337</ymax>
		</bndbox>
	</object>
	<object>
		<name>Heat Stress</name>
		<pose>Unspecified</pose>
		<truncated>1</truncated>
		<difficult>0</difficult>
		<bndbox>
			<xmin>252.16666666666669</xmin>
			<ymin>158.33333333333334</ymin>
			<xmax>318.0</xmax>
			<ymax>285.83333333333337</ymax>
		</bndbox>
	</object>
	<object>
		<name>Heat Stress</name>
		<pose>Unspecified</pose>
		<truncated>1</truncated>
		<difficult>0</difficult>
		<bndbox>
			<xmin>249.66666666666669</xmin>
			<ymin>82.5</ymin>
			<xmax>329.6666666666667</xmax>
			<ymax>208.33333333333334</ymax>
		</bndbox>
	</object>
	<object>
		<name>Others</name>
		<pose>Unspecified</pose>
		<truncated>1</truncated>
		<difficult>0</difficult>
		<bndbox>
			<xmin>307.1666666666667</xmin>
			<ymin>115.83333333333334</ymin>
			<xmax>403.83333333333337</xmax>
			<ymax>241.66666666666669</ymax>
		</bndbox>
	</object>
	<object>
		<name>Heat Stress</name>
		<pose>Unspecified</pose>
		<truncated>1</truncated>
		<difficult>0</difficult>
		<bndbox>
			<xmin>428.83333333333337</xmin>
			<ymin>109.16666666666669</ymin>
			<xmax>585.5</xmax>
			<ymax>214.16666666666669</ymax>
		</bndbox>
	</object>
	<object>
		<name>Others</name>
		<pose>Unspecified</pose>
		<truncated>1</truncated>
		<difficult>0</difficult>
		<bndbox>
			<xmin>614.6666666666667</xmin>
			<ymin>70.83333333333334</ymin>
			<xmax>723.0</xmax>
			<ymax>207.5</ymax>
		</bndbox>
	</object>
	<object>
		<name>Heat Stress</name>
		<pose>Unspecified</pose>
		<truncated>1</truncated>
		<difficult>0</difficult>
		<bndbox>
			<xmin>727.1666666666667</xmin>
			<ymin>85.0</ymin>
			<xmax>815.5</xmax>
			<ymax>255.83333333333337</ymax>
		</bndbox>
	</object>
	<object>
		<name>Heat Stress</name>
		<pose>Unspecified</pose>
		<truncated>1</truncated>
		<difficult>0</difficult>
		<bndbox>
			<xmin>844.6666666666667</xmin>
			<ymin>145.0</ymin>
			<xmax>974.6666666666667</xmax>
			<ymax>243.33333333333337</ymax>
		</bndbox>
	</object>
	<object>
		<name>Others</name>
		<pose>Unspecified</pose>
		<truncated>1</truncated>
		<difficult>0</difficult>
		<bndbox>
			<xmin>502.1666666666667</xmin>
			<ymin>32.5</ymin>
			<xmax>597.1666666666667</xmax>
			<ymax>154.16666666666669</ymax>
		</bndbox>
	</object>
	<object>
		<name>Others</name>
		<pose>Unspecified</pose>
		<truncated>1</truncated>
		<difficult>0</difficult>
		<bndbox>
			<xmin>396.33333333333337</xmin>
			<ymin>11.666666666666671</ymin>
			<xmax>460.5</xmax>
			<ymax>171.66666666666669</ymax>
		</bndbox>
	</object>
	<object>
		<name>Heat Stress</name>
		<pose>Unspecified</pose>
		<truncated>1</truncated>
		<difficult>0</difficult>
		<bndbox>
			<xmin>243.0</xmin>
			<ymin>15.0</ymin>
			<xmax>363.83333333333337</xmax>
			<ymax>75.83333333333334</ymax>
		</bndbox>
	</object>
	<object>
		<name>Others</name>
		<pose>Unspecified</pose>
		<truncated>1</truncated>
		<difficult>0</difficult>
		<bndbox>
			<xmin>165.5</xmin>
			<ymin>46.66666666666667</ymin>
			<xmax>301.33333333333337</xmax>
			<ymax>116.66666666666669</ymax>
		</bndbox>
	</object>
	<object>
		<name>Heat Stress</name>
		<pose>Unspecified</pose>
		<truncated>1</truncated>
		<difficult>0</difficult>
		<bndbox>
			<xmin>124.66666666666667</xmin>
			<ymin>131.66666666666669</ymin>
			<xmax>182.16666666666669</xmax>
			<ymax>220.0</ymax>
		</bndbox>
	</object>
	<object>
		<name>Heat Stress</name>
		<pose>Unspecified</pose>
		<truncated>1</truncated>
		<difficult>0</difficult>
		<bndbox>
			<xmin>111.33333333333334</xmin>
			<ymin>214.16666666666669</ymin>
			<xmax>171.33333333333334</xmax>
			<ymax>287.5</ymax>
		</bndbox>
	</object>
	<object>
		<name>Others</name>
		<pose>Unspecified</pose>
		<truncated>1</truncated>
		<difficult>0</difficult>
		<bndbox>
			<xmin>155.5</xmin>
			<ymin>193.33333333333334</ymin>
			<xmax>227.16666666666669</xmax>
			<ymax>347.5</ymax>
		</bndbox>
	</object>
</annotation>