<annotation>
	<folder>UAV_data</folder>
	<filename>:\ssss\zuizhong\201907261520012230.976.4.jpg</filename>
	<source>
		<database>The UAV autolanding</database>
		<annotation>UAV AutoLanding</annotation>
		<image>flickr</image>
		<flickrid>NULL</flickrid>
	</source>
	<owner>
		<flickrid>NULL</flickrid>
		<name>ChaojieZhu</name>
	</owner>
	<size>
		<width>1280</width>
		<height>720</height>
		<depth>3</depth>
	</size>
		<segmented>0</segmented>
	<object>
		<name>Heat Stress</name>
		<pose>Unspecified</pose>
		<truncated>1</truncated>
		<difficult>0</difficult>
		<bndbox>
			<xmin>842.5</xmin>
			<ymin>554.3333333333334</ymin>
			<xmax>915.8333333333334</xmax>
			<ymax>667.6666666666667</ymax>
		</bndbox>
	</object>
	<object>
		<name>Others</name>
		<pose>Unspecified</pose>
		<truncated>1</truncated>
		<difficult>0</difficult>
		<bndbox>
			<xmin>501.64634146341473</xmin>
			<ymin>466.0406504065041</ymin>
			<xmax>699.9796747967481</xmax>
			<ymax>554.3739837398374</ymax>
		</bndbox>
	</object>
	<object>
		<name>Others</name>
		<pose>Unspecified</pose>
		<truncated>1</truncated>
		<difficult>0</difficult>
		<bndbox>
			<xmin>652.5</xmin>
			<ymin>432.6666666666667</ymin>
			<xmax>769.1666666666667</xmax>
			<ymax>548.5</ymax>
		</bndbox>
	</object>
	<object>
		<name>Heat Stress</name>
		<pose>Unspecified</pose>
		<truncated>1</truncated>
		<difficult>0</difficult>
		<bndbox>
			<xmin>717.5</xmin>
			<ymin>351.83333333333337</ymin>
			<xmax>842.5</xmax>
			<ymax>460.1666666666667</ymax>
		</bndbox>
	</object>
	<object>
		<name>Heat Stress</name>
		<pose>Unspecified</pose>
		<truncated>1</truncated>
		<difficult>0</difficult>
		<bndbox>
			<xmin>834.1666666666667</xmin>
			<ymin>304.33333333333337</ymin>
			<xmax>919.1666666666667</xmax>
			<ymax>447.6666666666667</ymax>
		</bndbox>
	</object>
	<object>
		<name>Heat Stress</name>
		<pose>Unspecified</pose>
		<truncated>1</truncated>
		<difficult>0</difficult>
		<bndbox>
			<xmin>675.0</xmin>
			<ymin>251.0</ymin>
			<xmax>830.0</xmax>
			<ymax>339.33333333333337</ymax>
		</bndbox>
	</object>
	<object>
		<name>Others</name>
		<pose>Unspecified</pose>
		<truncated>1</truncated>
		<difficult>0</difficult>
		<bndbox>
			<xmin>613.3333333333334</xmin>
			<ymin>266.83333333333337</ymin>
			<xmax>702.5</xmax>
			<ymax>407.6666666666667</ymax>
		</bndbox>
	</object>
	<object>
		<name>Heat Stress</name>
		<pose>Unspecified</pose>
		<truncated>1</truncated>
		<difficult>0</difficult>
		<bndbox>
			<xmin>512.5</xmin>
			<ymin>254.33333333333337</ymin>
			<xmax>630.8333333333334</xmax>
			<ymax>339.33333333333337</ymax>
		</bndbox>
	</object>
	<object>
		<name>Others</name>
		<pose>Unspecified</pose>
		<truncated>1</truncated>
		<difficult>0</difficult>
		<bndbox>
			<xmin>542.5</xmin>
			<ymin>97.66666666666667</ymin>
			<xmax>615.8333333333334</xmax>
			<ymax>266.0</ymax>
		</bndbox>
	</object>
	<object>
		<name>Heat Stress</name>
		<pose>Unspecified</pose>
		<truncated>1</truncated>
		<difficult>0</difficult>
		<bndbox>
			<xmin>607.5</xmin>
			<ymin>103.5</ymin>
			<xmax>710.0</xmax>
			<ymax>232.66666666666669</ymax>
		</bndbox>
	</object>
	<object>
		<name>Heat Stress</name>
		<pose>Unspecified</pose>
		<truncated>1</truncated>
		<difficult>0</difficult>
		<bndbox>
			<xmin>729.1666666666667</xmin>
			<ymin>109.33333333333334</ymin>
			<xmax>822.5</xmax>
			<ymax>259.33333333333337</ymax>
		</bndbox>
	</object>
	<object>
		<name>Others</name>
		<pose>Unspecified</pose>
		<truncated>1</truncated>
		<difficult>0</difficult>
		<bndbox>
			<xmin>838.3333333333334</xmin>
			<ymin>143.5</ymin>
			<xmax>972.5</xmax>
			<ymax>245.16666666666669</ymax>
		</bndbox>
	</object>
	<object>
		<name>Others</name>
		<pose>Unspecified</pose>
		<truncated>1</truncated>
		<difficult>0</difficult>
		<bndbox>
			<xmin>859.1666666666667</xmin>
			<ymin>10.166666666666668</ymin>
			<xmax>927.5</xmax>
			<ymax>145.16666666666669</ymax>
		</bndbox>
	</object>
	<object>
		<name>Others</name>
		<pose>Unspecified</pose>
		<truncated>1</truncated>
		<difficult>0</difficult>
		<bndbox>
			<xmin>717.520325203252</xmin>
			<ymin>9.292682926829269</ymin>
			<xmax>820.3252032520326</xmax>
			<ymax>87.13821138211382</ymax>
		</bndbox>
	</object>
	<object>
		<name>Heat Stress</name>
		<pose>Unspecified</pose>
		<truncated>1</truncated>
		<difficult>0</difficult>
		<bndbox>
			<xmin>411.6666666666667</xmin>
			<ymin>140.16666666666669</ymin>
			<xmax>517.5</xmax>
			<ymax>313.5</ymax>
		</bndbox>
	</object>
	<object>
		<name>Others</name>
		<pose>Unspecified</pose>
		<truncated>1</truncated>
		<difficult>0</difficult>
		<bndbox>
			<xmin>322.0731707317073</xmin>
			<ymin>244.08943089430895</ymin>
			<xmax>491.0569105691057</xmax>
			<ymax>338.3577235772358</ymax>
		</bndbox>
	</object>
	<object>
		<name>Heat Stress</name>
		<pose>Unspecified</pose>
		<truncated>1</truncated>
		<difficult>0</difficult>
		<bndbox>
			<xmin>345.83333333333337</xmin>
			<ymin>326.83333333333337</ymin>
			<xmax>502.5</xmax>
			<ymax>409.33333333333337</ymax>
		</bndbox>
	</object>
	<object>
		<name>Others</name>
		<pose>Unspecified</pose>
		<truncated>1</truncated>
		<difficult>0</difficult>
		<bndbox>
			<xmin>267.5</xmin>
			<ymin>556.8333333333334</ymin>
			<xmax>374.1666666666667</xmax>
			<ymax>670.1666666666667</ymax>
		</bndbox>
	</object>
	<object>
		<name>Others</name>
		<pose>Unspecified</pose>
		<truncated>1</truncated>
		<difficult>0</difficult>
		<bndbox>
			<xmin>297.479674796748</xmin>
			<ymin>239.33333333333337</ymin>
			<xmax>381.3008130081301</xmax>
			<ymax>347.3008130081301</ymax>
		</bndbox>
	</object>
	<object>
		<name>Drinking</name>
		<pose>Unspecified</pose>
		<truncated>1</truncated>
		<difficult>0</difficult>
		<bndbox>
			<xmin>375.83333333333337</xmin>
			<ymin>11.833333333333336</ymin>
			<xmax>530.0</xmax>
			<ymax>81.0</ymax>
		</bndbox>
	</object>
	<object>
		<name>Others</name>
		<pose>Unspecified</pose>
		<truncated>1</truncated>
		<difficult>0</difficult>
		<bndbox>
			<xmin>347.5</xmin>
			<ymin>67.66666666666667</ymin>
			<xmax>466.6666666666667</xmax>
			<ymax>200.16666666666669</ymax>
		</bndbox>
	</object>
	<object>
		<name>Others</name>
		<pose>Unspecified</pose>
		<truncated>1</truncated>
		<difficult>0</difficult>
		<bndbox>
			<xmin>275.0</xmin>
			<ymin>14.333333333333336</ymin>
			<xmax>342.5</xmax>
			<ymax>131.0</ymax>
		</bndbox>
	</object>
	<object>
		<name>Others</name>
		<pose>Unspecified</pose>
		<truncated>1</truncated>
		<difficult>0</difficult>
		<bndbox>
			<xmin>177.5</xmin>
			<ymin>5.166666666666668</ymin>
			<xmax>275.83333333333337</xmax>
			<ymax>136.0</ymax>
		</bndbox>
	</object>
	<object>
		<name>Heat Stress</name>
		<pose>Unspecified</pose>
		<truncated>1</truncated>
		<difficult>0</difficult>
		<bndbox>
			<xmin>242.5</xmin>
			<ymin>90.16666666666667</ymin>
			<xmax>309.1666666666667</xmax>
			<ymax>196.0</ymax>
		</bndbox>
	</object>
	<object>
		<name>Others</name>
		<pose>Unspecified</pose>
		<truncated>1</truncated>
		<difficult>0</difficult>
		<bndbox>
			<xmin>184.16666666666669</xmin>
			<ymin>181.83333333333334</ymin>
			<xmax>305.83333333333337</xmax>
			<ymax>249.33333333333337</ymax>
		</bndbox>
	</object>
	<object>
		<name>Heat Stress</name>
		<pose>Unspecified</pose>
		<truncated>1</truncated>
		<difficult>0</difficult>
		<bndbox>
			<xmin>170.83333333333334</xmin>
			<ymin>248.5</ymin>
			<xmax>277.5</xmax>
			<ymax>333.5</ymax>
		</bndbox>
	</object>
	<object>
		<name>Heat Stress</name>
		<pose>Unspecified</pose>
		<truncated>1</truncated>
		<difficult>0</difficult>
		<bndbox>
			<xmin>121.66666666666667</xmin>
			<ymin>75.16666666666667</ymin>
			<xmax>180.0</xmax>
			<ymax>180.16666666666669</ymax>
		</bndbox>
	</object>
	<object>
		<name>Heat Stress</name>
		<pose>Unspecified</pose>
		<truncated>1</truncated>
		<difficult>0</difficult>
		<bndbox>
			<xmin>114.16666666666667</xmin>
			<ymin>118.5</ymin>
			<xmax>182.5</xmax>
			<ymax>221.83333333333334</ymax>
		</bndbox>
	</object>
	<object>
		<name>Others</name>
		<pose>Unspecified</pose>
		<truncated>1</truncated>
		<difficult>0</difficult>
		<bndbox>
			<xmin>75.71138211382114</xmin>
			<ymin>211.04065040650408</ymin>
			<xmax>196.5447154471545</xmax>
			<ymax>285.20731707317077</ymax>
		</bndbox>
	</object>
	<object>
		<name>Others</name>
		<pose>Unspecified</pose>
		<truncated>1</truncated>
		<difficult>0</difficult>
		<bndbox>
			<xmin>134.16666666666669</xmin>
			<ymin>413.5</ymin>
			<xmax>205.83333333333334</xmax>
			<ymax>571.8333333333334</ymax>
		</bndbox>
	</object>
	<object>
		<name>Others</name>
		<pose>Unspecified</pose>
		<truncated>1</truncated>
		<difficult>0</difficult>
		<bndbox>
			<xmin>121.66666666666667</xmin>
			<ymin>521.8333333333334</ymin>
			<xmax>195.83333333333334</xmax>
			<ymax>672.6666666666667</ymax>
		</bndbox>
	</object>
</annotation>