<annotation>
	<folder>UAV_data</folder>
	<filename>:\ssss\zuizhong\201907250700011930.682.8.jpg</filename>
	<source>
		<database>The UAV autolanding</database>
		<annotation>UAV AutoLanding</annotation>
		<image>flickr</image>
		<flickrid>NULL</flickrid>
	</source>
	<owner>
		<flickrid>NULL</flickrid>
		<name>ChaojieZhu</name>
	</owner>
	<size>
		<width>1280</width>
		<height>720</height>
		<depth>3</depth>
	</size>
		<segmented>0</segmented>
	<object>
		<name>Eating</name>
		<pose>Unspecified</pose>
		<truncated>1</truncated>
		<difficult>0</difficult>
		<bndbox>
			<xmin>835.8333333333334</xmin>
			<ymin>517.6666666666667</ymin>
			<xmax>912.5</xmax>
			<ymax>636.0</ymax>
		</bndbox>
	</object>
	<object>
		<name>Eating</name>
		<pose>Unspecified</pose>
		<truncated>1</truncated>
		<difficult>0</difficult>
		<bndbox>
			<xmin>636.6666666666667</xmin>
			<ymin>466.83333333333337</ymin>
			<xmax>769.9186991869918</xmax>
			<ymax>601.0813008130082</ymax>
		</bndbox>
	</object>
	<object>
		<name>Others</name>
		<pose>Unspecified</pose>
		<truncated>1</truncated>
		<difficult>0</difficult>
		<bndbox>
			<xmin>232.3170731707317</xmin>
			<ymin>322.5853658536586</ymin>
			<xmax>306.5040650406504</xmax>
			<ymax>490.5121951219512</ymax>
		</bndbox>
	</object>
	<object>
		<name>Others</name>
		<pose>Unspecified</pose>
		<truncated>1</truncated>
		<difficult>0</difficult>
		<bndbox>
			<xmin>291.6463414634147</xmin>
			<ymin>376.7723577235773</ymin>
			<xmax>452.0325203252033</xmax>
			<ymax>452.3008130081301</ymax>
		</bndbox>
	</object>
	<object>
		<name>Others</name>
		<pose>Unspecified</pose>
		<truncated>1</truncated>
		<difficult>0</difficult>
		<bndbox>
			<xmin>441.44308943089436</xmin>
			<ymin>620.0040650406505</ymin>
			<xmax>604.0650406504066</xmax>
			<ymax>697.829268292683</ymax>
		</bndbox>
	</object>
	<object>
		<name>Others</name>
		<pose>Unspecified</pose>
		<truncated>1</truncated>
		<difficult>0</difficult>
		<bndbox>
			<xmin>226.66666666666669</xmin>
			<ymin>483.5</ymin>
			<xmax>298.33333333333337</xmax>
			<ymax>626.0</ymax>
		</bndbox>
	</object>
	<object>
		<name>Others</name>
		<pose>Unspecified</pose>
		<truncated>1</truncated>
		<difficult>0</difficult>
		<bndbox>
			<xmin>116.66666666666667</xmin>
			<ymin>448.5</ymin>
			<xmax>183.33333333333334</xmax>
			<ymax>564.3333333333334</ymax>
		</bndbox>
	</object>
	<object>
		<name>Others</name>
		<pose>Unspecified</pose>
		<truncated>1</truncated>
		<difficult>0</difficult>
		<bndbox>
			<xmin>137.5</xmin>
			<ymin>545.1666666666667</ymin>
			<xmax>201.66666666666669</xmax>
			<ymax>614.3333333333334</ymax>
		</bndbox>
	</object>
	<object>
		<name>Others</name>
		<pose>Unspecified</pose>
		<truncated>1</truncated>
		<difficult>0</difficult>
		<bndbox>
			<xmin>155.0</xmin>
			<ymin>579.3333333333334</ymin>
			<xmax>254.16666666666669</xmax>
			<ymax>662.6666666666667</ymax>
		</bndbox>
	</object>
	<object>
		<name>Others</name>
		<pose>Unspecified</pose>
		<truncated>1</truncated>
		<difficult>0</difficult>
		<bndbox>
			<xmin>476.6666666666667</xmin>
			<ymin>268.5</ymin>
			<xmax>554.1666666666667</xmax>
			<ymax>433.5</ymax>
		</bndbox>
	</object>
	<object>
		<name>Heat Stress</name>
		<pose>Unspecified</pose>
		<truncated>1</truncated>
		<difficult>0</difficult>
		<bndbox>
			<xmin>719.1666666666667</xmin>
			<ymin>291.83333333333337</ymin>
			<xmax>818.3333333333334</xmax>
			<ymax>417.6666666666667</ymax>
		</bndbox>
	</object>
	<object>
		<name>Heat Stress</name>
		<pose>Unspecified</pose>
		<truncated>1</truncated>
		<difficult>0</difficult>
		<bndbox>
			<xmin>792.5</xmin>
			<ymin>133.5</ymin>
			<xmax>954.1666666666667</xmax>
			<ymax>231.0</ymax>
		</bndbox>
	</object>
	<object>
		<name>Heat Stress</name>
		<pose>Unspecified</pose>
		<truncated>1</truncated>
		<difficult>0</difficult>
		<bndbox>
			<xmin>540.6707317073171</xmin>
			<ymin>226.77235772357724</ymin>
			<xmax>636.5853658536586</xmax>
			<ymax>395.390243902439</ymax>
		</bndbox>
	</object>
	<object>
		<name>Others</name>
		<pose>Unspecified</pose>
		<truncated>1</truncated>
		<difficult>0</difficult>
		<bndbox>
			<xmin>593.2520325203251</xmin>
			<ymin>370.16666666666663</ymin>
			<xmax>696.5853658536585</xmax>
			<ymax>505.1666666666671</ymax>
		</bndbox>
	</object>
	<object>
		<name>Heat Stress</name>
		<pose>Unspecified</pose>
		<truncated>1</truncated>
		<difficult>0</difficult>
		<bndbox>
			<xmin>670.0</xmin>
			<ymin>110.16666666666669</ymin>
			<xmax>764.1666666666667</xmax>
			<ymax>203.5</ymax>
		</bndbox>
	</object>
	<object>
		<name>Others</name>
		<pose>Unspecified</pose>
		<truncated>1</truncated>
		<difficult>0</difficult>
		<bndbox>
			<xmin>438.33333333333337</xmin>
			<ymin>91.0</ymin>
			<xmax>514.1666666666667</xmax>
			<ymax>250.16666666666669</ymax>
		</bndbox>
	</object>
	<object>
		<name>Others</name>
		<pose>Unspecified</pose>
		<truncated>1</truncated>
		<difficult>0</difficult>
		<bndbox>
			<xmin>493.33333333333337</xmin>
			<ymin>75.16666666666667</ymin>
			<xmax>571.6666666666667</xmax>
			<ymax>233.5</ymax>
		</bndbox>
	</object>
	<object>
		<name>Others</name>
		<pose>Unspecified</pose>
		<truncated>1</truncated>
		<difficult>0</difficult>
		<bndbox>
			<xmin>558.3333333333334</xmin>
			<ymin>100.16666666666667</ymin>
			<xmax>684.1666666666667</xmax>
			<ymax>176.83333333333334</ymax>
		</bndbox>
	</object>
	<object>
		<name>Others</name>
		<pose>Unspecified</pose>
		<truncated>1</truncated>
		<difficult>0</difficult>
		<bndbox>
			<xmin>665.7113821138212</xmin>
			<ymin>25.878048780487816</ymin>
			<xmax>777.2357723577236</xmax>
			<ymax>130.34959349593495</ymax>
		</bndbox>
	</object>
	<object>
		<name>Others</name>
		<pose>Unspecified</pose>
		<truncated>1</truncated>
		<difficult>0</difficult>
		<bndbox>
			<xmin>405.0</xmin>
			<ymin>11.0</ymin>
			<xmax>545.0</xmax>
			<ymax>63.5</ymax>
		</bndbox>
	</object>
	<object>
		<name>Drinking</name>
		<pose>Unspecified</pose>
		<truncated>1</truncated>
		<difficult>0</difficult>
		<bndbox>
			<xmin>354.1666666666667</xmin>
			<ymin>26.833333333333336</ymin>
			<xmax>427.5</xmax>
			<ymax>131.0</ymax>
		</bndbox>
	</object>
	<object>
		<name>Others</name>
		<pose>Unspecified</pose>
		<truncated>1</truncated>
		<difficult>0</difficult>
		<bndbox>
			<xmin>118.33333333333334</xmin>
			<ymin>337.6666666666667</ymin>
			<xmax>207.5</xmax>
			<ymax>448.5</ymax>
		</bndbox>
	</object>
	<object>
		<name>Heat Stress</name>
		<pose>Unspecified</pose>
		<truncated>1</truncated>
		<difficult>0</difficult>
		<bndbox>
			<xmin>212.5</xmin>
			<ymin>137.66666666666669</ymin>
			<xmax>380.0</xmax>
			<ymax>230.16666666666669</ymax>
		</bndbox>
	</object>
	<object>
		<name>Others</name>
		<pose>Unspecified</pose>
		<truncated>1</truncated>
		<difficult>0</difficult>
		<bndbox>
			<xmin>96.66666666666667</xmin>
			<ymin>215.16666666666669</ymin>
			<xmax>241.66666666666669</xmax>
			<ymax>285.1666666666667</ymax>
		</bndbox>
	</object>
	<object>
		<name>Heat Stress</name>
		<pose>Unspecified</pose>
		<truncated>1</truncated>
		<difficult>0</difficult>
		<bndbox>
			<xmin>108.33333333333334</xmin>
			<ymin>253.5</ymin>
			<xmax>165.83333333333334</xmax>
			<ymax>352.6666666666667</ymax>
		</bndbox>
	</object>
	<object>
		<name>Others</name>
		<pose>Unspecified</pose>
		<truncated>1</truncated>
		<difficult>0</difficult>
		<bndbox>
			<xmin>128.33333333333334</xmin>
			<ymin>137.66666666666669</ymin>
			<xmax>217.5</xmax>
			<ymax>227.66666666666669</ymax>
		</bndbox>
	</object>
	<object>
		<name>Others</name>
		<pose>Unspecified</pose>
		<truncated>1</truncated>
		<difficult>0</difficult>
		<bndbox>
			<xmin>211.66666666666669</xmin>
			<ymin>51.0</ymin>
			<xmax>295.83333333333337</xmax>
			<ymax>191.0</ymax>
		</bndbox>
	</object>
	<object>
		<name>Others</name>
		<pose>Unspecified</pose>
		<truncated>1</truncated>
		<difficult>0</difficult>
		<bndbox>
			<xmin>140.0</xmin>
			<ymin>81.0</ymin>
			<xmax>237.5</xmax>
			<ymax>157.66666666666669</ymax>
		</bndbox>
	</object>
	<object>
		<name>Others</name>
		<pose>Unspecified</pose>
		<truncated>1</truncated>
		<difficult>0</difficult>
		<bndbox>
			<xmin>156.91056910569105</xmin>
			<ymin>11.650406504065039</ymin>
			<xmax>299.1666666666667</xmax>
			<ymax>73.5</ymax>
		</bndbox>
	</object>
	<object>
		<name>Others</name>
		<pose>Unspecified</pose>
		<truncated>1</truncated>
		<difficult>0</difficult>
		<bndbox>
			<xmin>130.83333333333334</xmin>
			<ymin>38.5</ymin>
			<xmax>188.33333333333334</xmax>
			<ymax>147.66666666666669</ymax>
		</bndbox>
	</object>
	<object>
		<name>Heat Stress</name>
		<pose>Unspecified</pose>
		<truncated>1</truncated>
		<difficult>0</difficult>
		<bndbox>
			<xmin>585.8333333333334</xmin>
			<ymin>118.5</ymin>
			<xmax>677.5</xmax>
			<ymax>273.5</ymax>
		</bndbox>
	</object>
</annotation>