<annotation>
	<folder>UAV_data</folder>
	<filename>:\ssss\zuizhong\201907261520006831.175.1.jpg</filename>
	<source>
		<database>The UAV autolanding</database>
		<annotation>UAV AutoLanding</annotation>
		<image>flickr</image>
		<flickrid>NULL</flickrid>
	</source>
	<owner>
		<flickrid>NULL</flickrid>
		<name>ChaojieZhu</name>
	</owner>
	<size>
		<width>1280</width>
		<height>720</height>
		<depth>3</depth>
	</size>
		<segmented>0</segmented>
	<object>
		<name>Heat Stress</name>
		<pose>Unspecified</pose>
		<truncated>1</truncated>
		<difficult>0</difficult>
		<bndbox>
			<xmin>842.5</xmin>
			<ymin>554.3333333333334</ymin>
			<xmax>914.1666666666667</xmax>
			<ymax>677.6666666666667</ymax>
		</bndbox>
	</object>
	<object>
		<name>Eating</name>
		<pose>Unspecified</pose>
		<truncated>1</truncated>
		<difficult>0</difficult>
		<bndbox>
			<xmin>771.6666666666667</xmin>
			<ymin>343.5</ymin>
			<xmax>855.8333333333334</xmax>
			<ymax>506.83333333333337</ymax>
		</bndbox>
	</object>
	<object>
		<name>Eating</name>
		<pose>Unspecified</pose>
		<truncated>1</truncated>
		<difficult>0</difficult>
		<bndbox>
			<xmin>280.83333333333337</xmin>
			<ymin>358.5</ymin>
			<xmax>381.6666666666667</xmax>
			<ymax>514.3333333333334</ymax>
		</bndbox>
	</object>
	<object>
		<name>Heat Stress</name>
		<pose>Unspecified</pose>
		<truncated>1</truncated>
		<difficult>0</difficult>
		<bndbox>
			<xmin>664.1666666666667</xmin>
			<ymin>381.83333333333337</ymin>
			<xmax>745.0</xmax>
			<ymax>536.8333333333334</ymax>
		</bndbox>
	</object>
	<object>
		<name>Others</name>
		<pose>Unspecified</pose>
		<truncated>1</truncated>
		<difficult>0</difficult>
		<bndbox>
			<xmin>616.6666666666667</xmin>
			<ymin>252.66666666666669</ymin>
			<xmax>700.8333333333334</xmax>
			<ymax>416.83333333333337</ymax>
		</bndbox>
	</object>
	<object>
		<name>Heat Stress</name>
		<pose>Unspecified</pose>
		<truncated>1</truncated>
		<difficult>0</difficult>
		<bndbox>
			<xmin>786.6666666666667</xmin>
			<ymin>253.5</ymin>
			<xmax>912.5</xmax>
			<ymax>361.0</ymax>
		</bndbox>
	</object>
	<object>
		<name>Others</name>
		<pose>Unspecified</pose>
		<truncated>1</truncated>
		<difficult>0</difficult>
		<bndbox>
			<xmin>500.83333333333337</xmin>
			<ymin>262.6666666666667</ymin>
			<xmax>608.3333333333334</xmax>
			<ymax>391.0</ymax>
		</bndbox>
	</object>
	<object>
		<name>Heat Stress</name>
		<pose>Unspecified</pose>
		<truncated>1</truncated>
		<difficult>0</difficult>
		<bndbox>
			<xmin>360.83333333333337</xmin>
			<ymin>319.33333333333337</ymin>
			<xmax>500.0</xmax>
			<ymax>433.5</ymax>
		</bndbox>
	</object>
	<object>
		<name>Others</name>
		<pose>Unspecified</pose>
		<truncated>1</truncated>
		<difficult>0</difficult>
		<bndbox>
			<xmin>337.5</xmin>
			<ymin>246.0</ymin>
			<xmax>489.1666666666667</xmax>
			<ymax>349.33333333333337</ymax>
		</bndbox>
	</object>
	<object>
		<name>Others</name>
		<pose>Unspecified</pose>
		<truncated>1</truncated>
		<difficult>0</difficult>
		<bndbox>
			<xmin>427.4186991869919</xmin>
			<ymin>161.83333333333334</ymin>
			<xmax>515.4471544715448</xmax>
			<ymax>311.650406504065</ymax>
		</bndbox>
	</object>
	<object>
		<name>Others</name>
		<pose>Unspecified</pose>
		<truncated>1</truncated>
		<difficult>0</difficult>
		<bndbox>
			<xmin>698.3333333333334</xmin>
			<ymin>158.5</ymin>
			<xmax>791.6666666666667</xmax>
			<ymax>307.6666666666667</ymax>
		</bndbox>
	</object>
	<object>
		<name>Others</name>
		<pose>Unspecified</pose>
		<truncated>1</truncated>
		<difficult>0</difficult>
		<bndbox>
			<xmin>815.0</xmin>
			<ymin>116.0</ymin>
			<xmax>967.5</xmax>
			<ymax>228.5</ymax>
		</bndbox>
	</object>
	<object>
		<name>Heat Stress</name>
		<pose>Unspecified</pose>
		<truncated>1</truncated>
		<difficult>0</difficult>
		<bndbox>
			<xmin>850.8333333333334</xmin>
			<ymin>2.666666666666668</ymin>
			<xmax>930.8333333333334</xmax>
			<ymax>144.33333333333334</ymax>
		</bndbox>
	</object>
	<object>
		<name>Others</name>
		<pose>Unspecified</pose>
		<truncated>1</truncated>
		<difficult>0</difficult>
		<bndbox>
			<xmin>683.3333333333334</xmin>
			<ymin>86.0</ymin>
			<xmax>809.1666666666667</xmax>
			<ymax>180.16666666666669</ymax>
		</bndbox>
	</object>
	<object>
		<name>Drinking</name>
		<pose>Unspecified</pose>
		<truncated>1</truncated>
		<difficult>0</difficult>
		<bndbox>
			<xmin>673.3333333333334</xmin>
			<ymin>8.5</ymin>
			<xmax>831.6666666666667</xmax>
			<ymax>101.0</ymax>
		</bndbox>
	</object>
	<object>
		<name>Others</name>
		<pose>Unspecified</pose>
		<truncated>1</truncated>
		<difficult>0</difficult>
		<bndbox>
			<xmin>617.5</xmin>
			<ymin>94.33333333333334</ymin>
			<xmax>699.1666666666667</xmax>
			<ymax>241.83333333333337</ymax>
		</bndbox>
	</object>
	<object>
		<name>Others</name>
		<pose>Unspecified</pose>
		<truncated>1</truncated>
		<difficult>0</difficult>
		<bndbox>
			<xmin>544.0650406504066</xmin>
			<ymin>93.33739837398377</ymin>
			<xmax>620.7317073170733</xmax>
			<ymax>271.6707317073171</ymax>
		</bndbox>
	</object>
	<object>
		<name>Drinking</name>
		<pose>Unspecified</pose>
		<truncated>1</truncated>
		<difficult>0</difficult>
		<bndbox>
			<xmin>393.33333333333337</xmin>
			<ymin>11.0</ymin>
			<xmax>566.6666666666667</xmax>
			<ymax>95.16666666666667</ymax>
		</bndbox>
	</object>
	<object>
		<name>Others</name>
		<pose>Unspecified</pose>
		<truncated>1</truncated>
		<difficult>0</difficult>
		<bndbox>
			<xmin>353.33333333333337</xmin>
			<ymin>28.5</ymin>
			<xmax>490.83333333333337</xmax>
			<ymax>104.33333333333334</ymax>
		</bndbox>
	</object>
	<object>
		<name>Others</name>
		<pose>Unspecified</pose>
		<truncated>1</truncated>
		<difficult>0</difficult>
		<bndbox>
			<xmin>346.6666666666667</xmin>
			<ymin>100.16666666666667</ymin>
			<xmax>435.83333333333337</xmax>
			<ymax>224.33333333333334</ymax>
		</bndbox>
	</object>
	<object>
		<name>Heat Stress</name>
		<pose>Unspecified</pose>
		<truncated>1</truncated>
		<difficult>0</difficult>
		<bndbox>
			<xmin>309.1666666666667</xmin>
			<ymin>187.66666666666669</ymin>
			<xmax>403.33333333333337</xmax>
			<ymax>301.83333333333337</ymax>
		</bndbox>
	</object>
	<object>
		<name>Heat Stress</name>
		<pose>Unspecified</pose>
		<truncated>1</truncated>
		<difficult>0</difficult>
		<bndbox>
			<xmin>234.16666666666669</xmin>
			<ymin>203.5</ymin>
			<xmax>320.83333333333337</xmax>
			<ymax>341.0</ymax>
		</bndbox>
	</object>
	<object>
		<name>Heat Stress</name>
		<pose>Unspecified</pose>
		<truncated>1</truncated>
		<difficult>0</difficult>
		<bndbox>
			<xmin>155.0</xmin>
			<ymin>367.6666666666667</ymin>
			<xmax>255.0</xmax>
			<ymax>471.0</ymax>
		</bndbox>
	</object>
	<object>
		<name>Others</name>
		<pose>Unspecified</pose>
		<truncated>1</truncated>
		<difficult>0</difficult>
		<bndbox>
			<xmin>90.83333333333334</xmin>
			<ymin>317.6666666666667</ymin>
			<xmax>175.83333333333334</xmax>
			<ymax>410.1666666666667</ymax>
		</bndbox>
	</object>
	<object>
		<name>Others</name>
		<pose>Unspecified</pose>
		<truncated>1</truncated>
		<difficult>0</difficult>
		<bndbox>
			<xmin>113.33333333333334</xmin>
			<ymin>543.5</ymin>
			<xmax>195.0</xmax>
			<ymax>674.3333333333334</ymax>
		</bndbox>
	</object>
	<object>
		<name>Heat Stress</name>
		<pose>Unspecified</pose>
		<truncated>1</truncated>
		<difficult>0</difficult>
		<bndbox>
			<xmin>212.5</xmin>
			<ymin>582.6666666666667</ymin>
			<xmax>339.1666666666667</xmax>
			<ymax>670.1666666666667</ymax>
		</bndbox>
	</object>
	<object>
		<name>Others</name>
		<pose>Unspecified</pose>
		<truncated>1</truncated>
		<difficult>0</difficult>
		<bndbox>
			<xmin>315.0</xmin>
			<ymin>609.3333333333334</ymin>
			<xmax>448.33333333333337</xmax>
			<ymax>704.3333333333334</ymax>
		</bndbox>
	</object>
	<object>
		<name>Others</name>
		<pose>Unspecified</pose>
		<truncated>1</truncated>
		<difficult>0</difficult>
		<bndbox>
			<xmin>288.33333333333337</xmin>
			<ymin>1.0</ymin>
			<xmax>342.5</xmax>
			<ymax>128.5</ymax>
		</bndbox>
	</object>
	<object>
		<name>Heat Stress</name>
		<pose>Unspecified</pose>
		<truncated>1</truncated>
		<difficult>0</difficult>
		<bndbox>
			<xmin>237.5</xmin>
			<ymin>105.16666666666667</ymin>
			<xmax>339.1666666666667</xmax>
			<ymax>176.0</ymax>
		</bndbox>
	</object>
	<object>
		<name>Heat Stress</name>
		<pose>Unspecified</pose>
		<truncated>1</truncated>
		<difficult>0</difficult>
		<bndbox>
			<xmin>182.5</xmin>
			<ymin>166.83333333333334</ymin>
			<xmax>292.5</xmax>
			<ymax>253.5</ymax>
		</bndbox>
	</object>
	<object>
		<name>Others</name>
		<pose>Unspecified</pose>
		<truncated>1</truncated>
		<difficult>0</difficult>
		<bndbox>
			<xmin>94.16666666666667</xmin>
			<ymin>223.5</ymin>
			<xmax>194.16666666666669</xmax>
			<ymax>285.1666666666667</ymax>
		</bndbox>
	</object>
	<object>
		<name>Heat Stress</name>
		<pose>Unspecified</pose>
		<truncated>1</truncated>
		<difficult>0</difficult>
		<bndbox>
			<xmin>125.0</xmin>
			<ymin>69.33333333333334</ymin>
			<xmax>178.33333333333334</xmax>
			<ymax>177.66666666666669</ymax>
		</bndbox>
	</object>
	<object>
		<name>Heat Stress</name>
		<pose>Unspecified</pose>
		<truncated>1</truncated>
		<difficult>0</difficult>
		<bndbox>
			<xmin>117.5</xmin>
			<ymin>125.16666666666669</ymin>
			<xmax>178.33333333333334</xmax>
			<ymax>231.0</ymax>
		</bndbox>
	</object>
	<object>
		<name>Others</name>
		<pose>Unspecified</pose>
		<truncated>1</truncated>
		<difficult>0</difficult>
		<bndbox>
			<xmin>168.33333333333334</xmin>
			<ymin>12.666666666666668</ymin>
			<xmax>280.83333333333337</xmax>
			<ymax>115.16666666666669</ymax>
		</bndbox>
	</object>
</annotation>