<annotation>
	<folder>UAV_data</folder>
	<filename>:\ssss\zuizhong\201907250700008430.682.8.jpg</filename>
	<source>
		<database>The UAV autolanding</database>
		<annotation>UAV AutoLanding</annotation>
		<image>flickr</image>
		<flickrid>NULL</flickrid>
	</source>
	<owner>
		<flickrid>NULL</flickrid>
		<name>ChaojieZhu</name>
	</owner>
	<size>
		<width>1280</width>
		<height>720</height>
		<depth>3</depth>
	</size>
		<segmented>0</segmented>
	<object>
		<name>Others</name>
		<pose>Unspecified</pose>
		<truncated>1</truncated>
		<difficult>0</difficult>
		<bndbox>
			<xmin>850.8333333333334</xmin>
			<ymin>539.3333333333334</ymin>
			<xmax>925.0</xmax>
			<ymax>622.6666666666667</ymax>
		</bndbox>
	</object>
	<object>
		<name>Others</name>
		<pose>Unspecified</pose>
		<truncated>1</truncated>
		<difficult>0</difficult>
		<bndbox>
			<xmin>276.6666666666667</xmin>
			<ymin>374.33333333333337</ymin>
			<xmax>451.6666666666667</xmax>
			<ymax>449.33333333333337</ymax>
		</bndbox>
	</object>
	<object>
		<name>Others</name>
		<pose>Unspecified</pose>
		<truncated>1</truncated>
		<difficult>0</difficult>
		<bndbox>
			<xmin>123.33333333333334</xmin>
			<ymin>460.1666666666667</ymin>
			<xmax>197.5</xmax>
			<ymax>586.0</ymax>
		</bndbox>
	</object>
	<object>
		<name>Others</name>
		<pose>Unspecified</pose>
		<truncated>1</truncated>
		<difficult>0</difficult>
		<bndbox>
			<xmin>108.33333333333334</xmin>
			<ymin>554.3333333333334</ymin>
			<xmax>198.33333333333334</xmax>
			<ymax>656.8333333333334</ymax>
		</bndbox>
	</object>
	<object>
		<name>Others</name>
		<pose>Unspecified</pose>
		<truncated>1</truncated>
		<difficult>0</difficult>
		<bndbox>
			<xmin>134.16666666666669</xmin>
			<ymin>577.6666666666667</ymin>
			<xmax>248.33333333333334</xmax>
			<ymax>656.0</ymax>
		</bndbox>
	</object>
	<object>
		<name>Others</name>
		<pose>Unspecified</pose>
		<truncated>1</truncated>
		<difficult>0</difficult>
		<bndbox>
			<xmin>205.83333333333334</xmin>
			<ymin>444.33333333333337</ymin>
			<xmax>335.0</xmax>
			<ymax>576.8333333333334</ymax>
		</bndbox>
	</object>
	<object>
		<name>Eating</name>
		<pose>Unspecified</pose>
		<truncated>1</truncated>
		<difficult>0</difficult>
		<bndbox>
			<xmin>283.33333333333337</xmin>
			<ymin>587.6666666666667</ymin>
			<xmax>391.6666666666667</xmax>
			<ymax>654.3333333333334</ymax>
		</bndbox>
	</object>
	<object>
		<name>Heat Stress</name>
		<pose>Unspecified</pose>
		<truncated>1</truncated>
		<difficult>0</difficult>
		<bndbox>
			<xmin>218.33333333333334</xmin>
			<ymin>509.33333333333337</ymin>
			<xmax>314.1666666666667</xmax>
			<ymax>642.6666666666667</ymax>
		</bndbox>
	</object>
	<object>
		<name>Heat Stress</name>
		<pose>Unspecified</pose>
		<truncated>1</truncated>
		<difficult>0</difficult>
		<bndbox>
			<xmin>551.6666666666667</xmin>
			<ymin>538.5</ymin>
			<xmax>706.6666666666667</xmax>
			<ymax>629.3333333333334</ymax>
		</bndbox>
	</object>
	<object>
		<name>Others</name>
		<pose>Unspecified</pose>
		<truncated>1</truncated>
		<difficult>0</difficult>
		<bndbox>
			<xmin>655.8739837398374</xmin>
			<ymin>384.3130081300813</ymin>
			<xmax>750.0406504065041</xmax>
			<ymax>522.6463414634147</ymax>
		</bndbox>
	</object>
	<object>
		<name>Others</name>
		<pose>Unspecified</pose>
		<truncated>1</truncated>
		<difficult>0</difficult>
		<bndbox>
			<xmin>599.1666666666667</xmin>
			<ymin>369.33333333333337</ymin>
			<xmax>682.5</xmax>
			<ymax>507.66666666666674</ymax>
		</bndbox>
	</object>
	<object>
		<name>Others</name>
		<pose>Unspecified</pose>
		<truncated>1</truncated>
		<difficult>0</difficult>
		<bndbox>
			<xmin>723.3333333333334</xmin>
			<ymin>287.6666666666667</ymin>
			<xmax>811.6666666666667</xmax>
			<ymax>415.1666666666667</ymax>
		</bndbox>
	</object>
	<object>
		<name>Heat Stress</name>
		<pose>Unspecified</pose>
		<truncated>1</truncated>
		<difficult>0</difficult>
		<bndbox>
			<xmin>775.0</xmin>
			<ymin>129.33333333333334</ymin>
			<xmax>845.8333333333334</xmax>
			<ymax>303.5</ymax>
		</bndbox>
	</object>
	<object>
		<name>Others</name>
		<pose>Unspecified</pose>
		<truncated>1</truncated>
		<difficult>0</difficult>
		<bndbox>
			<xmin>583.3333333333334</xmin>
			<ymin>125.16666666666669</ymin>
			<xmax>693.3333333333334</xmax>
			<ymax>275.1666666666667</ymax>
		</bndbox>
	</object>
	<object>
		<name>Heat Stress</name>
		<pose>Unspecified</pose>
		<truncated>1</truncated>
		<difficult>0</difficult>
		<bndbox>
			<xmin>480.83333333333337</xmin>
			<ymin>185.16666666666669</ymin>
			<xmax>580.0</xmax>
			<ymax>341.83333333333337</ymax>
		</bndbox>
	</object>
	<object>
		<name>Others</name>
		<pose>Unspecified</pose>
		<truncated>1</truncated>
		<difficult>0</difficult>
		<bndbox>
			<xmin>451.5447154471545</xmin>
			<ymin>90.71544715447155</ymin>
			<xmax>520.3252032520326</xmax>
			<ymax>246.609756097561</ymax>
		</bndbox>
	</object>
	<object>
		<name>Others</name>
		<pose>Unspecified</pose>
		<truncated>1</truncated>
		<difficult>0</difficult>
		<bndbox>
			<xmin>691.6666666666667</xmin>
			<ymin>2.666666666666668</ymin>
			<xmax>840.8333333333334</xmax>
			<ymax>78.5</ymax>
		</bndbox>
	</object>
	<object>
		<name>Others</name>
		<pose>Unspecified</pose>
		<truncated>1</truncated>
		<difficult>0</difficult>
		<bndbox>
			<xmin>678.3333333333334</xmin>
			<ymin>31.0</ymin>
			<xmax>775.609756097561</xmax>
			<ymax>116.52845528455285</ymax>
		</bndbox>
	</object>
	<object>
		<name>Others</name>
		<pose>Unspecified</pose>
		<truncated>1</truncated>
		<difficult>0</difficult>
		<bndbox>
			<xmin>555.8333333333334</xmin>
			<ymin>101.83333333333334</ymin>
			<xmax>686.6666666666667</xmax>
			<ymax>175.16666666666669</ymax>
		</bndbox>
	</object>
	<object>
		<name>Drinking</name>
		<pose>Unspecified</pose>
		<truncated>1</truncated>
		<difficult>0</difficult>
		<bndbox>
			<xmin>361.6666666666667</xmin>
			<ymin>18.5</ymin>
			<xmax>455.0</xmax>
			<ymax>138.5</ymax>
		</bndbox>
	</object>
	<object>
		<name>Others</name>
		<pose>Unspecified</pose>
		<truncated>1</truncated>
		<difficult>0</difficult>
		<bndbox>
			<xmin>315.83333333333337</xmin>
			<ymin>16.0</ymin>
			<xmax>435.0</xmax>
			<ymax>116.0</ymax>
		</bndbox>
	</object>
	<object>
		<name>Others</name>
		<pose>Unspecified</pose>
		<truncated>1</truncated>
		<difficult>0</difficult>
		<bndbox>
			<xmin>443.33333333333337</xmin>
			<ymin>6.0</ymin>
			<xmax>555.8333333333334</xmax>
			<ymax>124.33333333333334</ymax>
		</bndbox>
	</object>
	<object>
		<name>Others</name>
		<pose>Unspecified</pose>
		<truncated>1</truncated>
		<difficult>0</difficult>
		<bndbox>
			<xmin>217.5</xmin>
			<ymin>25.16666666666667</ymin>
			<xmax>287.5</xmax>
			<ymax>187.66666666666669</ymax>
		</bndbox>
	</object>
	<object>
		<name>Heat Stress</name>
		<pose>Unspecified</pose>
		<truncated>1</truncated>
		<difficult>0</difficult>
		<bndbox>
			<xmin>235.0</xmin>
			<ymin>112.66666666666669</ymin>
			<xmax>415.83333333333337</xmax>
			<ymax>207.66666666666669</ymax>
		</bndbox>
	</object>
	<object>
		<name>Others</name>
		<pose>Unspecified</pose>
		<truncated>1</truncated>
		<difficult>0</difficult>
		<bndbox>
			<xmin>97.5</xmin>
			<ymin>101.0</ymin>
			<xmax>142.5</xmax>
			<ymax>242.66666666666669</ymax>
		</bndbox>
	</object>
	<object>
		<name>Heat Stress</name>
		<pose>Unspecified</pose>
		<truncated>1</truncated>
		<difficult>0</difficult>
		<bndbox>
			<xmin>132.5</xmin>
			<ymin>42.66666666666667</ymin>
			<xmax>193.33333333333334</xmax>
			<ymax>119.33333333333334</ymax>
		</bndbox>
	</object>
	<object>
		<name>Others</name>
		<pose>Unspecified</pose>
		<truncated>1</truncated>
		<difficult>0</difficult>
		<bndbox>
			<xmin>157.5</xmin>
			<ymin>237.66666666666669</ymin>
			<xmax>296.6666666666667</xmax>
			<ymax>372.6666666666667</ymax>
		</bndbox>
	</object>
	<object>
		<name>Others</name>
		<pose>Unspecified</pose>
		<truncated>1</truncated>
		<difficult>0</difficult>
		<bndbox>
			<xmin>125.0</xmin>
			<ymin>147.66666666666669</ymin>
			<xmax>240.83333333333334</xmax>
			<ymax>225.16666666666669</ymax>
		</bndbox>
	</object>
	<object>
		<name>Others</name>
		<pose>Unspecified</pose>
		<truncated>1</truncated>
		<difficult>0</difficult>
		<bndbox>
			<xmin>122.5</xmin>
			<ymin>210.16666666666669</ymin>
			<xmax>239.16666666666669</xmax>
			<ymax>291.0</ymax>
		</bndbox>
	</object>
	<object>
		<name>Others</name>
		<pose>Unspecified</pose>
		<truncated>1</truncated>
		<difficult>0</difficult>
		<bndbox>
			<xmin>123.33333333333334</xmin>
			<ymin>86.83333333333334</ymin>
			<xmax>228.33333333333334</xmax>
			<ymax>158.5</ymax>
		</bndbox>
	</object>
</annotation>