<annotation>
	<folder>UAV_data</folder>
	<filename>:\ssss\zuizhong\201907250700011830.682.8.jpg</filename>
	<source>
		<database>The UAV autolanding</database>
		<annotation>UAV AutoLanding</annotation>
		<image>flickr</image>
		<flickrid>NULL</flickrid>
	</source>
	<owner>
		<flickrid>NULL</flickrid>
		<name>ChaojieZhu</name>
	</owner>
	<size>
		<width>1280</width>
		<height>720</height>
		<depth>3</depth>
	</size>
		<segmented>0</segmented>
	<object>
		<name>Eating</name>
		<pose>Unspecified</pose>
		<truncated>1</truncated>
		<difficult>0</difficult>
		<bndbox>
			<xmin>836.1178861788618</xmin>
			<ymin>529.4146341463415</ymin>
			<xmax>912.1951219512196</xmax>
			<ymax>631.1626016260162</ymax>
		</bndbox>
	</object>
	<object>
		<name>Eating</name>
		<pose>Unspecified</pose>
		<truncated>1</truncated>
		<difficult>0</difficult>
		<bndbox>
			<xmin>643.3333333333334</xmin>
			<ymin>452.6666666666667</ymin>
			<xmax>753.3333333333334</xmax>
			<ymax>606.0</ymax>
		</bndbox>
	</object>
	<object>
		<name>Others</name>
		<pose>Unspecified</pose>
		<truncated>1</truncated>
		<difficult>0</difficult>
		<bndbox>
			<xmin>285.83333333333337</xmin>
			<ymin>375.1666666666667</ymin>
			<xmax>454.1666666666667</xmax>
			<ymax>449.33333333333337</ymax>
		</bndbox>
	</object>
	<object>
		<name>Others</name>
		<pose>Unspecified</pose>
		<truncated>1</truncated>
		<difficult>0</difficult>
		<bndbox>
			<xmin>443.33333333333337</xmin>
			<ymin>615.1666666666667</ymin>
			<xmax>599.1666666666667</xmax>
			<ymax>700.1666666666667</ymax>
		</bndbox>
	</object>
	<object>
		<name>Others</name>
		<pose>Unspecified</pose>
		<truncated>1</truncated>
		<difficult>0</difficult>
		<bndbox>
			<xmin>230.83333333333334</xmin>
			<ymin>484.33333333333337</ymin>
			<xmax>302.5</xmax>
			<ymax>623.5</ymax>
		</bndbox>
	</object>
	<object>
		<name>Others</name>
		<pose>Unspecified</pose>
		<truncated>1</truncated>
		<difficult>0</difficult>
		<bndbox>
			<xmin>196.66666666666669</xmin>
			<ymin>382.6666666666667</ymin>
			<xmax>310.0</xmax>
			<ymax>496.0</ymax>
		</bndbox>
	</object>
	<object>
		<name>Others</name>
		<pose>Unspecified</pose>
		<truncated>1</truncated>
		<difficult>0</difficult>
		<bndbox>
			<xmin>116.66666666666667</xmin>
			<ymin>452.6666666666667</ymin>
			<xmax>191.66666666666669</xmax>
			<ymax>568.5</ymax>
		</bndbox>
	</object>
	<object>
		<name>Others</name>
		<pose>Unspecified</pose>
		<truncated>1</truncated>
		<difficult>0</difficult>
		<bndbox>
			<xmin>126.66666666666667</xmin>
			<ymin>557.6666666666667</ymin>
			<xmax>204.16666666666669</xmax>
			<ymax>616.8333333333334</ymax>
		</bndbox>
	</object>
	<object>
		<name>Others</name>
		<pose>Unspecified</pose>
		<truncated>1</truncated>
		<difficult>0</difficult>
		<bndbox>
			<xmin>159.16666666666669</xmin>
			<ymin>584.3333333333334</ymin>
			<xmax>250.0</xmax>
			<ymax>657.6666666666667</ymax>
		</bndbox>
	</object>
	<object>
		<name>Others</name>
		<pose>Unspecified</pose>
		<truncated>1</truncated>
		<difficult>0</difficult>
		<bndbox>
			<xmin>597.5</xmin>
			<ymin>374.33333333333337</ymin>
			<xmax>685.8333333333334</xmax>
			<ymax>510.16666666666674</ymax>
		</bndbox>
	</object>
	<object>
		<name>Heat Stress</name>
		<pose>Unspecified</pose>
		<truncated>1</truncated>
		<difficult>0</difficult>
		<bndbox>
			<xmin>720.8333333333334</xmin>
			<ymin>293.5</ymin>
			<xmax>817.5</xmax>
			<ymax>417.6666666666667</ymax>
		</bndbox>
	</object>
	<object>
		<name>Others</name>
		<pose>Unspecified</pose>
		<truncated>1</truncated>
		<difficult>0</difficult>
		<bndbox>
			<xmin>476.6666666666667</xmin>
			<ymin>265.1666666666667</ymin>
			<xmax>554.1666666666667</xmax>
			<ymax>437.6666666666667</ymax>
		</bndbox>
	</object>
	<object>
		<name>Heat Stress</name>
		<pose>Unspecified</pose>
		<truncated>1</truncated>
		<difficult>0</difficult>
		<bndbox>
			<xmin>542.3373983739838</xmin>
			<ymin>229.109756097561</ymin>
			<xmax>637.3983739837398</xmax>
			<ymax>393.7642276422764</ymax>
		</bndbox>
	</object>
	<object>
		<name>Heat Stress</name>
		<pose>Unspecified</pose>
		<truncated>1</truncated>
		<difficult>0</difficult>
		<bndbox>
			<xmin>791.6666666666667</xmin>
			<ymin>136.0</ymin>
			<xmax>953.3333333333334</xmax>
			<ymax>223.5</ymax>
		</bndbox>
	</object>
	<object>
		<name>Heat Stress</name>
		<pose>Unspecified</pose>
		<truncated>1</truncated>
		<difficult>0</difficult>
		<bndbox>
			<xmin>583.3333333333334</xmin>
			<ymin>116.83333333333334</ymin>
			<xmax>678.3333333333334</xmax>
			<ymax>270.1666666666667</ymax>
		</bndbox>
	</object>
	<object>
		<name>Heat Stress</name>
		<pose>Unspecified</pose>
		<truncated>1</truncated>
		<difficult>0</difficult>
		<bndbox>
			<xmin>672.5</xmin>
			<ymin>106.83333333333334</ymin>
			<xmax>767.5</xmax>
			<ymax>204.33333333333334</ymax>
		</bndbox>
	</object>
	<object>
		<name>Others</name>
		<pose>Unspecified</pose>
		<truncated>1</truncated>
		<difficult>0</difficult>
		<bndbox>
			<xmin>445.83333333333337</xmin>
			<ymin>92.66666666666667</ymin>
			<xmax>511.6666666666667</xmax>
			<ymax>251.0</ymax>
		</bndbox>
	</object>
	<object>
		<name>Others</name>
		<pose>Unspecified</pose>
		<truncated>1</truncated>
		<difficult>0</difficult>
		<bndbox>
			<xmin>498.33333333333337</xmin>
			<ymin>90.71544715447158</ymin>
			<xmax>570.7317073170732</xmax>
			<ymax>216.52845528455285</ymax>
		</bndbox>
	</object>
	<object>
		<name>Others</name>
		<pose>Unspecified</pose>
		<truncated>1</truncated>
		<difficult>0</difficult>
		<bndbox>
			<xmin>563.3333333333334</xmin>
			<ymin>98.5</ymin>
			<xmax>677.5</xmax>
			<ymax>174.33333333333334</ymax>
		</bndbox>
	</object>
	<object>
		<name>Others</name>
		<pose>Unspecified</pose>
		<truncated>1</truncated>
		<difficult>0</difficult>
		<bndbox>
			<xmin>662.2764227642276</xmin>
			<ymin>31.60975609756099</ymin>
			<xmax>771.5447154471544</xmax>
			<ymax>125.47154471544715</ymax>
		</bndbox>
	</object>
	<object>
		<name>Others</name>
		<pose>Unspecified</pose>
		<truncated>1</truncated>
		<difficult>0</difficult>
		<bndbox>
			<xmin>409.1666666666667</xmin>
			<ymin>16.0</ymin>
			<xmax>549.1666666666667</xmax>
			<ymax>67.66666666666667</ymax>
		</bndbox>
	</object>
	<object>
		<name>Drinking</name>
		<pose>Unspecified</pose>
		<truncated>1</truncated>
		<difficult>0</difficult>
		<bndbox>
			<xmin>359.1666666666667</xmin>
			<ymin>21.0</ymin>
			<xmax>428.33333333333337</xmax>
			<ymax>137.66666666666669</ymax>
		</bndbox>
	</object>
	<object>
		<name>Others</name>
		<pose>Unspecified</pose>
		<truncated>1</truncated>
		<difficult>0</difficult>
		<bndbox>
			<xmin>115.83333333333334</xmin>
			<ymin>341.83333333333337</ymin>
			<xmax>205.83333333333334</xmax>
			<ymax>451.83333333333337</ymax>
		</bndbox>
	</object>
	<object>
		<name>Others</name>
		<pose>Unspecified</pose>
		<truncated>1</truncated>
		<difficult>0</difficult>
		<bndbox>
			<xmin>92.5</xmin>
			<ymin>216.0</ymin>
			<xmax>242.5</xmax>
			<ymax>281.83333333333337</ymax>
		</bndbox>
	</object>
	<object>
		<name>Heat Stress</name>
		<pose>Unspecified</pose>
		<truncated>1</truncated>
		<difficult>0</difficult>
		<bndbox>
			<xmin>112.5</xmin>
			<ymin>256.0</ymin>
			<xmax>170.0</xmax>
			<ymax>350.1666666666667</ymax>
		</bndbox>
	</object>
	<object>
		<name>Heat Stress</name>
		<pose>Unspecified</pose>
		<truncated>1</truncated>
		<difficult>0</difficult>
		<bndbox>
			<xmin>220.0</xmin>
			<ymin>140.16666666666669</ymin>
			<xmax>373.33333333333337</xmax>
			<ymax>227.66666666666669</ymax>
		</bndbox>
	</object>
	<object>
		<name>Others</name>
		<pose>Unspecified</pose>
		<truncated>1</truncated>
		<difficult>0</difficult>
		<bndbox>
			<xmin>140.83333333333334</xmin>
			<ymin>149.33333333333334</ymin>
			<xmax>215.83333333333334</xmax>
			<ymax>220.16666666666669</ymax>
		</bndbox>
	</object>
	<object>
		<name>Others</name>
		<pose>Unspecified</pose>
		<truncated>1</truncated>
		<difficult>0</difficult>
		<bndbox>
			<xmin>211.66666666666669</xmin>
			<ymin>57.66666666666667</ymin>
			<xmax>307.5</xmax>
			<ymax>190.16666666666669</ymax>
		</bndbox>
	</object>
	<object>
		<name>Others</name>
		<pose>Unspecified</pose>
		<truncated>1</truncated>
		<difficult>0</difficult>
		<bndbox>
			<xmin>149.16666666666669</xmin>
			<ymin>8.5</ymin>
			<xmax>301.6666666666667</xmax>
			<ymax>75.16666666666667</ymax>
		</bndbox>
	</object>
	<object>
		<name>Others</name>
		<pose>Unspecified</pose>
		<truncated>1</truncated>
		<difficult>0</difficult>
		<bndbox>
			<xmin>139.16666666666669</xmin>
			<ymin>84.33333333333334</ymin>
			<xmax>235.83333333333334</xmax>
			<ymax>161.83333333333334</ymax>
		</bndbox>
	</object>
	<object>
		<name>Others</name>
		<pose>Unspecified</pose>
		<truncated>1</truncated>
		<difficult>0</difficult>
		<bndbox>
			<xmin>120.32520325203252</xmin>
			<ymin>40.91869918699187</ymin>
			<xmax>190.02032520325204</xmax>
			<ymax>149.33333333333334</ymax>
		</bndbox>
	</object>
</annotation>