<annotation>
	<folder>UAV_data</folder>
	<filename>:\ssss\zuizhong\201907261520005431.175.1.jpg</filename>
	<source>
		<database>The UAV autolanding</database>
		<annotation>UAV AutoLanding</annotation>
		<image>flickr</image>
		<flickrid>NULL</flickrid>
	</source>
	<owner>
		<flickrid>NULL</flickrid>
		<name>ChaojieZhu</name>
	</owner>
	<size>
		<width>1280</width>
		<height>720</height>
		<depth>3</depth>
	</size>
		<segmented>0</segmented>
	<object>
		<name>Heat Stress</name>
		<pose>Unspecified</pose>
		<truncated>1</truncated>
		<difficult>0</difficult>
		<bndbox>
			<xmin>840.8333333333334</xmin>
			<ymin>553.5</ymin>
			<xmax>910.8333333333334</xmax>
			<ymax>677.6666666666667</ymax>
		</bndbox>
	</object>
	<object>
		<name>Heat Stress</name>
		<pose>Unspecified</pose>
		<truncated>1</truncated>
		<difficult>0</difficult>
		<bndbox>
			<xmin>654.1666666666667</xmin>
			<ymin>386.83333333333337</ymin>
			<xmax>745.8333333333334</xmax>
			<ymax>534.3333333333334</ymax>
		</bndbox>
	</object>
	<object>
		<name>Others</name>
		<pose>Unspecified</pose>
		<truncated>1</truncated>
		<difficult>0</difficult>
		<bndbox>
			<xmin>626.6666666666667</xmin>
			<ymin>266.0</ymin>
			<xmax>706.6666666666667</xmax>
			<ymax>436.0</ymax>
		</bndbox>
	</object>
	<object>
		<name>Heat Stress</name>
		<pose>Unspecified</pose>
		<truncated>1</truncated>
		<difficult>0</difficult>
		<bndbox>
			<xmin>786.6666666666667</xmin>
			<ymin>248.5</ymin>
			<xmax>918.3333333333334</xmax>
			<ymax>356.0</ymax>
		</bndbox>
	</object>
	<object>
		<name>Others</name>
		<pose>Unspecified</pose>
		<truncated>1</truncated>
		<difficult>0</difficult>
		<bndbox>
			<xmin>820.8333333333334</xmin>
			<ymin>114.33333333333334</ymin>
			<xmax>965.0</xmax>
			<ymax>229.33333333333334</ymax>
		</bndbox>
	</object>
	<object>
		<name>Heat Stress</name>
		<pose>Unspecified</pose>
		<truncated>1</truncated>
		<difficult>0</difficult>
		<bndbox>
			<xmin>854.1666666666667</xmin>
			<ymin>1.0</ymin>
			<xmax>930.8333333333334</xmax>
			<ymax>146.83333333333334</ymax>
		</bndbox>
	</object>
	<object>
		<name>Others</name>
		<pose>Unspecified</pose>
		<truncated>1</truncated>
		<difficult>0</difficult>
		<bndbox>
			<xmin>498.33333333333337</xmin>
			<ymin>356.0</ymin>
			<xmax>613.3333333333334</xmax>
			<ymax>458.5</ymax>
		</bndbox>
	</object>
	<object>
		<name>Heat Stress</name>
		<pose>Unspecified</pose>
		<truncated>1</truncated>
		<difficult>0</difficult>
		<bndbox>
			<xmin>355.83333333333337</xmin>
			<ymin>327.6666666666667</ymin>
			<xmax>500.83333333333337</xmax>
			<ymax>414.33333333333337</ymax>
		</bndbox>
	</object>
	<object>
		<name>Others</name>
		<pose>Unspecified</pose>
		<truncated>1</truncated>
		<difficult>0</difficult>
		<bndbox>
			<xmin>334.1666666666667</xmin>
			<ymin>241.0</ymin>
			<xmax>488.33333333333337</xmax>
			<ymax>354.33333333333337</ymax>
		</bndbox>
	</object>
	<object>
		<name>Heat Stress</name>
		<pose>Unspecified</pose>
		<truncated>1</truncated>
		<difficult>0</difficult>
		<bndbox>
			<xmin>410.83333333333337</xmin>
			<ymin>166.83333333333334</ymin>
			<xmax>535.0</xmax>
			<ymax>323.5</ymax>
		</bndbox>
	</object>
	<object>
		<name>Heat Stress</name>
		<pose>Unspecified</pose>
		<truncated>1</truncated>
		<difficult>0</difficult>
		<bndbox>
			<xmin>691.829268292683</xmin>
			<ymin>144.33333333333334</ymin>
			<xmax>798.3739837398374</xmax>
			<ymax>295.390243902439</ymax>
		</bndbox>
	</object>
	<object>
		<name>Others</name>
		<pose>Unspecified</pose>
		<truncated>1</truncated>
		<difficult>0</difficult>
		<bndbox>
			<xmin>275.0</xmin>
			<ymin>347.6666666666667</ymin>
			<xmax>385.83333333333337</xmax>
			<ymax>506.0</ymax>
		</bndbox>
	</object>
	<object>
		<name>Eating</name>
		<pose>Unspecified</pose>
		<truncated>1</truncated>
		<difficult>0</difficult>
		<bndbox>
			<xmin>770.8333333333334</xmin>
			<ymin>344.33333333333337</ymin>
			<xmax>860.0</xmax>
			<ymax>505.16666666666674</ymax>
		</bndbox>
	</object>
	<object>
		<name>Others</name>
		<pose>Unspecified</pose>
		<truncated>1</truncated>
		<difficult>0</difficult>
		<bndbox>
			<xmin>146.66666666666669</xmin>
			<ymin>402.6666666666667</ymin>
			<xmax>237.5</xmax>
			<ymax>492.6666666666667</ymax>
		</bndbox>
	</object>
	<object>
		<name>Heat Stress</name>
		<pose>Unspecified</pose>
		<truncated>1</truncated>
		<difficult>0</difficult>
		<bndbox>
			<xmin>219.16666666666669</xmin>
			<ymin>584.3333333333334</ymin>
			<xmax>360.0</xmax>
			<ymax>674.3333333333334</ymax>
		</bndbox>
	</object>
	<object>
		<name>Eating</name>
		<pose>Unspecified</pose>
		<truncated>1</truncated>
		<difficult>0</difficult>
		<bndbox>
			<xmin>359.349593495935</xmin>
			<ymin>588.0731707317074</ymin>
			<xmax>482.0</xmax>
			<ymax>719.0</ymax>
		</bndbox>
	</object>
	<object>
		<name>Others</name>
		<pose>Unspecified</pose>
		<truncated>1</truncated>
		<difficult>0</difficult>
		<bndbox>
			<xmin>112.5</xmin>
			<ymin>541.8333333333334</ymin>
			<xmax>197.5</xmax>
			<ymax>674.3333333333334</ymax>
		</bndbox>
	</object>
	<object>
		<name>Others</name>
		<pose>Unspecified</pose>
		<truncated>1</truncated>
		<difficult>0</difficult>
		<bndbox>
			<xmin>95.0</xmin>
			<ymin>301.0</ymin>
			<xmax>170.0</xmax>
			<ymax>418.5</ymax>
		</bndbox>
	</object>
	<object>
		<name>Heat Stress</name>
		<pose>Unspecified</pose>
		<truncated>1</truncated>
		<difficult>0</difficult>
		<bndbox>
			<xmin>230.0</xmin>
			<ymin>204.33333333333334</ymin>
			<xmax>320.0</xmax>
			<ymax>334.33333333333337</ymax>
		</bndbox>
	</object>
	<object>
		<name>Heat Stress</name>
		<pose>Unspecified</pose>
		<truncated>1</truncated>
		<difficult>0</difficult>
		<bndbox>
			<xmin>308.33333333333337</xmin>
			<ymin>184.33333333333334</ymin>
			<xmax>403.33333333333337</xmax>
			<ymax>296.83333333333337</ymax>
		</bndbox>
	</object>
	<object>
		<name>Others</name>
		<pose>Unspecified</pose>
		<truncated>1</truncated>
		<difficult>0</difficult>
		<bndbox>
			<xmin>179.16666666666669</xmin>
			<ymin>179.33333333333334</ymin>
			<xmax>273.33333333333337</xmax>
			<ymax>276.83333333333337</ymax>
		</bndbox>
	</object>
	<object>
		<name>Drinking</name>
		<pose>Unspecified</pose>
		<truncated>1</truncated>
		<difficult>0</difficult>
		<bndbox>
			<xmin>541.6260162601626</xmin>
			<ymin>75.34959349593497</ymin>
			<xmax>621.6260162601626</xmax>
			<ymax>262.849593495935</ymax>
		</bndbox>
	</object>
	<object>
		<name>Others</name>
		<pose>Unspecified</pose>
		<truncated>1</truncated>
		<difficult>0</difficult>
		<bndbox>
			<xmin>612.5</xmin>
			<ymin>91.83333333333334</ymin>
			<xmax>695.8333333333334</xmax>
			<ymax>241.83333333333337</ymax>
		</bndbox>
	</object>
	<object>
		<name>Others</name>
		<pose>Unspecified</pose>
		<truncated>1</truncated>
		<difficult>0</difficult>
		<bndbox>
			<xmin>689.1666666666667</xmin>
			<ymin>75.16666666666667</ymin>
			<xmax>804.1666666666667</xmax>
			<ymax>170.16666666666669</ymax>
		</bndbox>
	</object>
	<object>
		<name>Others</name>
		<pose>Unspecified</pose>
		<truncated>1</truncated>
		<difficult>0</difficult>
		<bndbox>
			<xmin>699.1666666666667</xmin>
			<ymin>30.16666666666667</ymin>
			<xmax>838.3333333333334</xmax>
			<ymax>73.5</ymax>
		</bndbox>
	</object>
	<object>
		<name>Others</name>
		<pose>Unspecified</pose>
		<truncated>1</truncated>
		<difficult>0</difficult>
		<bndbox>
			<xmin>495.0</xmin>
			<ymin>16.833333333333336</ymin>
			<xmax>558.3333333333334</xmax>
			<ymax>165.16666666666669</ymax>
		</bndbox>
	</object>
	<object>
		<name>Others</name>
		<pose>Unspecified</pose>
		<truncated>1</truncated>
		<difficult>0</difficult>
		<bndbox>
			<xmin>351.6666666666667</xmin>
			<ymin>81.83333333333334</ymin>
			<xmax>443.33333333333337</xmax>
			<ymax>213.5</ymax>
		</bndbox>
	</object>
	<object>
		<name>Others</name>
		<pose>Unspecified</pose>
		<truncated>1</truncated>
		<difficult>0</difficult>
		<bndbox>
			<xmin>350.83333333333337</xmin>
			<ymin>24.333333333333336</ymin>
			<xmax>473.1707317073171</xmax>
			<ymax>92.13821138211382</ymax>
		</bndbox>
	</object>
	<object>
		<name>Others</name>
		<pose>Unspecified</pose>
		<truncated>1</truncated>
		<difficult>0</difficult>
		<bndbox>
			<xmin>288.33333333333337</xmin>
			<ymin>3.5</ymin>
			<xmax>345.83333333333337</xmax>
			<ymax>131.0</ymax>
		</bndbox>
	</object>
	<object>
		<name>Heat Stress</name>
		<pose>Unspecified</pose>
		<truncated>1</truncated>
		<difficult>0</difficult>
		<bndbox>
			<xmin>239.16666666666669</xmin>
			<ymin>110.16666666666669</ymin>
			<xmax>357.5</xmax>
			<ymax>176.83333333333334</ymax>
		</bndbox>
	</object>
	<object>
		<name>Others</name>
		<pose>Unspecified</pose>
		<truncated>1</truncated>
		<difficult>0</difficult>
		<bndbox>
			<xmin>140.83333333333334</xmin>
			<ymin>14.333333333333336</ymin>
			<xmax>272.5</xmax>
			<ymax>124.33333333333334</ymax>
		</bndbox>
	</object>
	<object>
		<name>Others</name>
		<pose>Unspecified</pose>
		<truncated>1</truncated>
		<difficult>0</difficult>
		<bndbox>
			<xmin>127.5</xmin>
			<ymin>122.66666666666669</ymin>
			<xmax>193.33333333333334</xmax>
			<ymax>251.0</ymax>
		</bndbox>
	</object>
	<object>
		<name>Others</name>
		<pose>Unspecified</pose>
		<truncated>1</truncated>
		<difficult>0</difficult>
		<bndbox>
			<xmin>120.0</xmin>
			<ymin>66.0</ymin>
			<xmax>169.16666666666669</xmax>
			<ymax>189.33333333333334</ymax>
		</bndbox>
	</object>
</annotation>