<annotation>
	<folder>UAV_data</folder>
	<filename>:\ssss\zuizhong\201907250700003730.582.8.jpg</filename>
	<source>
		<database>The UAV autolanding</database>
		<annotation>UAV AutoLanding</annotation>
		<image>flickr</image>
		<flickrid>NULL</flickrid>
	</source>
	<owner>
		<flickrid>NULL</flickrid>
		<name>ChaojieZhu</name>
	</owner>
	<size>
		<width>1280</width>
		<height>720</height>
		<depth>3</depth>
	</size>
		<segmented>0</segmented>
	<object>
		<name>Eating</name>
		<pose>Unspecified</pose>
		<truncated>1</truncated>
		<difficult>0</difficult>
		<bndbox>
			<xmin>829.1666666666667</xmin>
			<ymin>516.0</ymin>
			<xmax>933.3333333333334</xmax>
			<ymax>627.6666666666667</ymax>
		</bndbox>
	</object>
	<object>
		<name>Eating</name>
		<pose>Unspecified</pose>
		<truncated>1</truncated>
		<difficult>0</difficult>
		<bndbox>
			<xmin>558.3333333333334</xmin>
			<ymin>486.0</ymin>
			<xmax>762.5</xmax>
			<ymax>563.5</ymax>
		</bndbox>
	</object>
	<object>
		<name>Eating</name>
		<pose>Unspecified</pose>
		<truncated>1</truncated>
		<difficult>0</difficult>
		<bndbox>
			<xmin>275.0</xmin>
			<ymin>591.8333333333334</ymin>
			<xmax>400.83333333333337</xmax>
			<ymax>653.5</ymax>
		</bndbox>
	</object>
	<object>
		<name>Others</name>
		<pose>Unspecified</pose>
		<truncated>1</truncated>
		<difficult>0</difficult>
		<bndbox>
			<xmin>599.1666666666667</xmin>
			<ymin>381.83333333333337</ymin>
			<xmax>696.6666666666667</xmax>
			<ymax>515.1666666666667</ymax>
		</bndbox>
	</object>
	<object>
		<name>Others</name>
		<pose>Unspecified</pose>
		<truncated>1</truncated>
		<difficult>0</difficult>
		<bndbox>
			<xmin>572.5</xmin>
			<ymin>555.1666666666667</ymin>
			<xmax>716.6666666666667</xmax>
			<ymax>650.1666666666667</ymax>
		</bndbox>
	</object>
	<object>
		<name>Heat Stress</name>
		<pose>Unspecified</pose>
		<truncated>1</truncated>
		<difficult>0</difficult>
		<bndbox>
			<xmin>305.83333333333337</xmin>
			<ymin>359.33333333333337</ymin>
			<xmax>434.1666666666667</xmax>
			<ymax>456.83333333333337</ymax>
		</bndbox>
	</object>
	<object>
		<name>Others</name>
		<pose>Unspecified</pose>
		<truncated>1</truncated>
		<difficult>0</difficult>
		<bndbox>
			<xmin>711.6666666666667</xmin>
			<ymin>276.0</ymin>
			<xmax>844.1666666666667</xmax>
			<ymax>410.1666666666667</ymax>
		</bndbox>
	</object>
	<object>
		<name>Heat Stress</name>
		<pose>Unspecified</pose>
		<truncated>1</truncated>
		<difficult>0</difficult>
		<bndbox>
			<xmin>780.8739837398374</xmin>
			<ymin>159.21138211382114</ymin>
			<xmax>859.349593495935</xmax>
			<ymax>295.390243902439</ymax>
		</bndbox>
	</object>
	<object>
		<name>Others</name>
		<pose>Unspecified</pose>
		<truncated>1</truncated>
		<difficult>0</difficult>
		<bndbox>
			<xmin>146.66666666666669</xmin>
			<ymin>391.83333333333337</ymin>
			<xmax>242.5</xmax>
			<ymax>469.33333333333337</ymax>
		</bndbox>
	</object>
	<object>
		<name>Heat Stress</name>
		<pose>Unspecified</pose>
		<truncated>1</truncated>
		<difficult>0</difficult>
		<bndbox>
			<xmin>223.33333333333334</xmin>
			<ymin>490.1666666666667</ymin>
			<xmax>306.6666666666667</xmax>
			<ymax>646.0</ymax>
		</bndbox>
	</object>
	<object>
		<name>Others</name>
		<pose>Unspecified</pose>
		<truncated>1</truncated>
		<difficult>0</difficult>
		<bndbox>
			<xmin>120.0</xmin>
			<ymin>459.33333333333337</ymin>
			<xmax>195.0</xmax>
			<ymax>594.3333333333334</ymax>
		</bndbox>
	</object>
	<object>
		<name>Others</name>
		<pose>Unspecified</pose>
		<truncated>1</truncated>
		<difficult>0</difficult>
		<bndbox>
			<xmin>99.16666666666667</xmin>
			<ymin>557.6666666666667</ymin>
			<xmax>197.5</xmax>
			<ymax>651.0</ymax>
		</bndbox>
	</object>
	<object>
		<name>Others</name>
		<pose>Unspecified</pose>
		<truncated>1</truncated>
		<difficult>0</difficult>
		<bndbox>
			<xmin>136.66666666666669</xmin>
			<ymin>587.6666666666667</ymin>
			<xmax>245.83333333333334</xmax>
			<ymax>649.3333333333334</ymax>
		</bndbox>
	</object>
	<object>
		<name>Others</name>
		<pose>Unspecified</pose>
		<truncated>1</truncated>
		<difficult>0</difficult>
		<bndbox>
			<xmin>157.5</xmin>
			<ymin>255.16666666666669</ymin>
			<xmax>303.33333333333337</xmax>
			<ymax>339.33333333333337</ymax>
		</bndbox>
	</object>
	<object>
		<name>Drinking</name>
		<pose>Unspecified</pose>
		<truncated>1</truncated>
		<difficult>0</difficult>
		<bndbox>
			<xmin>695.0609756097562</xmin>
			<ymin>83.5</ymin>
			<xmax>795.1219512195122</xmax>
			<ymax>233.60162601626018</ymax>
		</bndbox>
	</object>
	<object>
		<name>Others</name>
		<pose>Unspecified</pose>
		<truncated>1</truncated>
		<difficult>0</difficult>
		<bndbox>
			<xmin>668.3536585365854</xmin>
			<ymin>12.483739837398371</ymin>
			<xmax>789.4308943089432</xmax>
			<ymax>79.130081300813</ymax>
		</bndbox>
	</object>
	<object>
		<name>Drinking</name>
		<pose>Unspecified</pose>
		<truncated>1</truncated>
		<difficult>0</difficult>
		<bndbox>
			<xmin>402.5</xmin>
			<ymin>72.66666666666667</ymin>
			<xmax>485.0</xmax>
			<ymax>216.0</ymax>
		</bndbox>
	</object>
	<object>
		<name>Others</name>
		<pose>Unspecified</pose>
		<truncated>1</truncated>
		<difficult>0</difficult>
		<bndbox>
			<xmin>553.3333333333334</xmin>
			<ymin>101.83333333333334</ymin>
			<xmax>700.8130081300814</xmax>
			<ymax>173.4390243902439</ymax>
		</bndbox>
	</object>
	<object>
		<name>Drinking</name>
		<pose>Unspecified</pose>
		<truncated>1</truncated>
		<difficult>0</difficult>
		<bndbox>
			<xmin>360.0</xmin>
			<ymin>11.0</ymin>
			<xmax>512.5</xmax>
			<ymax>66.0</ymax>
		</bndbox>
	</object>
	<object>
		<name>Others</name>
		<pose>Unspecified</pose>
		<truncated>1</truncated>
		<difficult>0</difficult>
		<bndbox>
			<xmin>464.1666666666667</xmin>
			<ymin>83.5</ymin>
			<xmax>544.1666666666667</xmax>
			<ymax>246.0</ymax>
		</bndbox>
	</object>
	<object>
		<name>Others</name>
		<pose>Unspecified</pose>
		<truncated>1</truncated>
		<difficult>0</difficult>
		<bndbox>
			<xmin>523.3333333333334</xmin>
			<ymin>168.5</ymin>
			<xmax>605.0</xmax>
			<ymax>331.83333333333337</ymax>
		</bndbox>
	</object>
	<object>
		<name>Others</name>
		<pose>Unspecified</pose>
		<truncated>1</truncated>
		<difficult>0</difficult>
		<bndbox>
			<xmin>598.3333333333334</xmin>
			<ymin>137.66666666666669</ymin>
			<xmax>670.8333333333334</xmax>
			<ymax>292.6666666666667</ymax>
		</bndbox>
	</object>
	<object>
		<name>Heat Stress</name>
		<pose>Unspecified</pose>
		<truncated>1</truncated>
		<difficult>0</difficult>
		<bndbox>
			<xmin>339.8577235772358</xmin>
			<ymin>48.45934959349594</ymin>
			<xmax>430.8943089430894</xmax>
			<ymax>218.96747967479675</ymax>
		</bndbox>
	</object>
	<object>
		<name>Others</name>
		<pose>Unspecified</pose>
		<truncated>1</truncated>
		<difficult>0</difficult>
		<bndbox>
			<xmin>267.5</xmin>
			<ymin>51.83333333333334</ymin>
			<xmax>415.0</xmax>
			<ymax>116.83333333333334</ymax>
		</bndbox>
	</object>
	<object>
		<name>Others</name>
		<pose>Unspecified</pose>
		<truncated>1</truncated>
		<difficult>0</difficult>
		<bndbox>
			<xmin>217.5</xmin>
			<ymin>129.33333333333334</ymin>
			<xmax>325.0</xmax>
			<ymax>225.16666666666669</ymax>
		</bndbox>
	</object>
	<object>
		<name>Others</name>
		<pose>Unspecified</pose>
		<truncated>1</truncated>
		<difficult>0</difficult>
		<bndbox>
			<xmin>248.33333333333334</xmin>
			<ymin>0.16666666666666785</ymin>
			<xmax>330.0</xmax>
			<ymax>96.0</ymax>
		</bndbox>
	</object>
	<object>
		<name>Heat Stress</name>
		<pose>Unspecified</pose>
		<truncated>1</truncated>
		<difficult>0</difficult>
		<bndbox>
			<xmin>205.0</xmin>
			<ymin>31.0</ymin>
			<xmax>264.1666666666667</xmax>
			<ymax>159.33333333333334</ymax>
		</bndbox>
	</object>
	<object>
		<name>Others</name>
		<pose>Unspecified</pose>
		<truncated>1</truncated>
		<difficult>0</difficult>
		<bndbox>
			<xmin>139.16666666666669</xmin>
			<ymin>28.5</ymin>
			<xmax>218.33333333333334</xmax>
			<ymax>96.0</ymax>
		</bndbox>
	</object>
	<object>
		<name>Heat Stress</name>
		<pose>Unspecified</pose>
		<truncated>1</truncated>
		<difficult>0</difficult>
		<bndbox>
			<xmin>124.16666666666667</xmin>
			<ymin>87.66666666666667</ymin>
			<xmax>184.16666666666669</xmax>
			<ymax>151.83333333333334</ymax>
		</bndbox>
	</object>
	<object>
		<name>Others</name>
		<pose>Unspecified</pose>
		<truncated>1</truncated>
		<difficult>0</difficult>
		<bndbox>
			<xmin>135.83333333333334</xmin>
			<ymin>144.33333333333334</ymin>
			<xmax>220.0</xmax>
			<ymax>222.66666666666669</ymax>
		</bndbox>
	</object>
	<object>
		<name>Others</name>
		<pose>Unspecified</pose>
		<truncated>1</truncated>
		<difficult>0</difficult>
		<bndbox>
			<xmin>114.16666666666667</xmin>
			<ymin>220.16666666666669</ymin>
			<xmax>244.16666666666669</xmax>
			<ymax>283.5</ymax>
		</bndbox>
	</object>
</annotation>