<annotation>
	<folder>UAV_data</folder>
	<filename>:\ssss\zuizhong\201907261520005831.175.1.jpg</filename>
	<source>
		<database>The UAV autolanding</database>
		<annotation>UAV AutoLanding</annotation>
		<image>flickr</image>
		<flickrid>NULL</flickrid>
	</source>
	<owner>
		<flickrid>NULL</flickrid>
		<name>ChaojieZhu</name>
	</owner>
	<size>
		<width>1280</width>
		<height>720</height>
		<depth>3</depth>
	</size>
		<segmented>0</segmented>
	<object>
		<name>Heat Stress</name>
		<pose>Unspecified</pose>
		<truncated>1</truncated>
		<difficult>0</difficult>
		<bndbox>
			<xmin>840.0</xmin>
			<ymin>554.3333333333334</ymin>
			<xmax>916.6666666666667</xmax>
			<ymax>672.6666666666667</ymax>
		</bndbox>
	</object>
	<object>
		<name>Eating</name>
		<pose>Unspecified</pose>
		<truncated>1</truncated>
		<difficult>0</difficult>
		<bndbox>
			<xmin>766.5243902439025</xmin>
			<ymin>348.4186991869919</ymin>
			<xmax>856.910569105691</xmax>
			<ymax>519.780487804878</ymax>
		</bndbox>
	</object>
	<object>
		<name>Eating</name>
		<pose>Unspecified</pose>
		<truncated>1</truncated>
		<difficult>0</difficult>
		<bndbox>
			<xmin>358.33333333333337</xmin>
			<ymin>590.1666666666667</ymin>
			<xmax>482.0</xmax>
			<ymax>719.0</ymax>
		</bndbox>
	</object>
	<object>
		<name>Eating</name>
		<pose>Unspecified</pose>
		<truncated>1</truncated>
		<difficult>0</difficult>
		<bndbox>
			<xmin>278.33333333333337</xmin>
			<ymin>350.1666666666667</ymin>
			<xmax>399.1869918699187</xmax>
			<ymax>515.7154471544716</ymax>
		</bndbox>
	</object>
	<object>
		<name>Heat Stress</name>
		<pose>Unspecified</pose>
		<truncated>1</truncated>
		<difficult>0</difficult>
		<bndbox>
			<xmin>355.0</xmin>
			<ymin>328.5</ymin>
			<xmax>505.83333333333337</xmax>
			<ymax>416.0</ymax>
		</bndbox>
	</object>
	<object>
		<name>Others</name>
		<pose>Unspecified</pose>
		<truncated>1</truncated>
		<difficult>0</difficult>
		<bndbox>
			<xmin>496.6666666666667</xmin>
			<ymin>351.0</ymin>
			<xmax>616.6666666666667</xmax>
			<ymax>461.0</ymax>
		</bndbox>
	</object>
	<object>
		<name>Heat Stress</name>
		<pose>Unspecified</pose>
		<truncated>1</truncated>
		<difficult>0</difficult>
		<bndbox>
			<xmin>659.2479674796748</xmin>
			<ymin>387.6260162601626</ymin>
			<xmax>749.5934959349594</xmax>
			<ymax>536.040650406504</ymax>
		</bndbox>
	</object>
	<object>
		<name>Others</name>
		<pose>Unspecified</pose>
		<truncated>1</truncated>
		<difficult>0</difficult>
		<bndbox>
			<xmin>630.8333333333334</xmin>
			<ymin>268.5</ymin>
			<xmax>702.5</xmax>
			<ymax>431.83333333333337</ymax>
		</bndbox>
	</object>
	<object>
		<name>Heat Stress</name>
		<pose>Unspecified</pose>
		<truncated>1</truncated>
		<difficult>0</difficult>
		<bndbox>
			<xmin>788.3333333333334</xmin>
			<ymin>258.5</ymin>
			<xmax>910.0</xmax>
			<ymax>359.33333333333337</ymax>
		</bndbox>
	</object>
	<object>
		<name>Others</name>
		<pose>Unspecified</pose>
		<truncated>1</truncated>
		<difficult>0</difficult>
		<bndbox>
			<xmin>813.3333333333334</xmin>
			<ymin>113.45934959349594</ymin>
			<xmax>960.9756097560976</xmax>
			<ymax>231.16260162601628</ymax>
		</bndbox>
	</object>
	<object>
		<name>Heat Stress</name>
		<pose>Unspecified</pose>
		<truncated>1</truncated>
		<difficult>0</difficult>
		<bndbox>
			<xmin>852.5</xmin>
			<ymin>6.833333333333336</ymin>
			<xmax>932.5</xmax>
			<ymax>146.0</ymax>
		</bndbox>
	</object>
	<object>
		<name>Heat Stress</name>
		<pose>Unspecified</pose>
		<truncated>1</truncated>
		<difficult>0</difficult>
		<bndbox>
			<xmin>694.1666666666667</xmin>
			<ymin>160.16666666666669</ymin>
			<xmax>788.3333333333334</xmax>
			<ymax>299.33333333333337</ymax>
		</bndbox>
	</object>
	<object>
		<name>Others</name>
		<pose>Unspecified</pose>
		<truncated>1</truncated>
		<difficult>0</difficult>
		<bndbox>
			<xmin>690.8333333333334</xmin>
			<ymin>76.0</ymin>
			<xmax>803.3333333333334</xmax>
			<ymax>170.16666666666669</ymax>
		</bndbox>
	</object>
	<object>
		<name>Others</name>
		<pose>Unspecified</pose>
		<truncated>1</truncated>
		<difficult>0</difficult>
		<bndbox>
			<xmin>719.1666666666667</xmin>
			<ymin>7.666666666666668</ymin>
			<xmax>839.1666666666667</xmax>
			<ymax>77.66666666666667</ymax>
		</bndbox>
	</object>
	<object>
		<name>Others</name>
		<pose>Unspecified</pose>
		<truncated>1</truncated>
		<difficult>0</difficult>
		<bndbox>
			<xmin>613.3333333333334</xmin>
			<ymin>91.83333333333334</ymin>
			<xmax>697.5</xmax>
			<ymax>236.0</ymax>
		</bndbox>
	</object>
	<object>
		<name>Drinking</name>
		<pose>Unspecified</pose>
		<truncated>1</truncated>
		<difficult>0</difficult>
		<bndbox>
			<xmin>540.8333333333334</xmin>
			<ymin>78.5</ymin>
			<xmax>617.5</xmax>
			<ymax>267.6666666666667</ymax>
		</bndbox>
	</object>
	<object>
		<name>Drinking</name>
		<pose>Unspecified</pose>
		<truncated>1</truncated>
		<difficult>0</difficult>
		<bndbox>
			<xmin>486.6666666666667</xmin>
			<ymin>10.166666666666668</ymin>
			<xmax>561.6666666666667</xmax>
			<ymax>168.5</ymax>
		</bndbox>
	</object>
	<object>
		<name>Others</name>
		<pose>Unspecified</pose>
		<truncated>1</truncated>
		<difficult>0</difficult>
		<bndbox>
			<xmin>351.6666666666667</xmin>
			<ymin>29.333333333333336</ymin>
			<xmax>481.6666666666667</xmax>
			<ymax>106.83333333333334</ymax>
		</bndbox>
	</object>
	<object>
		<name>Others</name>
		<pose>Unspecified</pose>
		<truncated>1</truncated>
		<difficult>0</difficult>
		<bndbox>
			<xmin>339.1666666666667</xmin>
			<ymin>96.0</ymin>
			<xmax>443.33333333333337</xmax>
			<ymax>211.83333333333334</ymax>
		</bndbox>
	</object>
	<object>
		<name>Heat Stress</name>
		<pose>Unspecified</pose>
		<truncated>1</truncated>
		<difficult>0</difficult>
		<bndbox>
			<xmin>235.0</xmin>
			<ymin>209.33333333333334</ymin>
			<xmax>323.33333333333337</xmax>
			<ymax>337.6666666666667</ymax>
		</bndbox>
	</object>
	<object>
		<name>Heat Stress</name>
		<pose>Unspecified</pose>
		<truncated>1</truncated>
		<difficult>0</difficult>
		<bndbox>
			<xmin>415.83333333333337</xmin>
			<ymin>153.5</ymin>
			<xmax>515.8333333333334</xmax>
			<ymax>318.5</ymax>
		</bndbox>
	</object>
	<object>
		<name>Others</name>
		<pose>Unspecified</pose>
		<truncated>1</truncated>
		<difficult>0</difficult>
		<bndbox>
			<xmin>330.0</xmin>
			<ymin>245.16666666666669</ymin>
			<xmax>487.5</xmax>
			<ymax>354.33333333333337</ymax>
		</bndbox>
	</object>
	<object>
		<name>Heat Stress</name>
		<pose>Unspecified</pose>
		<truncated>1</truncated>
		<difficult>0</difficult>
		<bndbox>
			<xmin>309.1666666666667</xmin>
			<ymin>186.0</ymin>
			<xmax>402.5</xmax>
			<ymax>298.5</ymax>
		</bndbox>
	</object>
	<object>
		<name>Heat Stress</name>
		<pose>Unspecified</pose>
		<truncated>1</truncated>
		<difficult>0</difficult>
		<bndbox>
			<xmin>241.66666666666669</xmin>
			<ymin>113.5</ymin>
			<xmax>346.6666666666667</xmax>
			<ymax>182.66666666666669</ymax>
		</bndbox>
	</object>
	<object>
		<name>Others</name>
		<pose>Unspecified</pose>
		<truncated>1</truncated>
		<difficult>0</difficult>
		<bndbox>
			<xmin>287.5</xmin>
			<ymin>1.8333333333333357</ymin>
			<xmax>340.0</xmax>
			<ymax>132.66666666666669</ymax>
		</bndbox>
	</object>
	<object>
		<name>Others</name>
		<pose>Unspecified</pose>
		<truncated>1</truncated>
		<difficult>0</difficult>
		<bndbox>
			<xmin>175.0</xmin>
			<ymin>166.0</ymin>
			<xmax>278.33333333333337</xmax>
			<ymax>271.0</ymax>
		</bndbox>
	</object>
	<object>
		<name>Others</name>
		<pose>Unspecified</pose>
		<truncated>1</truncated>
		<difficult>0</difficult>
		<bndbox>
			<xmin>152.5</xmin>
			<ymin>9.333333333333336</ymin>
			<xmax>280.0</xmax>
			<ymax>117.66666666666669</ymax>
		</bndbox>
	</object>
	<object>
		<name>Others</name>
		<pose>Unspecified</pose>
		<truncated>1</truncated>
		<difficult>0</difficult>
		<bndbox>
			<xmin>121.66666666666667</xmin>
			<ymin>65.16666666666667</ymin>
			<xmax>181.66666666666669</xmax>
			<ymax>181.0</ymax>
		</bndbox>
	</object>
	<object>
		<name>Others</name>
		<pose>Unspecified</pose>
		<truncated>1</truncated>
		<difficult>0</difficult>
		<bndbox>
			<xmin>114.16666666666667</xmin>
			<ymin>122.66666666666669</ymin>
			<xmax>180.83333333333334</xmax>
			<ymax>233.5</ymax>
		</bndbox>
	</object>
	<object>
		<name>Others</name>
		<pose>Unspecified</pose>
		<truncated>1</truncated>
		<difficult>0</difficult>
		<bndbox>
			<xmin>95.83333333333334</xmin>
			<ymin>221.83333333333334</ymin>
			<xmax>196.66666666666669</xmax>
			<ymax>293.5</ymax>
		</bndbox>
	</object>
	<object>
		<name>Others</name>
		<pose>Unspecified</pose>
		<truncated>1</truncated>
		<difficult>0</difficult>
		<bndbox>
			<xmin>100.83333333333334</xmin>
			<ymin>318.5</ymin>
			<xmax>175.0</xmax>
			<ymax>404.33333333333337</ymax>
		</bndbox>
	</object>
	<object>
		<name>Others</name>
		<pose>Unspecified</pose>
		<truncated>1</truncated>
		<difficult>0</difficult>
		<bndbox>
			<xmin>150.0</xmin>
			<ymin>404.33333333333337</ymin>
			<xmax>240.0</xmax>
			<ymax>500.16666666666674</ymax>
		</bndbox>
	</object>
	<object>
		<name>Others</name>
		<pose>Unspecified</pose>
		<truncated>1</truncated>
		<difficult>0</difficult>
		<bndbox>
			<xmin>122.5</xmin>
			<ymin>546.8333333333334</ymin>
			<xmax>193.33333333333334</xmax>
			<ymax>671.0</ymax>
		</bndbox>
	</object>
	<object>
		<name>Heat Stress</name>
		<pose>Unspecified</pose>
		<truncated>1</truncated>
		<difficult>0</difficult>
		<bndbox>
			<xmin>211.6869918699187</xmin>
			<ymin>584.3130081300814</ymin>
			<xmax>359.1869918699187</xmax>
			<ymax>673.4796747967481</ymax>
		</bndbox>
	</object>
</annotation>