<annotation>
	<folder>UAV_data</folder>
	<filename>:\ssss\zuizhong\201907261520006431.175.1.jpg</filename>
	<source>
		<database>The UAV autolanding</database>
		<annotation>UAV AutoLanding</annotation>
		<image>flickr</image>
		<flickrid>NULL</flickrid>
	</source>
	<owner>
		<flickrid>NULL</flickrid>
		<name>ChaojieZhu</name>
	</owner>
	<size>
		<width>1280</width>
		<height>720</height>
		<depth>3</depth>
	</size>
		<segmented>0</segmented>
	<object>
		<name>Heat Stress</name>
		<pose>Unspecified</pose>
		<truncated>1</truncated>
		<difficult>0</difficult>
		<bndbox>
			<xmin>845.8333333333334</xmin>
			<ymin>551.0</ymin>
			<xmax>934.1666666666667</xmax>
			<ymax>661.8333333333334</ymax>
		</bndbox>
	</object>
	<object>
		<name>Heat Stress</name>
		<pose>Unspecified</pose>
		<truncated>1</truncated>
		<difficult>0</difficult>
		<bndbox>
			<xmin>663.3333333333334</xmin>
			<ymin>364.33333333333337</ymin>
			<xmax>757.5</xmax>
			<ymax>539.3333333333334</ymax>
		</bndbox>
	</object>
	<object>
		<name>Eating</name>
		<pose>Unspecified</pose>
		<truncated>1</truncated>
		<difficult>0</difficult>
		<bndbox>
			<xmin>764.369918699187</xmin>
			<ymin>347.6666666666667</ymin>
			<xmax>851.219512195122</xmax>
			<ymax>515.7154471544716</ymax>
		</bndbox>
	</object>
	<object>
		<name>Others</name>
		<pose>Unspecified</pose>
		<truncated>1</truncated>
		<difficult>0</difficult>
		<bndbox>
			<xmin>315.0</xmin>
			<ymin>606.0</ymin>
			<xmax>449.1666666666667</xmax>
			<ymax>704.3333333333334</ymax>
		</bndbox>
	</object>
	<object>
		<name>Heat Stress</name>
		<pose>Unspecified</pose>
		<truncated>1</truncated>
		<difficult>0</difficult>
		<bndbox>
			<xmin>214.16666666666669</xmin>
			<ymin>581.0</ymin>
			<xmax>335.0</xmax>
			<ymax>672.6666666666667</ymax>
		</bndbox>
	</object>
	<object>
		<name>Others</name>
		<pose>Unspecified</pose>
		<truncated>1</truncated>
		<difficult>0</difficult>
		<bndbox>
			<xmin>277.5</xmin>
			<ymin>361.0</ymin>
			<xmax>380.0</xmax>
			<ymax>493.5</ymax>
		</bndbox>
	</object>
	<object>
		<name>Heat Stress</name>
		<pose>Unspecified</pose>
		<truncated>1</truncated>
		<difficult>0</difficult>
		<bndbox>
			<xmin>360.0</xmin>
			<ymin>336.83333333333337</ymin>
			<xmax>507.5</xmax>
			<ymax>412.6666666666667</ymax>
		</bndbox>
	</object>
	<object>
		<name>Heat Stress</name>
		<pose>Unspecified</pose>
		<truncated>1</truncated>
		<difficult>0</difficult>
		<bndbox>
			<xmin>785.8333333333334</xmin>
			<ymin>261.0</ymin>
			<xmax>910.0</xmax>
			<ymax>353.5</ymax>
		</bndbox>
	</object>
	<object>
		<name>Others</name>
		<pose>Unspecified</pose>
		<truncated>1</truncated>
		<difficult>0</difficult>
		<bndbox>
			<xmin>623.3333333333334</xmin>
			<ymin>275.1666666666667</ymin>
			<xmax>702.5</xmax>
			<ymax>434.33333333333337</ymax>
		</bndbox>
	</object>
	<object>
		<name>Others</name>
		<pose>Unspecified</pose>
		<truncated>1</truncated>
		<difficult>0</difficult>
		<bndbox>
			<xmin>501.6666666666667</xmin>
			<ymin>235.16666666666669</ymin>
			<xmax>584.1666666666667</xmax>
			<ymax>376.83333333333337</ymax>
		</bndbox>
	</object>
	<object>
		<name>Others</name>
		<pose>Unspecified</pose>
		<truncated>1</truncated>
		<difficult>0</difficult>
		<bndbox>
			<xmin>335.0</xmin>
			<ymin>246.0</ymin>
			<xmax>490.0</xmax>
			<ymax>351.83333333333337</ymax>
		</bndbox>
	</object>
	<object>
		<name>Heat Stress</name>
		<pose>Unspecified</pose>
		<truncated>1</truncated>
		<difficult>0</difficult>
		<bndbox>
			<xmin>423.33333333333337</xmin>
			<ymin>168.5</ymin>
			<xmax>517.5</xmax>
			<ymax>312.6666666666667</ymax>
		</bndbox>
	</object>
	<object>
		<name>Others</name>
		<pose>Unspecified</pose>
		<truncated>1</truncated>
		<difficult>0</difficult>
		<bndbox>
			<xmin>701.6666666666667</xmin>
			<ymin>152.66666666666669</ymin>
			<xmax>785.0</xmax>
			<ymax>300.1666666666667</ymax>
		</bndbox>
	</object>
	<object>
		<name>Others</name>
		<pose>Unspecified</pose>
		<truncated>1</truncated>
		<difficult>0</difficult>
		<bndbox>
			<xmin>821.6869918699188</xmin>
			<ymin>116.8130081300813</ymin>
			<xmax>948.3536585365855</xmax>
			<ymax>229.3130081300813</ymax>
		</bndbox>
	</object>
	<object>
		<name>Heat Stress</name>
		<pose>Unspecified</pose>
		<truncated>1</truncated>
		<difficult>0</difficult>
		<bndbox>
			<xmin>856.6666666666667</xmin>
			<ymin>6.0</ymin>
			<xmax>931.6666666666667</xmax>
			<ymax>146.83333333333334</ymax>
		</bndbox>
	</object>
	<object>
		<name>Heat Stress</name>
		<pose>Unspecified</pose>
		<truncated>1</truncated>
		<difficult>0</difficult>
		<bndbox>
			<xmin>685.8333333333334</xmin>
			<ymin>65.16666666666667</ymin>
			<xmax>807.5</xmax>
			<ymax>186.83333333333334</ymax>
		</bndbox>
	</object>
	<object>
		<name>Others</name>
		<pose>Unspecified</pose>
		<truncated>1</truncated>
		<difficult>0</difficult>
		<bndbox>
			<xmin>690.2439024390244</xmin>
			<ymin>10.024390243902438</ymin>
			<xmax>833.3333333333334</xmax>
			<ymax>101.83333333333334</ymax>
		</bndbox>
	</object>
	<object>
		<name>Others</name>
		<pose>Unspecified</pose>
		<truncated>1</truncated>
		<difficult>0</difficult>
		<bndbox>
			<xmin>612.5</xmin>
			<ymin>95.16666666666667</ymin>
			<xmax>693.3333333333334</xmax>
			<ymax>241.0</ymax>
		</bndbox>
	</object>
	<object>
		<name>Others</name>
		<pose>Unspecified</pose>
		<truncated>1</truncated>
		<difficult>0</difficult>
		<bndbox>
			<xmin>541.6666666666667</xmin>
			<ymin>90.16666666666667</ymin>
			<xmax>617.5</xmax>
			<ymax>266.83333333333337</ymax>
		</bndbox>
	</object>
	<object>
		<name>Others</name>
		<pose>Unspecified</pose>
		<truncated>1</truncated>
		<difficult>0</difficult>
		<bndbox>
			<xmin>429.1666666666667</xmin>
			<ymin>11.833333333333336</ymin>
			<xmax>569.1666666666667</xmax>
			<ymax>89.33333333333334</ymax>
		</bndbox>
	</object>
	<object>
		<name>Others</name>
		<pose>Unspecified</pose>
		<truncated>1</truncated>
		<difficult>0</difficult>
		<bndbox>
			<xmin>348.33333333333337</xmin>
			<ymin>28.5</ymin>
			<xmax>464.1666666666667</xmax>
			<ymax>96.0</ymax>
		</bndbox>
	</object>
	<object>
		<name>Drinking</name>
		<pose>Unspecified</pose>
		<truncated>1</truncated>
		<difficult>0</difficult>
		<bndbox>
			<xmin>337.5</xmin>
			<ymin>75.16666666666667</ymin>
			<xmax>490.83333333333337</xmax>
			<ymax>211.0</ymax>
		</bndbox>
	</object>
	<object>
		<name>Heat Stress</name>
		<pose>Unspecified</pose>
		<truncated>1</truncated>
		<difficult>0</difficult>
		<bndbox>
			<xmin>315.83333333333337</xmin>
			<ymin>195.16666666666669</ymin>
			<xmax>405.83333333333337</xmax>
			<ymax>301.0</ymax>
		</bndbox>
	</object>
	<object>
		<name>Heat Stress</name>
		<pose>Unspecified</pose>
		<truncated>1</truncated>
		<difficult>0</difficult>
		<bndbox>
			<xmin>235.83333333333334</xmin>
			<ymin>207.66666666666669</ymin>
			<xmax>325.83333333333337</xmax>
			<ymax>335.1666666666667</ymax>
		</bndbox>
	</object>
	<object>
		<name>Heat Stress</name>
		<pose>Unspecified</pose>
		<truncated>1</truncated>
		<difficult>0</difficult>
		<bndbox>
			<xmin>230.83333333333334</xmin>
			<ymin>116.83333333333334</ymin>
			<xmax>335.83333333333337</xmax>
			<ymax>173.5</ymax>
		</bndbox>
	</object>
	<object>
		<name>Others</name>
		<pose>Unspecified</pose>
		<truncated>1</truncated>
		<difficult>0</difficult>
		<bndbox>
			<xmin>293.33333333333337</xmin>
			<ymin>6.0</ymin>
			<xmax>337.5</xmax>
			<ymax>126.83333333333334</ymax>
		</bndbox>
	</object>
	<object>
		<name>Others</name>
		<pose>Unspecified</pose>
		<truncated>1</truncated>
		<difficult>0</difficult>
		<bndbox>
			<xmin>141.66666666666669</xmin>
			<ymin>10.166666666666668</ymin>
			<xmax>281.6666666666667</xmax>
			<ymax>114.33333333333334</ymax>
		</bndbox>
	</object>
	<object>
		<name>Heat Stress</name>
		<pose>Unspecified</pose>
		<truncated>1</truncated>
		<difficult>0</difficult>
		<bndbox>
			<xmin>124.16666666666667</xmin>
			<ymin>75.16666666666667</ymin>
			<xmax>181.66666666666669</xmax>
			<ymax>182.66666666666669</ymax>
		</bndbox>
	</object>
	<object>
		<name>Heat Stress</name>
		<pose>Unspecified</pose>
		<truncated>1</truncated>
		<difficult>0</difficult>
		<bndbox>
			<xmin>116.66666666666667</xmin>
			<ymin>128.5</ymin>
			<xmax>183.33333333333334</xmax>
			<ymax>222.66666666666669</ymax>
		</bndbox>
	</object>
	<object>
		<name>Others</name>
		<pose>Unspecified</pose>
		<truncated>1</truncated>
		<difficult>0</difficult>
		<bndbox>
			<xmin>87.5</xmin>
			<ymin>223.5</ymin>
			<xmax>191.66666666666669</xmax>
			<ymax>285.1666666666667</ymax>
		</bndbox>
	</object>
	<object>
		<name>Others</name>
		<pose>Unspecified</pose>
		<truncated>1</truncated>
		<difficult>0</difficult>
		<bndbox>
			<xmin>178.33333333333334</xmin>
			<ymin>162.66666666666669</ymin>
			<xmax>280.83333333333337</xmax>
			<ymax>262.6666666666667</ymax>
		</bndbox>
	</object>
	<object>
		<name>Others</name>
		<pose>Unspecified</pose>
		<truncated>1</truncated>
		<difficult>0</difficult>
		<bndbox>
			<xmin>95.0</xmin>
			<ymin>317.6666666666667</ymin>
			<xmax>179.16666666666669</xmax>
			<ymax>405.1666666666667</ymax>
		</bndbox>
	</object>
	<object>
		<name>Others</name>
		<pose>Unspecified</pose>
		<truncated>1</truncated>
		<difficult>0</difficult>
		<bndbox>
			<xmin>134.16666666666669</xmin>
			<ymin>385.1666666666667</ymin>
			<xmax>215.83333333333334</xmax>
			<ymax>506.83333333333337</ymax>
		</bndbox>
	</object>
	<object>
		<name>Others</name>
		<pose>Unspecified</pose>
		<truncated>1</truncated>
		<difficult>0</difficult>
		<bndbox>
			<xmin>103.33333333333334</xmin>
			<ymin>544.3333333333334</ymin>
			<xmax>193.33333333333334</xmax>
			<ymax>673.5</ymax>
		</bndbox>
	</object>
</annotation>