<annotation>
	<folder>UAV_data</folder>
	<filename>:\ssss\zuizhong\201907271156001432.780.8.jpg</filename>
	<source>
		<database>The UAV autolanding</database>
		<annotation>UAV AutoLanding</annotation>
		<image>flickr</image>
		<flickrid>NULL</flickrid>
	</source>
	<owner>
		<flickrid>NULL</flickrid>
		<name>ChaojieZhu</name>
	</owner>
	<size>
		<width>1280</width>
		<height>720</height>
		<depth>3</depth>
	</size>
		<segmented>0</segmented>
	<object>
		<name>Heat Stress</name>
		<pose>Unspecified</pose>
		<truncated>1</truncated>
		<difficult>0</difficult>
		<bndbox>
			<xmin>913.3333333333334</xmin>
			<ymin>341.83333333333337</ymin>
			<xmax>992.5</xmax>
			<ymax>471.0</ymax>
		</bndbox>
	</object>
	<object>
		<name>Others</name>
		<pose>Unspecified</pose>
		<truncated>1</truncated>
		<difficult>0</difficult>
		<bndbox>
			<xmin>1013.3333333333334</xmin>
			<ymin>206.0</ymin>
			<xmax>1081.6666666666667</xmax>
			<ymax>311.0</ymax>
		</bndbox>
	</object>
	<object>
		<name>Heat Stress</name>
		<pose>Unspecified</pose>
		<truncated>1</truncated>
		<difficult>0</difficult>
		<bndbox>
			<xmin>895.8333333333334</xmin>
			<ymin>198.5</ymin>
			<xmax>992.5</xmax>
			<ymax>310.1666666666667</ymax>
		</bndbox>
	</object>
	<object>
		<name>Others</name>
		<pose>Unspecified</pose>
		<truncated>1</truncated>
		<difficult>0</difficult>
		<bndbox>
			<xmin>917.5</xmin>
			<ymin>10.166666666666668</ymin>
			<xmax>985.0</xmax>
			<ymax>166.0</ymax>
		</bndbox>
	</object>
	<object>
		<name>Others</name>
		<pose>Unspecified</pose>
		<truncated>1</truncated>
		<difficult>0</difficult>
		<bndbox>
			<xmin>758.3333333333334</xmin>
			<ymin>59.33333333333334</ymin>
			<xmax>854.1666666666667</xmax>
			<ymax>232.66666666666669</ymax>
		</bndbox>
	</object>
	<object>
		<name>Others</name>
		<pose>Unspecified</pose>
		<truncated>1</truncated>
		<difficult>0</difficult>
		<bndbox>
			<xmin>779.1666666666667</xmin>
			<ymin>37.66666666666667</ymin>
			<xmax>903.3333333333334</xmax>
			<ymax>114.33333333333334</ymax>
		</bndbox>
	</object>
	<object>
		<name>Drinking</name>
		<pose>Unspecified</pose>
		<truncated>1</truncated>
		<difficult>0</difficult>
		<bndbox>
			<xmin>665.8333333333334</xmin>
			<ymin>11.833333333333336</ymin>
			<xmax>775.8333333333334</xmax>
			<ymax>156.0</ymax>
		</bndbox>
	</object>
	<object>
		<name>Others</name>
		<pose>Unspecified</pose>
		<truncated>1</truncated>
		<difficult>0</difficult>
		<bndbox>
			<xmin>620.0</xmin>
			<ymin>51.0</ymin>
			<xmax>745.8333333333334</xmax>
			<ymax>173.5</ymax>
		</bndbox>
	</object>
	<object>
		<name>Heat Stress</name>
		<pose>Unspecified</pose>
		<truncated>1</truncated>
		<difficult>0</difficult>
		<bndbox>
			<xmin>609.1666666666667</xmin>
			<ymin>163.5</ymin>
			<xmax>723.3333333333334</xmax>
			<ymax>316.0</ymax>
		</bndbox>
	</object>
	<object>
		<name>Heat Stress</name>
		<pose>Unspecified</pose>
		<truncated>1</truncated>
		<difficult>0</difficult>
		<bndbox>
			<xmin>461.6666666666667</xmin>
			<ymin>163.5</ymin>
			<xmax>579.1666666666667</xmax>
			<ymax>314.33333333333337</ymax>
		</bndbox>
	</object>
	<object>
		<name>Others</name>
		<pose>Unspecified</pose>
		<truncated>1</truncated>
		<difficult>0</difficult>
		<bndbox>
			<xmin>494.1666666666667</xmin>
			<ymin>74.33333333333334</ymin>
			<xmax>622.5</xmax>
			<ymax>188.5</ymax>
		</bndbox>
	</object>
	<object>
		<name>Others</name>
		<pose>Unspecified</pose>
		<truncated>1</truncated>
		<difficult>0</difficult>
		<bndbox>
			<xmin>421.6666666666667</xmin>
			<ymin>5.166666666666668</ymin>
			<xmax>546.6666666666667</xmax>
			<ymax>66.0</ymax>
		</bndbox>
	</object>
	<object>
		<name>Heat Stress</name>
		<pose>Unspecified</pose>
		<truncated>1</truncated>
		<difficult>0</difficult>
		<bndbox>
			<xmin>395.83333333333337</xmin>
			<ymin>72.66666666666667</ymin>
			<xmax>506.6666666666667</xmax>
			<ymax>209.33333333333334</ymax>
		</bndbox>
	</object>
	<object>
		<name>Heat Stress</name>
		<pose>Unspecified</pose>
		<truncated>1</truncated>
		<difficult>0</difficult>
		<bndbox>
			<xmin>284.1666666666667</xmin>
			<ymin>32.66666666666667</ymin>
			<xmax>360.83333333333337</xmax>
			<ymax>156.0</ymax>
		</bndbox>
	</object>
	<object>
		<name>Heat Stress</name>
		<pose>Unspecified</pose>
		<truncated>1</truncated>
		<difficult>0</difficult>
		<bndbox>
			<xmin>317.5</xmin>
			<ymin>212.66666666666669</ymin>
			<xmax>414.1666666666667</xmax>
			<ymax>377.6666666666667</ymax>
		</bndbox>
	</object>
	<object>
		<name>Heat Stress</name>
		<pose>Unspecified</pose>
		<truncated>1</truncated>
		<difficult>0</difficult>
		<bndbox>
			<xmin>204.16666666666669</xmin>
			<ymin>257.6666666666667</ymin>
			<xmax>316.6666666666667</xmax>
			<ymax>376.83333333333337</ymax>
		</bndbox>
	</object>
	<object>
		<name>Others</name>
		<pose>Unspecified</pose>
		<truncated>1</truncated>
		<difficult>0</difficult>
		<bndbox>
			<xmin>187.8048780487805</xmin>
			<ymin>9.024390243902438</ymin>
			<xmax>256.6666666666667</xmax>
			<ymax>121.91463414634148</ymax>
		</bndbox>
	</object>
	<object>
		<name>Others</name>
		<pose>Unspecified</pose>
		<truncated>1</truncated>
		<difficult>0</difficult>
		<bndbox>
			<xmin>195.0</xmin>
			<ymin>31.833333333333336</ymin>
			<xmax>308.33333333333337</xmax>
			<ymax>135.16666666666669</ymax>
		</bndbox>
	</object>
	<object>
		<name>Others</name>
		<pose>Unspecified</pose>
		<truncated>1</truncated>
		<difficult>0</difficult>
		<bndbox>
			<xmin>104.16666666666667</xmin>
			<ymin>51.0</ymin>
			<xmax>200.0</xmax>
			<ymax>108.5</ymax>
		</bndbox>
	</object>
	<object>
		<name>Others</name>
		<pose>Unspecified</pose>
		<truncated>1</truncated>
		<difficult>0</difficult>
		<bndbox>
			<xmin>90.83333333333334</xmin>
			<ymin>131.83333333333334</ymin>
			<xmax>180.83333333333334</xmax>
			<ymax>199.33333333333334</ymax>
		</bndbox>
	</object>
	<object>
		<name>Others</name>
		<pose>Unspecified</pose>
		<truncated>1</truncated>
		<difficult>0</difficult>
		<bndbox>
			<xmin>120.0</xmin>
			<ymin>185.16666666666669</ymin>
			<xmax>222.5</xmax>
			<ymax>321.83333333333337</ymax>
		</bndbox>
	</object>
	<object>
		<name>Others</name>
		<pose>Unspecified</pose>
		<truncated>1</truncated>
		<difficult>0</difficult>
		<bndbox>
			<xmin>72.5</xmin>
			<ymin>200.16666666666669</ymin>
			<xmax>140.83333333333334</xmax>
			<ymax>331.0</ymax>
		</bndbox>
	</object>
	<object>
		<name>Others</name>
		<pose>Unspecified</pose>
		<truncated>1</truncated>
		<difficult>0</difficult>
		<bndbox>
			<xmin>71.66666666666667</xmin>
			<ymin>277.6666666666667</ymin>
			<xmax>146.66666666666669</xmax>
			<ymax>411.83333333333337</ymax>
		</bndbox>
	</object>
	<object>
		<name>Others</name>
		<pose>Unspecified</pose>
		<truncated>1</truncated>
		<difficult>0</difficult>
		<bndbox>
			<xmin>93.33333333333334</xmin>
			<ymin>342.6666666666667</ymin>
			<xmax>227.5</xmax>
			<ymax>415.1666666666667</ymax>
		</bndbox>
	</object>
	<object>
		<name>Heat Stress</name>
		<pose>Unspecified</pose>
		<truncated>1</truncated>
		<difficult>0</difficult>
		<bndbox>
			<xmin>85.0</xmin>
			<ymin>435.1666666666667</ymin>
			<xmax>176.66666666666669</xmax>
			<ymax>521.8333333333334</ymax>
		</bndbox>
	</object>
	<object>
		<name>Eating</name>
		<pose>Unspecified</pose>
		<truncated>1</truncated>
		<difficult>0</difficult>
		<bndbox>
			<xmin>190.0</xmin>
			<ymin>491.0</ymin>
			<xmax>341.6666666666667</xmax>
			<ymax>560.1666666666667</ymax>
		</bndbox>
	</object>
	<object>
		<name>Heat Stress</name>
		<pose>Unspecified</pose>
		<truncated>1</truncated>
		<difficult>0</difficult>
		<bndbox>
			<xmin>446.6666666666667</xmin>
			<ymin>567.6666666666667</ymin>
			<xmax>598.3333333333334</xmax>
			<ymax>660.1666666666667</ymax>
		</bndbox>
	</object>
	<object>
		<name>Others</name>
		<pose>Unspecified</pose>
		<truncated>1</truncated>
		<difficult>0</difficult>
		<bndbox>
			<xmin>194.16666666666669</xmin>
			<ymin>560.1666666666667</ymin>
			<xmax>283.33333333333337</xmax>
			<ymax>676.0</ymax>
		</bndbox>
	</object>
	<object>
		<name>Heat Stress</name>
		<pose>Unspecified</pose>
		<truncated>1</truncated>
		<difficult>0</difficult>
		<bndbox>
			<xmin>119.16666666666667</xmin>
			<ymin>580.1666666666667</ymin>
			<xmax>220.83333333333334</xmax>
			<ymax>681.8333333333334</ymax>
		</bndbox>
	</object>
</annotation>