<annotation>
	<folder>UAV_data</folder>
	<filename>:\ssss\zuizhong\201907261520015830.976.4.jpg</filename>
	<source>
		<database>The UAV autolanding</database>
		<annotation>UAV AutoLanding</annotation>
		<image>flickr</image>
		<flickrid>NULL</flickrid>
	</source>
	<owner>
		<flickrid>NULL</flickrid>
		<name>ChaojieZhu</name>
	</owner>
	<size>
		<width>1280</width>
		<height>720</height>
		<depth>3</depth>
	</size>
		<segmented>0</segmented>
	<object>
		<name>Heat Stress</name>
		<pose>Unspecified</pose>
		<truncated>1</truncated>
		<difficult>0</difficult>
		<bndbox>
			<xmin>845.0</xmin>
			<ymin>554.3333333333334</ymin>
			<xmax>909.1666666666667</xmax>
			<ymax>671.0</ymax>
		</bndbox>
	</object>
	<object>
		<name>Others</name>
		<pose>Unspecified</pose>
		<truncated>1</truncated>
		<difficult>0</difficult>
		<bndbox>
			<xmin>635.8333333333334</xmin>
			<ymin>574.3333333333334</ymin>
			<xmax>719.0</xmax>
			<ymax>719.0</ymax>
		</bndbox>
	</object>
	<object>
		<name>Heat Stress</name>
		<pose>Unspecified</pose>
		<truncated>1</truncated>
		<difficult>0</difficult>
		<bndbox>
			<xmin>848.3333333333334</xmin>
			<ymin>390.1666666666667</ymin>
			<xmax>930.0</xmax>
			<ymax>537.6666666666667</ymax>
		</bndbox>
	</object>
	<object>
		<name>Others</name>
		<pose>Unspecified</pose>
		<truncated>1</truncated>
		<difficult>0</difficult>
		<bndbox>
			<xmin>751.6666666666667</xmin>
			<ymin>276.0</ymin>
			<xmax>848.3333333333334</xmax>
			<ymax>422.6666666666667</ymax>
		</bndbox>
	</object>
	<object>
		<name>Heat Stress</name>
		<pose>Unspecified</pose>
		<truncated>1</truncated>
		<difficult>0</difficult>
		<bndbox>
			<xmin>551.6666666666667</xmin>
			<ymin>239.33333333333337</ymin>
			<xmax>673.3333333333334</xmax>
			<ymax>324.33333333333337</ymax>
		</bndbox>
	</object>
	<object>
		<name>Heat Stress</name>
		<pose>Unspecified</pose>
		<truncated>1</truncated>
		<difficult>0</difficult>
		<bndbox>
			<xmin>488.33333333333337</xmin>
			<ymin>411.0</ymin>
			<xmax>606.6666666666667</xmax>
			<ymax>553.5</ymax>
		</bndbox>
	</object>
	<object>
		<name>Heat Stress</name>
		<pose>Unspecified</pose>
		<truncated>1</truncated>
		<difficult>0</difficult>
		<bndbox>
			<xmin>349.1666666666667</xmin>
			<ymin>325.1666666666667</ymin>
			<xmax>501.6666666666667</xmax>
			<ymax>411.83333333333337</ymax>
		</bndbox>
	</object>
	<object>
		<name>Others</name>
		<pose>Unspecified</pose>
		<truncated>1</truncated>
		<difficult>0</difficult>
		<bndbox>
			<xmin>158.33333333333334</xmin>
			<ymin>356.83333333333337</ymin>
			<xmax>247.5</xmax>
			<ymax>545.1666666666667</ymax>
		</bndbox>
	</object>
	<object>
		<name>Others</name>
		<pose>Unspecified</pose>
		<truncated>1</truncated>
		<difficult>0</difficult>
		<bndbox>
			<xmin>252.5</xmin>
			<ymin>386.0</ymin>
			<xmax>339.1666666666667</xmax>
			<ymax>561.0</ymax>
		</bndbox>
	</object>
	<object>
		<name>Heat Stress</name>
		<pose>Unspecified</pose>
		<truncated>1</truncated>
		<difficult>0</difficult>
		<bndbox>
			<xmin>225.83333333333334</xmin>
			<ymin>585.1666666666667</ymin>
			<xmax>358.33333333333337</xmax>
			<ymax>669.3333333333334</ymax>
		</bndbox>
	</object>
	<object>
		<name>Others</name>
		<pose>Unspecified</pose>
		<truncated>1</truncated>
		<difficult>0</difficult>
		<bndbox>
			<xmin>313.33333333333337</xmin>
			<ymin>251.0</ymin>
			<xmax>505.0</xmax>
			<ymax>329.33333333333337</ymax>
		</bndbox>
	</object>
	<object>
		<name>Others</name>
		<pose>Unspecified</pose>
		<truncated>1</truncated>
		<difficult>0</difficult>
		<bndbox>
			<xmin>286.6666666666667</xmin>
			<ymin>243.5</ymin>
			<xmax>379.1666666666667</xmax>
			<ymax>356.0</ymax>
		</bndbox>
	</object>
	<object>
		<name>Others</name>
		<pose>Unspecified</pose>
		<truncated>1</truncated>
		<difficult>0</difficult>
		<bndbox>
			<xmin>345.0</xmin>
			<ymin>153.5</ymin>
			<xmax>480.83333333333337</xmax>
			<ymax>274.33333333333337</ymax>
		</bndbox>
	</object>
	<object>
		<name>Heat Stress</name>
		<pose>Unspecified</pose>
		<truncated>1</truncated>
		<difficult>0</difficult>
		<bndbox>
			<xmin>502.5</xmin>
			<ymin>156.83333333333334</ymin>
			<xmax>669.1666666666667</xmax>
			<ymax>256.83333333333337</ymax>
		</bndbox>
	</object>
	<object>
		<name>Heat Stress</name>
		<pose>Unspecified</pose>
		<truncated>1</truncated>
		<difficult>0</difficult>
		<bndbox>
			<xmin>725.8333333333334</xmin>
			<ymin>100.16666666666667</ymin>
			<xmax>820.8333333333334</xmax>
			<ymax>249.33333333333337</ymax>
		</bndbox>
	</object>
	<object>
		<name>Others</name>
		<pose>Unspecified</pose>
		<truncated>1</truncated>
		<difficult>0</difficult>
		<bndbox>
			<xmin>837.5</xmin>
			<ymin>141.0</ymin>
			<xmax>949.1666666666667</xmax>
			<ymax>249.33333333333337</ymax>
		</bndbox>
	</object>
	<object>
		<name>Others</name>
		<pose>Unspecified</pose>
		<truncated>1</truncated>
		<difficult>0</difficult>
		<bndbox>
			<xmin>857.5</xmin>
			<ymin>0.16666666666666785</ymin>
			<xmax>928.3333333333334</xmax>
			<ymax>147.66666666666669</ymax>
		</bndbox>
	</object>
	<object>
		<name>Drinking</name>
		<pose>Unspecified</pose>
		<truncated>1</truncated>
		<difficult>0</difficult>
		<bndbox>
			<xmin>679.1666666666667</xmin>
			<ymin>13.5</ymin>
			<xmax>834.1666666666667</xmax>
			<ymax>101.0</ymax>
		</bndbox>
	</object>
	<object>
		<name>Others</name>
		<pose>Unspecified</pose>
		<truncated>1</truncated>
		<difficult>0</difficult>
		<bndbox>
			<xmin>611.6666666666667</xmin>
			<ymin>67.66666666666667</ymin>
			<xmax>730.8333333333334</xmax>
			<ymax>216.83333333333334</ymax>
		</bndbox>
	</object>
	<object>
		<name>Heat Stress</name>
		<pose>Unspecified</pose>
		<truncated>1</truncated>
		<difficult>0</difficult>
		<bndbox>
			<xmin>428.33333333333337</xmin>
			<ymin>108.5</ymin>
			<xmax>569.1666666666667</xmax>
			<ymax>186.83333333333334</ymax>
		</bndbox>
	</object>
	<object>
		<name>Others</name>
		<pose>Unspecified</pose>
		<truncated>1</truncated>
		<difficult>0</difficult>
		<bndbox>
			<xmin>381.6666666666667</xmin>
			<ymin>76.83333333333334</ymin>
			<xmax>469.1666666666667</xmax>
			<ymax>188.5</ymax>
		</bndbox>
	</object>
	<object>
		<name>Others</name>
		<pose>Unspecified</pose>
		<truncated>1</truncated>
		<difficult>0</difficult>
		<bndbox>
			<xmin>378.33333333333337</xmin>
			<ymin>11.833333333333336</ymin>
			<xmax>525.8333333333334</xmax>
			<ymax>81.0</ymax>
		</bndbox>
	</object>
	<object>
		<name>Others</name>
		<pose>Unspecified</pose>
		<truncated>1</truncated>
		<difficult>0</difficult>
		<bndbox>
			<xmin>289.1666666666667</xmin>
			<ymin>5.166666666666668</ymin>
			<xmax>356.6666666666667</xmax>
			<ymax>127.66666666666669</ymax>
		</bndbox>
	</object>
	<object>
		<name>Others</name>
		<pose>Unspecified</pose>
		<truncated>1</truncated>
		<difficult>0</difficult>
		<bndbox>
			<xmin>168.33333333333334</xmin>
			<ymin>15.166666666666671</ymin>
			<xmax>280.83333333333337</xmax>
			<ymax>135.16666666666669</ymax>
		</bndbox>
	</object>
	<object>
		<name>Heat Stress</name>
		<pose>Unspecified</pose>
		<truncated>1</truncated>
		<difficult>0</difficult>
		<bndbox>
			<xmin>245.83333333333334</xmin>
			<ymin>76.83333333333334</ymin>
			<xmax>324.1666666666667</xmax>
			<ymax>193.5</ymax>
		</bndbox>
	</object>
	<object>
		<name>Heat Stress</name>
		<pose>Unspecified</pose>
		<truncated>1</truncated>
		<difficult>0</difficult>
		<bndbox>
			<xmin>247.5</xmin>
			<ymin>169.33333333333334</ymin>
			<xmax>324.1666666666667</xmax>
			<ymax>287.6666666666667</ymax>
		</bndbox>
	</object>
	<object>
		<name>Heat Stress</name>
		<pose>Unspecified</pose>
		<truncated>1</truncated>
		<difficult>0</difficult>
		<bndbox>
			<xmin>172.5</xmin>
			<ymin>247.66666666666669</ymin>
			<xmax>275.83333333333337</xmax>
			<ymax>333.5</ymax>
		</bndbox>
	</object>
	<object>
		<name>Others</name>
		<pose>Unspecified</pose>
		<truncated>1</truncated>
		<difficult>0</difficult>
		<bndbox>
			<xmin>100.0</xmin>
			<ymin>217.66666666666669</ymin>
			<xmax>194.16666666666669</xmax>
			<ymax>289.33333333333337</ymax>
		</bndbox>
	</object>
	<object>
		<name>Heat Stress</name>
		<pose>Unspecified</pose>
		<truncated>1</truncated>
		<difficult>0</difficult>
		<bndbox>
			<xmin>123.33333333333334</xmin>
			<ymin>130.16666666666669</ymin>
			<xmax>186.66666666666669</xmax>
			<ymax>221.83333333333334</ymax>
		</bndbox>
	</object>
	<object>
		<name>Heat Stress</name>
		<pose>Unspecified</pose>
		<truncated>1</truncated>
		<difficult>0</difficult>
		<bndbox>
			<xmin>126.66666666666667</xmin>
			<ymin>75.16666666666667</ymin>
			<xmax>180.0</xmax>
			<ymax>181.83333333333334</ymax>
		</bndbox>
	</object>
	<object>
		<name>Others</name>
		<pose>Unspecified</pose>
		<truncated>1</truncated>
		<difficult>0</difficult>
		<bndbox>
			<xmin>609.1666666666667</xmin>
			<ymin>281.0</ymin>
			<xmax>755.0</xmax>
			<ymax>406.0</ymax>
		</bndbox>
	</object>
</annotation>