<annotation>
	<folder>UAV_data</folder>
	<filename>:\ssss\zuizhong\201907261520020330.975.8.jpg</filename>
	<source>
		<database>The UAV autolanding</database>
		<annotation>UAV AutoLanding</annotation>
		<image>flickr</image>
		<flickrid>NULL</flickrid>
	</source>
	<owner>
		<flickrid>NULL</flickrid>
		<name>ChaojieZhu</name>
	</owner>
	<size>
		<width>1280</width>
		<height>720</height>
		<depth>3</depth>
	</size>
		<segmented>0</segmented>
	<object>
		<name>Heat Stress</name>
		<pose>Unspecified</pose>
		<truncated>1</truncated>
		<difficult>0</difficult>
		<bndbox>
			<xmin>841.6666666666667</xmin>
			<ymin>556.8333333333334</ymin>
			<xmax>915.8333333333334</xmax>
			<ymax>670.1666666666667</ymax>
		</bndbox>
	</object>
	<object>
		<name>Eating</name>
		<pose>Unspecified</pose>
		<truncated>1</truncated>
		<difficult>0</difficult>
		<bndbox>
			<xmin>565.0</xmin>
			<ymin>475.1666666666667</ymin>
			<xmax>753.6585365853658</xmax>
			<ymax>581.3821138211382</ymax>
		</bndbox>
	</object>
	<object>
		<name>Heat Stress</name>
		<pose>Unspecified</pose>
		<truncated>1</truncated>
		<difficult>0</difficult>
		<bndbox>
			<xmin>622.5</xmin>
			<ymin>592.6666666666667</ymin>
			<xmax>713.3333333333334</xmax>
			<ymax>691.8333333333334</ymax>
		</bndbox>
	</object>
	<object>
		<name>Heat Stress</name>
		<pose>Unspecified</pose>
		<truncated>1</truncated>
		<difficult>0</difficult>
		<bndbox>
			<xmin>871.6666666666667</xmin>
			<ymin>420.1666666666667</ymin>
			<xmax>950.0</xmax>
			<ymax>555.1666666666667</ymax>
		</bndbox>
	</object>
	<object>
		<name>Heat Stress</name>
		<pose>Unspecified</pose>
		<truncated>1</truncated>
		<difficult>0</difficult>
		<bndbox>
			<xmin>710.8333333333334</xmin>
			<ymin>387.6666666666667</ymin>
			<xmax>828.3333333333334</xmax>
			<ymax>476.83333333333337</ymax>
		</bndbox>
	</object>
	<object>
		<name>Others</name>
		<pose>Unspecified</pose>
		<truncated>1</truncated>
		<difficult>0</difficult>
		<bndbox>
			<xmin>492.5</xmin>
			<ymin>343.5</ymin>
			<xmax>665.0</xmax>
			<ymax>434.33333333333337</ymax>
		</bndbox>
	</object>
	<object>
		<name>Drinking</name>
		<pose>Unspecified</pose>
		<truncated>1</truncated>
		<difficult>0</difficult>
		<bndbox>
			<xmin>376.6666666666667</xmin>
			<ymin>380.1666666666667</ymin>
			<xmax>469.1666666666667</xmax>
			<ymax>510.16666666666674</ymax>
		</bndbox>
	</object>
	<object>
		<name>Others</name>
		<pose>Unspecified</pose>
		<truncated>1</truncated>
		<difficult>0</difficult>
		<bndbox>
			<xmin>380.0</xmin>
			<ymin>263.5</ymin>
			<xmax>457.5</xmax>
			<ymax>432.6666666666667</ymax>
		</bndbox>
	</object>
	<object>
		<name>Others</name>
		<pose>Unspecified</pose>
		<truncated>1</truncated>
		<difficult>0</difficult>
		<bndbox>
			<xmin>288.33333333333337</xmin>
			<ymin>247.66666666666669</ymin>
			<xmax>379.1666666666667</xmax>
			<ymax>352.6666666666667</ymax>
		</bndbox>
	</object>
	<object>
		<name>Heat Stress</name>
		<pose>Unspecified</pose>
		<truncated>1</truncated>
		<difficult>0</difficult>
		<bndbox>
			<xmin>248.33333333333334</xmin>
			<ymin>164.33333333333334</ymin>
			<xmax>320.83333333333337</xmax>
			<ymax>294.33333333333337</ymax>
		</bndbox>
	</object>
	<object>
		<name>Others</name>
		<pose>Unspecified</pose>
		<truncated>1</truncated>
		<difficult>0</difficult>
		<bndbox>
			<xmin>285.83333333333337</xmin>
			<ymin>107.66666666666667</ymin>
			<xmax>410.0</xmax>
			<ymax>189.33333333333334</ymax>
		</bndbox>
	</object>
	<object>
		<name>Others</name>
		<pose>Unspecified</pose>
		<truncated>1</truncated>
		<difficult>0</difficult>
		<bndbox>
			<xmin>449.1666666666667</xmin>
			<ymin>95.16666666666667</ymin>
			<xmax>571.6666666666667</xmax>
			<ymax>217.66666666666669</ymax>
		</bndbox>
	</object>
	<object>
		<name>Heat Stress</name>
		<pose>Unspecified</pose>
		<truncated>1</truncated>
		<difficult>0</difficult>
		<bndbox>
			<xmin>505.0</xmin>
			<ymin>150.16666666666669</ymin>
			<xmax>665.0</xmax>
			<ymax>253.5</ymax>
		</bndbox>
	</object>
	<object>
		<name>Heat Stress</name>
		<pose>Unspecified</pose>
		<truncated>1</truncated>
		<difficult>0</difficult>
		<bndbox>
			<xmin>586.6666666666667</xmin>
			<ymin>237.66666666666669</ymin>
			<xmax>665.0</xmax>
			<ymax>362.6666666666667</ymax>
		</bndbox>
	</object>
	<object>
		<name>Heat Stress</name>
		<pose>Unspecified</pose>
		<truncated>1</truncated>
		<difficult>0</difficult>
		<bndbox>
			<xmin>735.0</xmin>
			<ymin>212.66666666666669</ymin>
			<xmax>828.3333333333334</xmax>
			<ymax>356.0</ymax>
		</bndbox>
	</object>
	<object>
		<name>Heat Stress</name>
		<pose>Unspecified</pose>
		<truncated>1</truncated>
		<difficult>0</difficult>
		<bndbox>
			<xmin>727.5</xmin>
			<ymin>77.66666666666667</ymin>
			<xmax>817.5</xmax>
			<ymax>249.33333333333337</ymax>
		</bndbox>
	</object>
	<object>
		<name>Others</name>
		<pose>Unspecified</pose>
		<truncated>1</truncated>
		<difficult>0</difficult>
		<bndbox>
			<xmin>843.3333333333334</xmin>
			<ymin>147.66666666666669</ymin>
			<xmax>955.0</xmax>
			<ymax>243.5</ymax>
		</bndbox>
	</object>
	<object>
		<name>Others</name>
		<pose>Unspecified</pose>
		<truncated>1</truncated>
		<difficult>0</difficult>
		<bndbox>
			<xmin>652.5</xmin>
			<ymin>2.666666666666668</ymin>
			<xmax>783.3333333333334</xmax>
			<ymax>77.66666666666667</ymax>
		</bndbox>
	</object>
	<object>
		<name>Others</name>
		<pose>Unspecified</pose>
		<truncated>1</truncated>
		<difficult>0</difficult>
		<bndbox>
			<xmin>147.5</xmin>
			<ymin>403.5</ymin>
			<xmax>273.33333333333337</xmax>
			<ymax>511.83333333333337</ymax>
		</bndbox>
	</object>
	<object>
		<name>Heat Stress</name>
		<pose>Unspecified</pose>
		<truncated>1</truncated>
		<difficult>0</difficult>
		<bndbox>
			<xmin>225.83333333333334</xmin>
			<ymin>581.0</ymin>
			<xmax>358.33333333333337</xmax>
			<ymax>672.6666666666667</ymax>
		</bndbox>
	</object>
	<object>
		<name>Others</name>
		<pose>Unspecified</pose>
		<truncated>1</truncated>
		<difficult>0</difficult>
		<bndbox>
			<xmin>608.3333333333334</xmin>
			<ymin>64.33333333333334</ymin>
			<xmax>729.1666666666667</xmax>
			<ymax>205.16666666666669</ymax>
		</bndbox>
	</object>
	<object>
		<name>Drinking</name>
		<pose>Unspecified</pose>
		<truncated>1</truncated>
		<difficult>0</difficult>
		<bndbox>
			<xmin>391.6666666666667</xmin>
			<ymin>10.166666666666668</ymin>
			<xmax>493.33333333333337</xmax>
			<ymax>172.66666666666669</ymax>
		</bndbox>
	</object>
	<object>
		<name>Others</name>
		<pose>Unspecified</pose>
		<truncated>1</truncated>
		<difficult>0</difficult>
		<bndbox>
			<xmin>285.83333333333337</xmin>
			<ymin>3.5</ymin>
			<xmax>381.6666666666667</xmax>
			<ymax>44.333333333333336</ymax>
		</bndbox>
	</object>
	<object>
		<name>Others</name>
		<pose>Unspecified</pose>
		<truncated>1</truncated>
		<difficult>0</difficult>
		<bndbox>
			<xmin>148.33333333333334</xmin>
			<ymin>211.83333333333334</ymin>
			<xmax>220.83333333333334</xmax>
			<ymax>372.6666666666667</ymax>
		</bndbox>
	</object>
	<object>
		<name>Heat Stress</name>
		<pose>Unspecified</pose>
		<truncated>1</truncated>
		<difficult>0</difficult>
		<bndbox>
			<xmin>111.66666666666667</xmin>
			<ymin>141.0</ymin>
			<xmax>195.0</xmax>
			<ymax>246.83333333333337</ymax>
		</bndbox>
	</object>
	<object>
		<name>Heat Stress</name>
		<pose>Unspecified</pose>
		<truncated>1</truncated>
		<difficult>0</difficult>
		<bndbox>
			<xmin>115.83333333333334</xmin>
			<ymin>76.83333333333334</ymin>
			<xmax>185.0</xmax>
			<ymax>193.5</ymax>
		</bndbox>
	</object>
	<object>
		<name>Others</name>
		<pose>Unspecified</pose>
		<truncated>1</truncated>
		<difficult>0</difficult>
		<bndbox>
			<xmin>180.83333333333334</xmin>
			<ymin>41.0</ymin>
			<xmax>295.83333333333337</xmax>
			<ymax>116.83333333333334</ymax>
		</bndbox>
	</object>
</annotation>