<annotation>
	<folder>UAV_data</folder>
	<filename>:\ssss\zuizhong\201907261520017930.975.8.jpg</filename>
	<source>
		<database>The UAV autolanding</database>
		<annotation>UAV AutoLanding</annotation>
		<image>flickr</image>
		<flickrid>NULL</flickrid>
	</source>
	<owner>
		<flickrid>NULL</flickrid>
		<name>ChaojieZhu</name>
	</owner>
	<size>
		<width>1280</width>
		<height>720</height>
		<depth>3</depth>
	</size>
		<segmented>0</segmented>
	<object>
		<name>Heat Stress</name>
		<pose>Unspecified</pose>
		<truncated>1</truncated>
		<difficult>0</difficult>
		<bndbox>
			<xmin>842.5</xmin>
			<ymin>555.1666666666667</ymin>
			<xmax>910.0</xmax>
			<ymax>672.6666666666667</ymax>
		</bndbox>
	</object>
	<object>
		<name>Heat Stress</name>
		<pose>Unspecified</pose>
		<truncated>1</truncated>
		<difficult>0</difficult>
		<bndbox>
			<xmin>618.3333333333334</xmin>
			<ymin>580.1666666666667</ymin>
			<xmax>711.6666666666667</xmax>
			<ymax>697.6666666666667</ymax>
		</bndbox>
	</object>
	<object>
		<name>Others</name>
		<pose>Unspecified</pose>
		<truncated>1</truncated>
		<difficult>0</difficult>
		<bndbox>
			<xmin>699.1666666666667</xmin>
			<ymin>386.0</ymin>
			<xmax>833.3333333333334</xmax>
			<ymax>481.0</ymax>
		</bndbox>
	</object>
	<object>
		<name>Heat Stress</name>
		<pose>Unspecified</pose>
		<truncated>1</truncated>
		<difficult>0</difficult>
		<bndbox>
			<xmin>846.6666666666667</xmin>
			<ymin>391.83333333333337</ymin>
			<xmax>924.1666666666667</xmax>
			<ymax>531.0</ymax>
		</bndbox>
	</object>
	<object>
		<name>Heat Stress</name>
		<pose>Unspecified</pose>
		<truncated>1</truncated>
		<difficult>0</difficult>
		<bndbox>
			<xmin>490.83333333333337</xmin>
			<ymin>426.83333333333337</ymin>
			<xmax>640.8333333333334</xmax>
			<ymax>561.8333333333334</ymax>
		</bndbox>
	</object>
	<object>
		<name>Others</name>
		<pose>Unspecified</pose>
		<truncated>1</truncated>
		<difficult>0</difficult>
		<bndbox>
			<xmin>594.1666666666667</xmin>
			<ymin>309.33333333333337</ymin>
			<xmax>734.1666666666667</xmax>
			<ymax>455.1666666666667</ymax>
		</bndbox>
	</object>
	<object>
		<name>Heat Stress</name>
		<pose>Unspecified</pose>
		<truncated>1</truncated>
		<difficult>0</difficult>
		<bndbox>
			<xmin>545.0</xmin>
			<ymin>224.33333333333334</ymin>
			<xmax>639.1666666666667</xmax>
			<ymax>334.33333333333337</ymax>
		</bndbox>
	</object>
	<object>
		<name>Others</name>
		<pose>Unspecified</pose>
		<truncated>1</truncated>
		<difficult>0</difficult>
		<bndbox>
			<xmin>505.0</xmin>
			<ymin>149.33333333333334</ymin>
			<xmax>649.1666666666667</xmax>
			<ymax>260.1666666666667</ymax>
		</bndbox>
	</object>
	<object>
		<name>Others</name>
		<pose>Unspecified</pose>
		<truncated>1</truncated>
		<difficult>0</difficult>
		<bndbox>
			<xmin>719.1666666666667</xmin>
			<ymin>119.33333333333334</ymin>
			<xmax>817.5</xmax>
			<ymax>245.16666666666669</ymax>
		</bndbox>
	</object>
	<object>
		<name>Others</name>
		<pose>Unspecified</pose>
		<truncated>1</truncated>
		<difficult>0</difficult>
		<bndbox>
			<xmin>844.1666666666667</xmin>
			<ymin>147.66666666666669</ymin>
			<xmax>970.8333333333334</xmax>
			<ymax>247.66666666666669</ymax>
		</bndbox>
	</object>
	<object>
		<name>Drinking</name>
		<pose>Unspecified</pose>
		<truncated>1</truncated>
		<difficult>0</difficult>
		<bndbox>
			<xmin>673.3333333333334</xmin>
			<ymin>6.0</ymin>
			<xmax>816.6666666666667</xmax>
			<ymax>60.16666666666667</ymax>
		</bndbox>
	</object>
	<object>
		<name>Others</name>
		<pose>Unspecified</pose>
		<truncated>1</truncated>
		<difficult>0</difficult>
		<bndbox>
			<xmin>436.6666666666667</xmin>
			<ymin>110.16666666666669</ymin>
			<xmax>565.0</xmax>
			<ymax>185.16666666666669</ymax>
		</bndbox>
	</object>
	<object>
		<name>Drinking</name>
		<pose>Unspecified</pose>
		<truncated>1</truncated>
		<difficult>0</difficult>
		<bndbox>
			<xmin>375.0</xmin>
			<ymin>73.5</ymin>
			<xmax>480.0</xmax>
			<ymax>182.66666666666669</ymax>
		</bndbox>
	</object>
	<object>
		<name>Others</name>
		<pose>Unspecified</pose>
		<truncated>1</truncated>
		<difficult>0</difficult>
		<bndbox>
			<xmin>402.5</xmin>
			<ymin>21.833333333333336</ymin>
			<xmax>537.5</xmax>
			<ymax>81.83333333333334</ymax>
		</bndbox>
	</object>
	<object>
		<name>Others</name>
		<pose>Unspecified</pose>
		<truncated>1</truncated>
		<difficult>0</difficult>
		<bndbox>
			<xmin>282.5</xmin>
			<ymin>4.333333333333336</ymin>
			<xmax>335.83333333333337</xmax>
			<ymax>108.5</ymax>
		</bndbox>
	</object>
	<object>
		<name>Others</name>
		<pose>Unspecified</pose>
		<truncated>1</truncated>
		<difficult>0</difficult>
		<bndbox>
			<xmin>251.66666666666669</xmin>
			<ymin>86.83333333333334</ymin>
			<xmax>385.0</xmax>
			<ymax>160.16666666666669</ymax>
		</bndbox>
	</object>
	<object>
		<name>Heat Stress</name>
		<pose>Unspecified</pose>
		<truncated>1</truncated>
		<difficult>0</difficult>
		<bndbox>
			<xmin>249.16666666666669</xmin>
			<ymin>171.0</ymin>
			<xmax>320.0</xmax>
			<ymax>290.1666666666667</ymax>
		</bndbox>
	</object>
	<object>
		<name>Others</name>
		<pose>Unspecified</pose>
		<truncated>1</truncated>
		<difficult>0</difficult>
		<bndbox>
			<xmin>284.1666666666667</xmin>
			<ymin>253.5</ymin>
			<xmax>376.6666666666667</xmax>
			<ymax>361.0</ymax>
		</bndbox>
	</object>
	<object>
		<name>Heat Stress</name>
		<pose>Unspecified</pose>
		<truncated>1</truncated>
		<difficult>0</difficult>
		<bndbox>
			<xmin>321.6666666666667</xmin>
			<ymin>247.66666666666669</ymin>
			<xmax>500.0</xmax>
			<ymax>333.5</ymax>
		</bndbox>
	</object>
	<object>
		<name>Heat Stress</name>
		<pose>Unspecified</pose>
		<truncated>1</truncated>
		<difficult>0</difficult>
		<bndbox>
			<xmin>351.6666666666667</xmin>
			<ymin>328.5</ymin>
			<xmax>500.0</xmax>
			<ymax>409.33333333333337</ymax>
		</bndbox>
	</object>
	<object>
		<name>Others</name>
		<pose>Unspecified</pose>
		<truncated>1</truncated>
		<difficult>0</difficult>
		<bndbox>
			<xmin>210.83333333333334</xmin>
			<ymin>291.83333333333337</ymin>
			<xmax>302.5</xmax>
			<ymax>430.1666666666667</ymax>
		</bndbox>
	</object>
	<object>
		<name>Others</name>
		<pose>Unspecified</pose>
		<truncated>1</truncated>
		<difficult>0</difficult>
		<bndbox>
			<xmin>139.16666666666669</xmin>
			<ymin>393.5</ymin>
			<xmax>257.5</xmax>
			<ymax>525.1666666666667</ymax>
		</bndbox>
	</object>
	<object>
		<name>Heat Stress</name>
		<pose>Unspecified</pose>
		<truncated>1</truncated>
		<difficult>0</difficult>
		<bndbox>
			<xmin>215.0</xmin>
			<ymin>586.8333333333334</ymin>
			<xmax>355.0</xmax>
			<ymax>669.3333333333334</ymax>
		</bndbox>
	</object>
	<object>
		<name>Heat Stress</name>
		<pose>Unspecified</pose>
		<truncated>1</truncated>
		<difficult>0</difficult>
		<bndbox>
			<xmin>105.83333333333334</xmin>
			<ymin>210.16666666666669</ymin>
			<xmax>179.16666666666669</xmax>
			<ymax>289.33333333333337</ymax>
		</bndbox>
	</object>
	<object>
		<name>Heat Stress</name>
		<pose>Unspecified</pose>
		<truncated>1</truncated>
		<difficult>0</difficult>
		<bndbox>
			<xmin>162.5</xmin>
			<ymin>247.66666666666669</ymin>
			<xmax>264.1666666666667</xmax>
			<ymax>326.0</ymax>
		</bndbox>
	</object>
	<object>
		<name>Heat Stress</name>
		<pose>Unspecified</pose>
		<truncated>1</truncated>
		<difficult>0</difficult>
		<bndbox>
			<xmin>120.83333333333334</xmin>
			<ymin>74.33333333333334</ymin>
			<xmax>180.0</xmax>
			<ymax>182.66666666666669</ymax>
		</bndbox>
	</object>
	<object>
		<name>Heat Stress</name>
		<pose>Unspecified</pose>
		<truncated>1</truncated>
		<difficult>0</difficult>
		<bndbox>
			<xmin>118.23170731707317</xmin>
			<ymin>124.3130081300813</ymin>
			<xmax>183.739837398374</xmax>
			<ymax>216.34146341463415</ymax>
		</bndbox>
	</object>
	<object>
		<name>Others</name>
		<pose>Unspecified</pose>
		<truncated>1</truncated>
		<difficult>0</difficult>
		<bndbox>
			<xmin>157.5</xmin>
			<ymin>16.0</ymin>
			<xmax>286.6666666666667</xmax>
			<ymax>114.33333333333334</ymax>
		</bndbox>
	</object>
	<object>
		<name>Drinking</name>
		<pose>Unspecified</pose>
		<truncated>1</truncated>
		<difficult>0</difficult>
		<bndbox>
			<xmin>330.0</xmin>
			<ymin>102.66666666666667</ymin>
			<xmax>410.0</xmax>
			<ymax>259.33333333333337</ymax>
		</bndbox>
	</object>
	<object>
		<name>Drinking</name>
		<pose>Unspecified</pose>
		<truncated>1</truncated>
		<difficult>0</difficult>
		<bndbox>
			<xmin>594.1666666666667</xmin>
			<ymin>76.83333333333334</ymin>
			<xmax>721.6666666666667</xmax>
			<ymax>201.0</ymax>
		</bndbox>
	</object>
</annotation>