<annotation>
	<folder>UAV_data</folder>
	<filename>:\ssss\zuizhong\201907261520010931.175.7.jpg</filename>
	<source>
		<database>The UAV autolanding</database>
		<annotation>UAV AutoLanding</annotation>
		<image>flickr</image>
		<flickrid>NULL</flickrid>
	</source>
	<owner>
		<flickrid>NULL</flickrid>
		<name>ChaojieZhu</name>
	</owner>
	<size>
		<width>1280</width>
		<height>720</height>
		<depth>3</depth>
	</size>
		<segmented>0</segmented>
	<object>
		<name>Heat Stress</name>
		<pose>Unspecified</pose>
		<truncated>1</truncated>
		<difficult>0</difficult>
		<bndbox>
			<xmin>843.3333333333334</xmin>
			<ymin>558.5</ymin>
			<xmax>910.8333333333334</xmax>
			<ymax>670.1666666666667</ymax>
		</bndbox>
	</object>
	<object>
		<name>Others</name>
		<pose>Unspecified</pose>
		<truncated>1</truncated>
		<difficult>0</difficult>
		<bndbox>
			<xmin>755.8333333333334</xmin>
			<ymin>358.5</ymin>
			<xmax>876.6666666666667</xmax>
			<ymax>482.6666666666667</ymax>
		</bndbox>
	</object>
	<object>
		<name>Heat Stress</name>
		<pose>Unspecified</pose>
		<truncated>1</truncated>
		<difficult>0</difficult>
		<bndbox>
			<xmin>831.6666666666667</xmin>
			<ymin>307.6666666666667</ymin>
			<xmax>913.3333333333334</xmax>
			<ymax>456.83333333333337</ymax>
		</bndbox>
	</object>
	<object>
		<name>Others</name>
		<pose>Unspecified</pose>
		<truncated>1</truncated>
		<difficult>0</difficult>
		<bndbox>
			<xmin>666.6666666666667</xmin>
			<ymin>402.60569105691053</ymin>
			<xmax>756.6666666666667</xmax>
			<ymax>545.1056910569106</ymax>
		</bndbox>
	</object>
	<object>
		<name>Others</name>
		<pose>Unspecified</pose>
		<truncated>1</truncated>
		<difficult>0</difficult>
		<bndbox>
			<xmin>615.8333333333334</xmin>
			<ymin>271.0</ymin>
			<xmax>700.0</xmax>
			<ymax>406.0</ymax>
		</bndbox>
	</object>
	<object>
		<name>Heat Stress</name>
		<pose>Unspecified</pose>
		<truncated>1</truncated>
		<difficult>0</difficult>
		<bndbox>
			<xmin>675.8333333333334</xmin>
			<ymin>256.0</ymin>
			<xmax>835.8333333333334</xmax>
			<ymax>344.33333333333337</ymax>
		</bndbox>
	</object>
	<object>
		<name>Others</name>
		<pose>Unspecified</pose>
		<truncated>1</truncated>
		<difficult>0</difficult>
		<bndbox>
			<xmin>849.1666666666667</xmin>
			<ymin>114.33333333333334</ymin>
			<xmax>956.6666666666667</xmax>
			<ymax>244.33333333333337</ymax>
		</bndbox>
	</object>
	<object>
		<name>Others</name>
		<pose>Unspecified</pose>
		<truncated>1</truncated>
		<difficult>0</difficult>
		<bndbox>
			<xmin>855.0</xmin>
			<ymin>5.166666666666668</ymin>
			<xmax>927.5</xmax>
			<ymax>145.16666666666669</ymax>
		</bndbox>
	</object>
	<object>
		<name>Heat Stress</name>
		<pose>Unspecified</pose>
		<truncated>1</truncated>
		<difficult>0</difficult>
		<bndbox>
			<xmin>677.5</xmin>
			<ymin>116.0</ymin>
			<xmax>819.1666666666667</xmax>
			<ymax>260.1666666666667</ymax>
		</bndbox>
	</object>
	<object>
		<name>Heat Stress</name>
		<pose>Unspecified</pose>
		<truncated>1</truncated>
		<difficult>0</difficult>
		<bndbox>
			<xmin>620.0</xmin>
			<ymin>99.33333333333334</ymin>
			<xmax>749.1666666666667</xmax>
			<ymax>221.83333333333334</ymax>
		</bndbox>
	</object>
	<object>
		<name>Others</name>
		<pose>Unspecified</pose>
		<truncated>1</truncated>
		<difficult>0</difficult>
		<bndbox>
			<xmin>697.1138211382115</xmin>
			<ymin>24.943089430894318</ymin>
			<xmax>819.5121951219512</xmax>
			<ymax>83.07317073170732</ymax>
		</bndbox>
	</object>
	<object>
		<name>Heat Stress</name>
		<pose>Unspecified</pose>
		<truncated>1</truncated>
		<difficult>0</difficult>
		<bndbox>
			<xmin>512.5</xmin>
			<ymin>252.66666666666669</ymin>
			<xmax>623.3333333333334</xmax>
			<ymax>338.5</ymax>
		</bndbox>
	</object>
	<object>
		<name>Others</name>
		<pose>Unspecified</pose>
		<truncated>1</truncated>
		<difficult>0</difficult>
		<bndbox>
			<xmin>540.0</xmin>
			<ymin>96.83333333333334</ymin>
			<xmax>620.0</xmax>
			<ymax>271.83333333333337</ymax>
		</bndbox>
	</object>
	<object>
		<name>Heat Stress</name>
		<pose>Unspecified</pose>
		<truncated>1</truncated>
		<difficult>0</difficult>
		<bndbox>
			<xmin>410.0</xmin>
			<ymin>169.33333333333334</ymin>
			<xmax>530.0</xmax>
			<ymax>307.6666666666667</ymax>
		</bndbox>
	</object>
	<object>
		<name>Others</name>
		<pose>Unspecified</pose>
		<truncated>1</truncated>
		<difficult>0</difficult>
		<bndbox>
			<xmin>334.1666666666667</xmin>
			<ymin>238.5</ymin>
			<xmax>492.5</xmax>
			<ymax>341.0</ymax>
		</bndbox>
	</object>
	<object>
		<name>Heat Stress</name>
		<pose>Unspecified</pose>
		<truncated>1</truncated>
		<difficult>0</difficult>
		<bndbox>
			<xmin>341.6666666666667</xmin>
			<ymin>326.83333333333337</ymin>
			<xmax>502.5</xmax>
			<ymax>406.83333333333337</ymax>
		</bndbox>
	</object>
	<object>
		<name>Others</name>
		<pose>Unspecified</pose>
		<truncated>1</truncated>
		<difficult>0</difficult>
		<bndbox>
			<xmin>278.33333333333337</xmin>
			<ymin>358.5</ymin>
			<xmax>425.0</xmax>
			<ymax>488.5</ymax>
		</bndbox>
	</object>
	<object>
		<name>Others</name>
		<pose>Unspecified</pose>
		<truncated>1</truncated>
		<difficult>0</difficult>
		<bndbox>
			<xmin>277.5</xmin>
			<ymin>560.1666666666667</ymin>
			<xmax>399.1666666666667</xmax>
			<ymax>692.6666666666667</ymax>
		</bndbox>
	</object>
	<object>
		<name>Others</name>
		<pose>Unspecified</pose>
		<truncated>1</truncated>
		<difficult>0</difficult>
		<bndbox>
			<xmin>108.33333333333334</xmin>
			<ymin>338.5</ymin>
			<xmax>168.33333333333334</xmax>
			<ymax>492.6666666666667</ymax>
		</bndbox>
	</object>
	<object>
		<name>Others</name>
		<pose>Unspecified</pose>
		<truncated>1</truncated>
		<difficult>0</difficult>
		<bndbox>
			<xmin>122.5</xmin>
			<ymin>546.8333333333334</ymin>
			<xmax>194.16666666666669</xmax>
			<ymax>671.8333333333334</ymax>
		</bndbox>
	</object>
	<object>
		<name>Others</name>
		<pose>Unspecified</pose>
		<truncated>1</truncated>
		<difficult>0</difficult>
		<bndbox>
			<xmin>283.33333333333337</xmin>
			<ymin>232.66666666666669</ymin>
			<xmax>375.83333333333337</xmax>
			<ymax>344.33333333333337</ymax>
		</bndbox>
	</object>
	<object>
		<name>Others</name>
		<pose>Unspecified</pose>
		<truncated>1</truncated>
		<difficult>0</difficult>
		<bndbox>
			<xmin>354.1666666666667</xmin>
			<ymin>76.0</ymin>
			<xmax>460.0</xmax>
			<ymax>196.0</ymax>
		</bndbox>
	</object>
	<object>
		<name>Others</name>
		<pose>Unspecified</pose>
		<truncated>1</truncated>
		<difficult>0</difficult>
		<bndbox>
			<xmin>375.0</xmin>
			<ymin>9.333333333333336</ymin>
			<xmax>529.1666666666667</xmax>
			<ymax>81.0</ymax>
		</bndbox>
	</object>
	<object>
		<name>Others</name>
		<pose>Unspecified</pose>
		<truncated>1</truncated>
		<difficult>0</difficult>
		<bndbox>
			<xmin>290.0</xmin>
			<ymin>2.666666666666668</ymin>
			<xmax>337.5</xmax>
			<ymax>131.83333333333334</ymax>
		</bndbox>
	</object>
	<object>
		<name>Heat Stress</name>
		<pose>Unspecified</pose>
		<truncated>1</truncated>
		<difficult>0</difficult>
		<bndbox>
			<xmin>245.83333333333334</xmin>
			<ymin>73.5</ymin>
			<xmax>310.0</xmax>
			<ymax>177.66666666666669</ymax>
		</bndbox>
	</object>
	<object>
		<name>Heat Stress</name>
		<pose>Unspecified</pose>
		<truncated>1</truncated>
		<difficult>0</difficult>
		<bndbox>
			<xmin>200.0</xmin>
			<ymin>171.83333333333334</ymin>
			<xmax>290.83333333333337</xmax>
			<ymax>277.6666666666667</ymax>
		</bndbox>
	</object>
	<object>
		<name>Heat Stress</name>
		<pose>Unspecified</pose>
		<truncated>1</truncated>
		<difficult>0</difficult>
		<bndbox>
			<xmin>175.0</xmin>
			<ymin>265.1666666666667</ymin>
			<xmax>287.5</xmax>
			<ymax>334.33333333333337</ymax>
		</bndbox>
	</object>
	<object>
		<name>Others</name>
		<pose>Unspecified</pose>
		<truncated>1</truncated>
		<difficult>0</difficult>
		<bndbox>
			<xmin>55.833333333333336</xmin>
			<ymin>221.83333333333334</ymin>
			<xmax>193.33333333333334</xmax>
			<ymax>286.0</ymax>
		</bndbox>
	</object>
	<object>
		<name>Heat Stress</name>
		<pose>Unspecified</pose>
		<truncated>1</truncated>
		<difficult>0</difficult>
		<bndbox>
			<xmin>115.83333333333334</xmin>
			<ymin>68.5</ymin>
			<xmax>181.66666666666669</xmax>
			<ymax>185.16666666666669</ymax>
		</bndbox>
	</object>
	<object>
		<name>Heat Stress</name>
		<pose>Unspecified</pose>
		<truncated>1</truncated>
		<difficult>0</difficult>
		<bndbox>
			<xmin>112.5</xmin>
			<ymin>125.16666666666669</ymin>
			<xmax>185.83333333333334</xmax>
			<ymax>222.66666666666669</ymax>
		</bndbox>
	</object>
	<object>
		<name>Others</name>
		<pose>Unspecified</pose>
		<truncated>1</truncated>
		<difficult>0</difficult>
		<bndbox>
			<xmin>165.0</xmin>
			<ymin>11.833333333333336</ymin>
			<xmax>280.0</xmax>
			<ymax>119.33333333333334</ymax>
		</bndbox>
	</object>
</annotation>