<annotation>
	<folder>UAV_data</folder>
	<filename>:\ssss\zuizhong\201907261520022630.975.8.jpg</filename>
	<source>
		<database>The UAV autolanding</database>
		<annotation>UAV AutoLanding</annotation>
		<image>flickr</image>
		<flickrid>NULL</flickrid>
	</source>
	<owner>
		<flickrid>NULL</flickrid>
		<name>ChaojieZhu</name>
	</owner>
	<size>
		<width>1280</width>
		<height>720</height>
		<depth>3</depth>
	</size>
		<segmented>0</segmented>
	<object>
		<name>Heat Stress</name>
		<pose>Unspecified</pose>
		<truncated>1</truncated>
		<difficult>0</difficult>
		<bndbox>
			<xmin>842.5</xmin>
			<ymin>554.3333333333334</ymin>
			<xmax>916.6666666666667</xmax>
			<ymax>665.1666666666667</ymax>
		</bndbox>
	</object>
	<object>
		<name>Heat Stress</name>
		<pose>Unspecified</pose>
		<truncated>1</truncated>
		<difficult>0</difficult>
		<bndbox>
			<xmin>705.8333333333334</xmin>
			<ymin>386.0</ymin>
			<xmax>831.6666666666667</xmax>
			<ymax>483.5</ymax>
		</bndbox>
	</object>
	<object>
		<name>Heat Stress</name>
		<pose>Unspecified</pose>
		<truncated>1</truncated>
		<difficult>0</difficult>
		<bndbox>
			<xmin>880.8333333333334</xmin>
			<ymin>416.0</ymin>
			<xmax>942.5</xmax>
			<ymax>557.6666666666667</ymax>
		</bndbox>
	</object>
	<object>
		<name>Others</name>
		<pose>Unspecified</pose>
		<truncated>1</truncated>
		<difficult>0</difficult>
		<bndbox>
			<xmin>445.0</xmin>
			<ymin>516.0</ymin>
			<xmax>589.1666666666667</xmax>
			<ymax>613.5</ymax>
		</bndbox>
	</object>
	<object>
		<name>Heat Stress</name>
		<pose>Unspecified</pose>
		<truncated>1</truncated>
		<difficult>0</difficult>
		<bndbox>
			<xmin>415.83333333333337</xmin>
			<ymin>413.5</ymin>
			<xmax>542.5</xmax>
			<ymax>506.0</ymax>
		</bndbox>
	</object>
	<object>
		<name>Others</name>
		<pose>Unspecified</pose>
		<truncated>1</truncated>
		<difficult>0</difficult>
		<bndbox>
			<xmin>545.0</xmin>
			<ymin>636.8333333333334</ymin>
			<xmax>669.0</xmax>
			<ymax>719.0</ymax>
		</bndbox>
	</object>
	<object>
		<name>Eating</name>
		<pose>Unspecified</pose>
		<truncated>1</truncated>
		<difficult>0</difficult>
		<bndbox>
			<xmin>177.5</xmin>
			<ymin>433.5</ymin>
			<xmax>347.9674796747968</xmax>
			<ymax>563.4959349593496</ymax>
		</bndbox>
	</object>
	<object>
		<name>Heat Stress</name>
		<pose>Unspecified</pose>
		<truncated>1</truncated>
		<difficult>0</difficult>
		<bndbox>
			<xmin>170.83333333333334</xmin>
			<ymin>418.5</ymin>
			<xmax>240.83333333333334</xmax>
			<ymax>557.6666666666667</ymax>
		</bndbox>
	</object>
	<object>
		<name>Heat Stress</name>
		<pose>Unspecified</pose>
		<truncated>1</truncated>
		<difficult>0</difficult>
		<bndbox>
			<xmin>210.0</xmin>
			<ymin>582.6666666666667</ymin>
			<xmax>357.5</xmax>
			<ymax>668.5</ymax>
		</bndbox>
	</object>
	<object>
		<name>Others</name>
		<pose>Unspecified</pose>
		<truncated>1</truncated>
		<difficult>0</difficult>
		<bndbox>
			<xmin>509.1666666666667</xmin>
			<ymin>331.83333333333337</ymin>
			<xmax>650.8333333333334</xmax>
			<ymax>434.33333333333337</ymax>
		</bndbox>
	</object>
	<object>
		<name>Others</name>
		<pose>Unspecified</pose>
		<truncated>1</truncated>
		<difficult>0</difficult>
		<bndbox>
			<xmin>723.3333333333334</xmin>
			<ymin>255.16666666666669</ymin>
			<xmax>832.5</xmax>
			<ymax>379.33333333333337</ymax>
		</bndbox>
	</object>
	<object>
		<name>Others</name>
		<pose>Unspecified</pose>
		<truncated>1</truncated>
		<difficult>0</difficult>
		<bndbox>
			<xmin>441.6666666666667</xmin>
			<ymin>250.16666666666669</ymin>
			<xmax>522.5</xmax>
			<ymax>381.83333333333337</ymax>
		</bndbox>
	</object>
	<object>
		<name>Others</name>
		<pose>Unspecified</pose>
		<truncated>1</truncated>
		<difficult>0</difficult>
		<bndbox>
			<xmin>376.6666666666667</xmin>
			<ymin>271.0</ymin>
			<xmax>464.1666666666667</xmax>
			<ymax>426.0</ymax>
		</bndbox>
	</object>
	<object>
		<name>Others</name>
		<pose>Unspecified</pose>
		<truncated>1</truncated>
		<difficult>0</difficult>
		<bndbox>
			<xmin>255.0</xmin>
			<ymin>248.5</ymin>
			<xmax>331.6666666666667</xmax>
			<ymax>371.83333333333337</ymax>
		</bndbox>
	</object>
	<object>
		<name>Heat Stress</name>
		<pose>Unspecified</pose>
		<truncated>1</truncated>
		<difficult>0</difficult>
		<bndbox>
			<xmin>255.0</xmin>
			<ymin>144.33333333333334</ymin>
			<xmax>318.33333333333337</xmax>
			<ymax>284.33333333333337</ymax>
		</bndbox>
	</object>
	<object>
		<name>Others</name>
		<pose>Unspecified</pose>
		<truncated>1</truncated>
		<difficult>0</difficult>
		<bndbox>
			<xmin>329.1666666666667</xmin>
			<ymin>106.83333333333334</ymin>
			<xmax>411.6666666666667</xmax>
			<ymax>249.33333333333337</ymax>
		</bndbox>
	</object>
	<object>
		<name>Heat Stress</name>
		<pose>Unspecified</pose>
		<truncated>1</truncated>
		<difficult>0</difficult>
		<bndbox>
			<xmin>254.16666666666669</xmin>
			<ymin>92.66666666666667</ymin>
			<xmax>325.0</xmax>
			<ymax>216.83333333333334</ymax>
		</bndbox>
	</object>
	<object>
		<name>Others</name>
		<pose>Unspecified</pose>
		<truncated>1</truncated>
		<difficult>0</difficult>
		<bndbox>
			<xmin>171.66666666666669</xmin>
			<ymin>46.0</ymin>
			<xmax>295.0</xmax>
			<ymax>116.0</ymax>
		</bndbox>
	</object>
	<object>
		<name>Heat Stress</name>
		<pose>Unspecified</pose>
		<truncated>1</truncated>
		<difficult>0</difficult>
		<bndbox>
			<xmin>249.9186991869919</xmin>
			<ymin>12.666666666666668</ymin>
			<xmax>354.4715447154472</xmax>
			<ymax>76.5040650406504</ymax>
		</bndbox>
	</object>
	<object>
		<name>Heat Stress</name>
		<pose>Unspecified</pose>
		<truncated>1</truncated>
		<difficult>0</difficult>
		<bndbox>
			<xmin>459.1666666666667</xmin>
			<ymin>156.0</ymin>
			<xmax>577.5</xmax>
			<ymax>227.66666666666669</ymax>
		</bndbox>
	</object>
	<object>
		<name>Eating</name>
		<pose>Unspecified</pose>
		<truncated>1</truncated>
		<difficult>0</difficult>
		<bndbox>
			<xmin>395.83333333333337</xmin>
			<ymin>11.0</ymin>
			<xmax>460.0</xmax>
			<ymax>167.66666666666669</ymax>
		</bndbox>
	</object>
	<object>
		<name>Others</name>
		<pose>Unspecified</pose>
		<truncated>1</truncated>
		<difficult>0</difficult>
		<bndbox>
			<xmin>491.6666666666667</xmin>
			<ymin>31.833333333333336</ymin>
			<xmax>591.6666666666667</xmax>
			<ymax>152.66666666666669</ymax>
		</bndbox>
	</object>
	<object>
		<name>Others</name>
		<pose>Unspecified</pose>
		<truncated>1</truncated>
		<difficult>0</difficult>
		<bndbox>
			<xmin>613.3333333333334</xmin>
			<ymin>66.0</ymin>
			<xmax>719.1666666666667</xmax>
			<ymax>205.16666666666669</ymax>
		</bndbox>
	</object>
	<object>
		<name>Heat Stress</name>
		<pose>Unspecified</pose>
		<truncated>1</truncated>
		<difficult>0</difficult>
		<bndbox>
			<xmin>734.1666666666667</xmin>
			<ymin>81.83333333333334</ymin>
			<xmax>821.6666666666667</xmax>
			<ymax>252.66666666666669</ymax>
		</bndbox>
	</object>
	<object>
		<name>Others</name>
		<pose>Unspecified</pose>
		<truncated>1</truncated>
		<difficult>0</difficult>
		<bndbox>
			<xmin>836.6666666666667</xmin>
			<ymin>142.66666666666669</ymin>
			<xmax>955.8333333333334</xmax>
			<ymax>246.0</ymax>
		</bndbox>
	</object>
	<object>
		<name>Heat Stress</name>
		<pose>Unspecified</pose>
		<truncated>1</truncated>
		<difficult>0</difficult>
		<bndbox>
			<xmin>120.83333333333334</xmin>
			<ymin>75.16666666666667</ymin>
			<xmax>180.83333333333334</xmax>
			<ymax>186.83333333333334</ymax>
		</bndbox>
	</object>
	<object>
		<name>Others</name>
		<pose>Unspecified</pose>
		<truncated>1</truncated>
		<difficult>0</difficult>
		<bndbox>
			<xmin>125.0</xmin>
			<ymin>130.16666666666669</ymin>
			<xmax>197.5</xmax>
			<ymax>246.0</ymax>
		</bndbox>
	</object>
	<object>
		<name>Others</name>
		<pose>Unspecified</pose>
		<truncated>1</truncated>
		<difficult>0</difficult>
		<bndbox>
			<xmin>141.66666666666669</xmin>
			<ymin>181.83333333333334</ymin>
			<xmax>215.0</xmax>
			<ymax>356.0</ymax>
		</bndbox>
	</object>
</annotation>