<annotation>
	<folder>UAV_data</folder>
	<filename>:\ssss\zuizhong\201907261520026630.975.6.jpg</filename>
	<source>
		<database>The UAV autolanding</database>
		<annotation>UAV AutoLanding</annotation>
		<image>flickr</image>
		<flickrid>NULL</flickrid>
	</source>
	<owner>
		<flickrid>NULL</flickrid>
		<name>ChaojieZhu</name>
	</owner>
	<size>
		<width>1280</width>
		<height>720</height>
		<depth>3</depth>
	</size>
		<segmented>0</segmented>
	<object>
		<name>Heat Stress</name>
		<pose>Unspecified</pose>
		<truncated>1</truncated>
		<difficult>0</difficult>
		<bndbox>
			<xmin>847.5</xmin>
			<ymin>549.3333333333334</ymin>
			<xmax>917.5</xmax>
			<ymax>674.3333333333334</ymax>
		</bndbox>
	</object>
	<object>
		<name>Heat Stress</name>
		<pose>Unspecified</pose>
		<truncated>1</truncated>
		<difficult>0</difficult>
		<bndbox>
			<xmin>874.1666666666667</xmin>
			<ymin>476.0</ymin>
			<xmax>946.6666666666667</xmax>
			<ymax>626.8333333333334</ymax>
		</bndbox>
	</object>
	<object>
		<name>Heat Stress</name>
		<pose>Unspecified</pose>
		<truncated>1</truncated>
		<difficult>0</difficult>
		<bndbox>
			<xmin>700.8333333333334</xmin>
			<ymin>402.6666666666667</ymin>
			<xmax>806.6666666666667</xmax>
			<ymax>491.0</ymax>
		</bndbox>
	</object>
	<object>
		<name>Heat Stress</name>
		<pose>Unspecified</pose>
		<truncated>1</truncated>
		<difficult>0</difficult>
		<bndbox>
			<xmin>848.3333333333334</xmin>
			<ymin>312.6666666666667</ymin>
			<xmax>956.6666666666667</xmax>
			<ymax>421.0</ymax>
		</bndbox>
	</object>
	<object>
		<name>Heat Stress</name>
		<pose>Unspecified</pose>
		<truncated>1</truncated>
		<difficult>0</difficult>
		<bndbox>
			<xmin>547.5</xmin>
			<ymin>273.5</ymin>
			<xmax>686.6666666666667</xmax>
			<ymax>424.33333333333337</ymax>
		</bndbox>
	</object>
	<object>
		<name>Eating</name>
		<pose>Unspecified</pose>
		<truncated>1</truncated>
		<difficult>0</difficult>
		<bndbox>
			<xmin>430.0</xmin>
			<ymin>416.0</ymin>
			<xmax>565.0</xmax>
			<ymax>561.8333333333334</ymax>
		</bndbox>
	</object>
	<object>
		<name>Heat Stress</name>
		<pose>Unspecified</pose>
		<truncated>1</truncated>
		<difficult>0</difficult>
		<bndbox>
			<xmin>220.83333333333334</xmin>
			<ymin>581.8333333333334</ymin>
			<xmax>359.1666666666667</xmax>
			<ymax>672.6666666666667</ymax>
		</bndbox>
	</object>
	<object>
		<name>Others</name>
		<pose>Unspecified</pose>
		<truncated>1</truncated>
		<difficult>0</difficult>
		<bndbox>
			<xmin>545.8130081300812</xmin>
			<ymin>641.8333333333334</ymin>
			<xmax>684.8130081300812</xmax>
			<ymax>719.0</ymax>
		</bndbox>
	</object>
	<object>
		<name>Heat Stress</name>
		<pose>Unspecified</pose>
		<truncated>1</truncated>
		<difficult>0</difficult>
		<bndbox>
			<xmin>168.33333333333334</xmin>
			<ymin>423.5</ymin>
			<xmax>236.66666666666669</xmax>
			<ymax>556.8333333333334</ymax>
		</bndbox>
	</object>
	<object>
		<name>Eating</name>
		<pose>Unspecified</pose>
		<truncated>1</truncated>
		<difficult>0</difficult>
		<bndbox>
			<xmin>186.66666666666669</xmin>
			<ymin>444.33333333333337</ymin>
			<xmax>345.0</xmax>
			<ymax>550.1666666666667</ymax>
		</bndbox>
	</object>
	<object>
		<name>Others</name>
		<pose>Unspecified</pose>
		<truncated>1</truncated>
		<difficult>0</difficult>
		<bndbox>
			<xmin>378.33333333333337</xmin>
			<ymin>271.0</ymin>
			<xmax>485.0</xmax>
			<ymax>387.6666666666667</ymax>
		</bndbox>
	</object>
	<object>
		<name>Others</name>
		<pose>Unspecified</pose>
		<truncated>1</truncated>
		<difficult>0</difficult>
		<bndbox>
			<xmin>248.33333333333334</xmin>
			<ymin>239.33333333333337</ymin>
			<xmax>333.33333333333337</xmax>
			<ymax>365.1666666666667</ymax>
		</bndbox>
	</object>
	<object>
		<name>Others</name>
		<pose>Unspecified</pose>
		<truncated>1</truncated>
		<difficult>0</difficult>
		<bndbox>
			<xmin>282.5</xmin>
			<ymin>318.5</ymin>
			<xmax>384.1666666666667</xmax>
			<ymax>420.1666666666667</ymax>
		</bndbox>
	</object>
	<object>
		<name>Others</name>
		<pose>Unspecified</pose>
		<truncated>1</truncated>
		<difficult>0</difficult>
		<bndbox>
			<xmin>243.33333333333334</xmin>
			<ymin>174.33333333333334</ymin>
			<xmax>321.6666666666667</xmax>
			<ymax>278.5</ymax>
		</bndbox>
	</object>
	<object>
		<name>Others</name>
		<pose>Unspecified</pose>
		<truncated>1</truncated>
		<difficult>0</difficult>
		<bndbox>
			<xmin>284.1666666666667</xmin>
			<ymin>109.33333333333334</ymin>
			<xmax>403.33333333333337</xmax>
			<ymax>201.83333333333334</ymax>
		</bndbox>
	</object>
	<object>
		<name>Others</name>
		<pose>Unspecified</pose>
		<truncated>1</truncated>
		<difficult>0</difficult>
		<bndbox>
			<xmin>383.33333333333337</xmin>
			<ymin>135.16666666666669</ymin>
			<xmax>530.8333333333334</xmax>
			<ymax>256.83333333333337</ymax>
		</bndbox>
	</object>
	<object>
		<name>Others</name>
		<pose>Unspecified</pose>
		<truncated>1</truncated>
		<difficult>0</difficult>
		<bndbox>
			<xmin>578.3333333333334</xmin>
			<ymin>145.16666666666669</ymin>
			<xmax>689.1666666666667</xmax>
			<ymax>271.83333333333337</ymax>
		</bndbox>
	</object>
	<object>
		<name>Drinking</name>
		<pose>Unspecified</pose>
		<truncated>1</truncated>
		<difficult>0</difficult>
		<bndbox>
			<xmin>727.5</xmin>
			<ymin>79.33333333333334</ymin>
			<xmax>815.0</xmax>
			<ymax>251.83333333333337</ymax>
		</bndbox>
	</object>
	<object>
		<name>Heat Stress</name>
		<pose>Unspecified</pose>
		<truncated>1</truncated>
		<difficult>0</difficult>
		<bndbox>
			<xmin>810.8333333333334</xmin>
			<ymin>144.33333333333334</ymin>
			<xmax>936.6666666666667</xmax>
			<ymax>245.16666666666669</ymax>
		</bndbox>
	</object>
	<object>
		<name>Heat Stress</name>
		<pose>Unspecified</pose>
		<truncated>1</truncated>
		<difficult>0</difficult>
		<bndbox>
			<xmin>605.8333333333334</xmin>
			<ymin>44.333333333333336</ymin>
			<xmax>715.0</xmax>
			<ymax>204.33333333333334</ymax>
		</bndbox>
	</object>
	<object>
		<name>Others</name>
		<pose>Unspecified</pose>
		<truncated>1</truncated>
		<difficult>0</difficult>
		<bndbox>
			<xmin>545.8333333333334</xmin>
			<ymin>90.16666666666667</ymin>
			<xmax>625.0</xmax>
			<ymax>180.16666666666669</ymax>
		</bndbox>
	</object>
	<object>
		<name>Others</name>
		<pose>Unspecified</pose>
		<truncated>1</truncated>
		<difficult>0</difficult>
		<bndbox>
			<xmin>497.5</xmin>
			<ymin>43.5</ymin>
			<xmax>587.5</xmax>
			<ymax>176.83333333333334</ymax>
		</bndbox>
	</object>
	<object>
		<name>Others</name>
		<pose>Unspecified</pose>
		<truncated>1</truncated>
		<difficult>0</difficult>
		<bndbox>
			<xmin>395.0</xmin>
			<ymin>22.66666666666667</ymin>
			<xmax>464.1666666666667</xmax>
			<ymax>152.66666666666669</ymax>
		</bndbox>
	</object>
	<object>
		<name>Heat Stress</name>
		<pose>Unspecified</pose>
		<truncated>1</truncated>
		<difficult>0</difficult>
		<bndbox>
			<xmin>245.0</xmin>
			<ymin>16.0</ymin>
			<xmax>360.0</xmax>
			<ymax>74.33333333333334</ymax>
		</bndbox>
	</object>
	<object>
		<name>Others</name>
		<pose>Unspecified</pose>
		<truncated>1</truncated>
		<difficult>0</difficult>
		<bndbox>
			<xmin>168.33333333333334</xmin>
			<ymin>41.833333333333336</ymin>
			<xmax>280.0</xmax>
			<ymax>112.66666666666669</ymax>
		</bndbox>
	</object>
	<object>
		<name>Heat Stress</name>
		<pose>Unspecified</pose>
		<truncated>1</truncated>
		<difficult>0</difficult>
		<bndbox>
			<xmin>121.66666666666667</xmin>
			<ymin>78.5</ymin>
			<xmax>176.66666666666669</xmax>
			<ymax>194.33333333333334</ymax>
		</bndbox>
	</object>
	<object>
		<name>Heat Stress</name>
		<pose>Unspecified</pose>
		<truncated>1</truncated>
		<difficult>0</difficult>
		<bndbox>
			<xmin>125.83333333333334</xmin>
			<ymin>129.33333333333334</ymin>
			<xmax>185.0</xmax>
			<ymax>222.66666666666669</ymax>
		</bndbox>
	</object>
	<object>
		<name>Others</name>
		<pose>Unspecified</pose>
		<truncated>1</truncated>
		<difficult>0</difficult>
		<bndbox>
			<xmin>96.66666666666667</xmin>
			<ymin>216.0</ymin>
			<xmax>243.33333333333334</xmax>
			<ymax>301.83333333333337</ymax>
		</bndbox>
	</object>
</annotation>